0,0,0,0,0,0,0,0,0,4063232,4096,4,0,270336,46080,4096,32768,0,1048576,4096,4096,0,1,0.000,1,1,1,1,1,1,0,1,1,1,1,0,0.132,0,1,0.132,0.132,0,-1.000,-1.000,-1.000,2.130,1.529,7.209,189,8,152,62,0,199,69,0,44,1,62,0,255,77,8,198,69,12,5,141,125,20,49,192,180,4,137,193,243,171,191,20,106,63,0,87,190,21,115,62,0,49,201,65,255,77,12,141,156,141,160,0,0,0,255,214,16,201,115,243,255,69,12,145,1,1,2,2.000,-1,1,130,1
1,0,1,0,0,0,0,1,0,3801088,4096,5,1,1196032,116224,4096,558592,0,1048576,4096,4096,0,1,0.000,1,1,1,1,1,1,0,1,1,1,1,0,0.230,0,1,0.230,0.230,0,-1.000,-1.000,-1.000,2.614,2.488,7.732,189,8,62,62,0,199,69,0,44,1,58,0,255,77,8,198,69,12,5,141,125,20,49,192,180,4,137,193,243,171,191,238,118,62,0,87,190,224,170,61,0,49,201,65,255,77,12,141,156,141,160,0,0,0,255,214,16,201,115,243,255,69,12,145,1,1,2,2.000,189,1,91,1
1,0,1,0,0,0,0,1,0,4128768,4096,5,1,188416,38400,4096,24064,0,1048576,4096,4096,0,1,0.000,1,1,1,1,1,1,0,1,1,1,1,0,0.119,0,1,0.119,0.119,0,-1.000,-1.000,-1.000,2.291,1.627,7.889,189,8,100,63,0,199,69,0,44,1,63,0,255,77,8,198,69,12,5,141,125,20,49,192,180,4,137,193,243,171,191,237,133,63,0,87,190,87,95,63,0,49,201,65,255,77,12,141,156,141,160,0,0,0,255,214,16,201,115,243,255,69,12,145,1,1,2,2.000,-1,1,13,1
1,0,1,0,0,0,0,1,0,16711680,4096,6,1,200704,9728,4096,102912,0,262144,8192,4096,0,1,0.000,1,1,1,1,1,1,0,1,1,1,1,0,0.524,0,1,0.524,0.524,0,-1.000,-1.000,-1.000,2.545,4.188,6.682,189,8,160,0,1,199,69,0,44,1,255,0,255,77,8,198,69,12,5,141,125,20,49,192,180,4,137,193,243,171,191,148,232,255,0,87,190,129,25,255,0,49,201,65,255,77,12,141,156,141,160,0,0,0,255,214,16,201,115,243,255,69,12,145,1,1,2,2.000,59,1,86,1
1,0,1,0,1,0,0,0,0,4063232,8192,4,0,262144,53248,8192,8192,0,1048576,4096,8192,0,1,0.000,1,1,1,1,1,1,0,1,1,1,1,0,0.070,0,1,0.070,0.070,0,-1.000,-1.000,-1.000,2.384,1.224,7.890,189,8,100,62,0,199,69,0,44,1,62,0,255,77,8,198,69,12,5,141,125,20,49,192,180,4,137,193,243,171,191,56,100,63,0,87,190,156,95,62,0,49,201,65,255,77,12,141,156,141,160,0,0,0,255,214,16,201,115,243,255,69,12,145,1,1,2,2.000,2,1,13,1
0,0,0,0,0,0,0,0,0,4063232,4096,4,0,524288,36864,4096,315392,0,1048576,4096,4096,0,1,0.000,1,1,1,1,1,1,0,1,1,1,1,0,0.095,0,1,0.095,0.095,0,-1.000,-1.000,-1.000,2.342,1.240,7.890,189,8,208,62,0,199,69,0,44,1,62,0,255,77,8,198,69,12,5,141,125,20,49,192,180,4,137,193,243,171,191,17,129,63,0,87,190,228,196,62,0,49,201,65,255,77,12,141,156,141,160,0,0,0,255,214,16,201,115,243,255,69,12,145,1,1,2,2.000,133,1,53,1
0,0,0,0,0,0,0,0,0,4128768,4096,4,0,266240,28672,4096,139264,0,1048576,4096,4096,0,1,0.000,1,1,1,1,1,1,0,1,1,1,1,0,0.141,0,1,0.141,0.141,0,-1.000,-1.000,-1.000,2.290,1.684,7.570,189,8,160,63,0,199,69,0,44,1,63,0,255,77,8,198,69,12,5,141,125,20,49,192,180,4,137,193,243,171,191,134,160,63,0,87,190,192,131,63,0,49,201,65,255,77,12,141,156,141,160,0,0,0,255,214,16,201,115,243,255,69,12,145,1,1,2,2.000,244,1,127,1
0,0,0,0,0,0,0,1,0,3801088,4096,5,0,1470464,199168,4096,244224,0,1048576,4096,4096,0,1,0.000,1,1,1,1,1,1,0,1,1,1,1,0,0.118,0,1,0.118,0.118,0,-1.000,-1.000,-1.000,2.586,1.453,7.932,189,8,176,60,0,199,69,0,44,1,58,0,255,77,8,198,69,12,5,141,125,20,49,192,180,4,137,193,243,171,191,16,85,61,0,87,190,63,154,60,0,49,201,65,255,77,12,141,156,141,160,0,0,0,255,214,16,201,115,243,255,69,12,145,1,1,2,2.000,-1,1,148,1
0,0,1,0,0,0,0,1,0,4063232,4096,5,1,307200,55296,4096,53760,0,1048576,4096,4096,0,1,0.000,1,1,1,1,1,1,0,1,1,1,1,0,0.123,0,1,0.123,0.123,0,-1.000,-1.000,-1.000,2.348,1.607,7.935,189,8,160,62,0,199,69,0,44,1,62,0,255,77,8,198,69,12,5,141,125,20,49,192,180,4,137,193,243,171,191,218,67,63,0,87,190,103,155,62,0,49,201,65,255,77,12,141,156,141,160,0,0,0,255,214,16,201,115,243,255,69,12,145,1,1,2,2.000,-1,1,13,1
0,0,0,0,0,0,0,0,0,4128768,4096,4,0,237568,20480,4096,122880,0,1048576,4096,4096,0,1,0.000,1,1,1,1,1,1,0,1,1,1,1,0,0.105,0,1,0.105,0.105,0,-1.000,-1.000,-1.000,2.695,1.450,7.908,189,8,110,63,0,199,69,0,212,0,63,0,255,77,8,198,69,12,5,141,125,20,49,192,180,4,137,193,243,171,191,161,191,63,0,87,190,59,107,63,0,49,201,65,255,77,12,141,156,141,160,0,0,0,255,214,16,201,115,243,255,69,12,145,1,1,2,2.000,-1,1,-1,1
1,0,1,0,1,0,0,0,0,4128768,8192,4,0,131072,20480,8192,8192,0,1048576,4096,8192,0,1,0.000,1,1,1,1,1,1,0,1,1,1,1,0,0.013,0,1,0.013,0.013,0,-1.000,-1.000,-1.000,2.347,0.916,5.406,189,8,38,63,0,199,69,0,44,1,63,0,255,77,8,198,69,12,5,141,125,20,49,192,180,4,137,193,243,171,191,7,218,63,0,87,190,219,33,63,0,49,201,65,255,77,12,141,156,141,160,0,0,0,255,214,16,201,115,243,255,69,12,145,1,1,2,2.000,2,1,13,1
0,0,0,0,0,0,0,0,0,3997696,4096,4,0,512000,77824,4096,159744,0,1048576,4096,4096,0,1,0.000,1,1,1,1,1,1,0,1,1,1,1,0,0.120,0,1,0.120,0.120,0,-1.000,-1.000,-1.000,2.257,1.457,7.710,189,8,254,61,0,199,69,0,44,1,61,0,255,77,8,198,69,12,5,141,125,20,49,192,180,4,137,193,243,171,191,131,242,62,0,87,190,36,227,61,0,49,201,65,255,77,12,141,156,141,160,0,0,0,255,214,16,201,115,243,255,69,12,145,1,1,2,2.000,-1,1,108,1
0,0,1,0,0,0,0,1,0,4063232,4096,5,1,344064,69120,4096,65024,0,1048576,4096,4096,0,1,0.000,1,1,1,1,1,1,0,1,1,1,1,0,0.131,0,1,0.131,0.131,0,-1.000,-1.000,-1.000,2.351,1.692,7.958,189,8,188,62,0,199,69,0,44,1,62,0,255,77,8,198,69,12,5,141,125,20,49,192,180,4,137,193,243,171,191,159,20,63,0,87,190,232,184,62,0,49,201,65,255,77,12,141,156,141,160,0,0,0,255,214,16,201,115,243,255,69,12,145,1,1,2,2.000,-1,1,13,1
1,0,1,0,0,0,0,1,0,4128768,4096,6,3,122880,16896,4096,9216,0,262144,8192,4096,0,1,0.000,1,1,1,1,1,1,0,1,1,1,1,0,0.061,0,1,0.061,0.061,0,-1.000,-1.000,-1.000,2.455,1.106,7.616,189,8,44,63,0,199,69,0,44,1,63,0,255,77,8,198,69,12,5,141,125,20,49,192,180,4,137,193,243,171,191,101,207,63,0,87,190,188,37,63,0,49,201,65,255,77,12,141,156,141,160,0,0,0,255,214,16,201,115,243,255,69,12,145,1,1,2,2.000,-1,1,13,1
1,0,1,0,0,0,0,1,0,4128768,4096,5,1,94208,3072,4096,6144,0,1048576,4096,4096,0,1,0.000,1,1,1,1,1,1,0,1,1,1,1,0,0.029,0,1,0.029,0.029,0,-1.000,-1.000,-1.000,2.323,0.778,5.392,189,8,26,63,0,199,69,0,44,1,63,0,255,77,8,198,69,12,5,141,125,20,49,192,180,4,137,193,243,171,191,201,253,63,0,87,190,241,16,63,0,49,201,65,255,77,12,141,156,141,160,0,0,0,255,214,16,201,115,243,255,69,12,145,1,1,2,2.000,-1,1,13,1
1,0,1,0,0,0,0,1,0,4128768,4096,5,0,110592,3584,4096,26112,0,1048576,4096,4096,0,1,0.000,1,1,1,1,1,1,0,1,1,1,1,0,0.190,0,1,0.190,0.190,0,-1.000,-1.000,-1.000,2.398,1.332,3.511,189,8,94,63,0,199,69,0,44,1,63,0,255,77,8,198,69,12,5,141,125,20,49,192,180,4,137,193,243,171,191,94,251,63,0,87,190,241,16,63,0,49,201,65,255,77,12,141,156,141,160,0,0,0,255,214,16,201,115,243,255,69,12,145,1,1,2,2.000,0,0,42,1
1,0,1,0,1,0,0,1,0,4128768,8192,4,0,131072,8192,8192,27648,0,1048576,4096,8192,0,1,0.000,1,1,1,1,1,1,0,1,1,1,1,0,0.235,0,1,0.235,0.235,0,-1.000,-1.000,-1.000,2.226,2.241,5.799,189,8,138,63,0,199,69,0,44,1,63,0,255,77,8,198,69,12,5,141,125,20,49,192,180,4,137,193,243,171,191,225,254,63,0,87,190,241,32,63,0,49,201,65,255,77,12,141,156,141,160,0,0,0,255,214,16,201,115,243,255,69,12,145,1,1,2,2.000,2,1,57,1
1,0,1,0,0,0,0,1,0,3932160,4096,5,1,1249280,92672,4096,799744,0,1048576,4096,4096,0,1,0.000,1,1,1,1,1,1,0,1,1,1,1,0,0.114,0,1,0.114,0.114,0,-1.000,-1.000,-1.000,2.727,1.439,7.964,189,8,58,62,0,199,69,0,44,1,60,0,255,77,8,198,69,12,5,141,125,20,49,192,180,4,137,193,243,171,191,34,190,62,0,87,190,213,52,62,0,49,201,65,255,77,12,141,156,141,160,0,0,0,255,214,16,201,115,243,255,69,12,145,1,1,2,2.000,121,1,21,1
1,0,1,0,0,0,0,1,0,4063232,4096,5,1,360448,64512,4096,95744,0,1048576,4096,4096,0,1,0.000,1,1,1,1,1,1,0,1,1,1,1,0,0.125,0,1,0.125,0.125,0,-1.000,-1.000,-1.000,2.447,1.585,7.878,189,8,190,62,0,199,69,0,44,1,62,0,255,77,8,198,69,12,5,141,125,20,49,192,180,4,137,193,243,171,191,207,34,63,0,87,190,99,180,62,0,49,201,65,255,77,12,141,156,141,160,0,0,0,255,214,16,201,115,243,255,69,12,145,1,1,2,2.000,-1,1,29,1
0,0,0,0,0,0,0,1,0,4128768,4096,5,0,122880,19968,4096,5120,0,1048576,8192,4096,0,1,0.000,1,1,1,1,1,1,0,1,1,1,1,0,0.082,0,1,0.082,0.082,0,-1.000,-1.000,-1.000,2.382,1.315,7.670,189,8,54,63,0,199,69,0,44,1,63,0,255,77,8,198,69,12,5,141,125,20,49,192,180,4,137,193,243,171,191,100,197,63,0,87,190,47,47,63,0,49,201,65,255,77,12,141,156,141,160,0,0,0,255,214,16,201,115,243,255,69,12,145,1,1,2,2.000,116,1,33,1
1,0,1,0,0,1,0,1,0,3604480,143360,5,1,1515520,398336,4096,143360,0,1048576,4096,4096,0,1,0.000,1,1,1,1,1,1,0,1,1,1,1,0,0.145,0,1,0.145,0.145,0,-1.000,-1.000,-1.000,2.586,1.743,7.931,189,8,104,58,0,199,69,0,44,1,55,0,255,77,8,198,69,12,5,141,125,20,49,192,180,4,137,193,243,171,191,105,166,58,0,87,190,218,84,58,0,49,201,65,255,77,12,141,156,141,160,0,0,0,255,214,16,201,115,243,255,69,12,145,1,1,2,2.000,-1,1,39,1
1,0,1,0,0,0,0,1,0,4128768,4096,5,1,106496,5120,4096,8704,0,1048576,4096,4096,0,1,0.000,1,1,1,1,1,1,0,1,1,1,1,0,0.025,0,1,0.025,0.025,0,-1.000,-1.000,-1.000,2.483,0.732,6.285,189,8,26,63,0,199,69,0,44,1,63,0,255,77,8,198,69,12,5,141,125,20,49,192,180,4,137,193,243,171,191,82,244,63,0,87,190,204,19,63,0,49,201,65,255,77,12,141,156,141,160,0,0,0,255,214,16,201,115,243,255,69,12,145,1,1,2,2.000,-1,1,8,1
1,0,1,0,1,0,0,1,0,4128768,8192,4,0,147456,26624,8192,2560,0,1048576,4096,8192,0,1,0.000,1,1,1,1,1,1,0,1,1,1,1,0,0.076,0,1,0.076,0.076,0,-1.000,-1.000,-1.000,2.285,1.530,7.824,189,8,72,63,0,199,69,0,44,1,63,0,255,77,8,198,69,12,5,141,125,20,49,192,180,4,137,193,243,171,191,93,182,63,0,87,190,204,67,63,0,49,201,65,255,77,12,141,156,141,160,0,0,0,255,214,16,201,115,243,255,69,12,145,1,1,2,2.000,2,1,13,1
1,0,1,0,0,0,0,1,0,1254948864,4096,6,1,634880,142848,4096,158720,0,1048576,1036288,4096,0,1,0.000,1,1,1,1,1,1,0,1,1,1,1,0,0.155,0,1,0.155,0.155,0,-1.000,-1.000,-1.000,2.902,1.573,6.995,189,8,140,206,74,199,69,0,44,1,205,74,255,77,8,198,69,12,5,141,125,20,49,192,180,4,137,193,243,171,191,106,38,206,74,87,190,226,9,206,74,49,201,65,255,77,12,141,156,141,160,0,0,0,255,214,16,201,115,243,255,69,12,145,1,1,2,2.000,233,1,66,1
0,0,0,0,0,0,0,0,0,4063232,4096,4,0,286720,65536,4096,28672,0,1048576,4096,4096,0,1,0.000,1,1,1,1,1,1,0,1,1,1,1,0,0.103,0,1,0.103,0.103,0,-1.000,-1.000,-1.000,2.035,1.410,7.949,189,8,128,62,0,199,69,0,44,1,62,0,255,77,8,198,69,12,5,141,125,20,49,192,180,4,137,193,243,171,191,125,61,63,0,87,190,33,126,62,0,49,201,65,255,77,12,141,156,141,160,0,0,0,255,214,16,201,115,243,255,69,12,145,1,1,2,2.000,-1,1,7,1
1,0,1,0,0,0,0,1,0,3866624,4096,5,1,1232896,116224,4096,667136,0,1048576,4096,4096,0,1,0.000,1,1,1,1,1,1,0,1,1,1,1,0,0.142,0,1,0.142,0.142,0,-1.000,-1.000,-1.000,2.587,1.733,7.966,189,8,182,61,0,199,69,0,44,1,59,0,255,77,8,198,69,12,5,141,125,20,49,192,180,4,137,193,243,171,191,40,110,62,0,87,190,113,175,61,0,49,201,65,255,77,12,141,156,141,160,0,0,0,255,214,16,201,115,243,255,69,12,145,1,1,2,2.000,176,1,21,1
1,0,1,0,0,0,0,1,0,16711680,4096,6,1,172032,34304,4096,27136,0,262144,8192,4096,0,1,0.000,1,1,1,1,1,1,0,1,1,1,1,0,0.080,0,1,0.080,0.080,0,-1.000,-1.000,-1.000,2.541,1.223,7.789,189,8,68,255,0,199,69,0,44,1,255,0,255,77,8,198,69,12,5,141,125,20,49,192,180,4,137,193,243,171,191,227,150,255,0,87,190,44,62,255,0,49,201,65,255,77,12,141,156,141,160,0,0,0,255,214,16,201,115,243,255,69,12,145,1,1,2,2.000,155,1,18,1
1,0,1,0,0,0,0,1,0,3997696,4096,5,1,585728,93696,4096,195584,0,1048576,4096,4096,0,1,0.000,1,1,1,1,1,1,0,1,1,1,1,0,0.162,0,1,0.162,0.162,0,-1.000,-1.000,-1.000,2.679,1.970,7.964,189,8,126,62,0,199,69,0,44,1,61,0,255,77,8,198,69,12,5,141,125,20,49,192,180,4,137,193,243,171,191,106,191,62,0,87,190,155,122,62,0,49,201,65,255,77,12,141,156,141,160,0,0,0,255,214,16,201,115,243,255,69,12,145,1,1,2,2.000,-1,1,18,1
1,0,1,0,0,0,0,1,0,4128768,4096,5,0,110592,8192,4096,11776,0,1048576,4096,4096,0,1,0.000,1,1,1,1,1,1,0,1,1,1,1,0,0.040,0,1,0.040,0.040,0,-1.000,-1.000,-1.000,2.358,0.915,7.402,189,8,32,63,0,199,69,0,44,1,63,0,255,77,8,198,69,12,5,141,125,20,49,192,180,4,137,193,243,171,191,27,226,63,0,87,190,68,27,63,0,49,201,65,255,77,12,141,156,141,160,0,0,0,255,214,16,201,115,243,255,69,12,145,1,1,2,2.000,-1,1,13,1
0,0,0,0,0,0,0,0,0,4128768,4096,4,0,155648,24576,4096,36864,0,1048576,4096,4096,0,1,0.000,1,1,1,1,1,1,0,1,1,1,1,0,0.152,0,1,0.152,0.152,0,-1.000,-1.000,-1.000,2.019,1.988,7.887,189,8,106,63,0,199,69,0,44,1,63,0,255,77,8,198,69,12,5,141,125,20,49,192,180,4,137,193,243,171,191,214,177,63,0,87,190,103,102,63,0,49,201,65,255,77,12,141,156,141,160,0,0,0,255,214,16,201,115,243,255,69,12,145,1,1,2,2.000,-1,1,21,1
1,0,1,0,0,0,0,1,0,16646144,4096,6,1,331776,88576,4096,19968,0,262144,8192,4096,0,1,0.000,1,1,1,1,1,1,0,1,1,1,1,0,0.109,0,1,0.109,0.109,0,-1.000,-1.000,-1.000,2.561,1.464,7.953,189,8,154,254,0,199,69,0,44,1,254,0,255,77,8,198,69,12,5,141,125,20,49,192,180,4,137,193,243,171,191,60,214,254,0,87,190,206,152,254,0,49,201,65,255,77,12,141,156,141,160,0,0,0,255,214,16,201,115,243,255,69,12,145,1,1,2,2.000,98,1,7,1
1,0,1,0,0,0,0,1,0,16711680,4096,6,1,159744,36864,4096,13312,0,262144,8192,4096,0,1,0.000,1,1,1,1,1,1,0,1,1,1,1,0,0.114,0,1,0.114,0.114,0,-1.000,-1.000,-1.000,2.500,1.595,7.842,189,8,84,255,0,199,69,0,44,1,255,0,255,77,8,198,69,12,5,141,125,20,49,192,180,4,137,193,243,171,191,224,136,255,0,87,190,209,77,255,0,49,201,65,255,77,12,141,156,141,160,0,0,0,255,214,16,201,115,243,255,69,12,145,1,1,2,2.000,70,1,18,1
1,0,1,0,0,0,0,1,0,3932160,4096,6,0,655360,141824,4096,106496,0,1048576,4096,4096,0,1,0.000,1,1,1,1,1,1,0,1,1,1,1,0,0.124,0,1,0.124,0.124,0,-1.000,-1.000,-1.000,2.702,1.564,7.956,189,8,74,61,0,199,69,0,44,1,60,0,255,77,8,198,69,12,5,141,125,20,49,192,180,4,137,193,243,171,191,192,25,62,0,87,190,99,69,61,0,49,201,65,255,77,12,141,156,141,160,0,0,0,255,214,16,201,115,243,255,69,12,145,1,1,2,2.000,-1,1,13,1
0,0,1,0,0,0,0,1,0,4128768,4096,5,1,102400,6144,4096,7168,0,1048576,4096,4096,0,1,0.000,1,1,1,1,1,1,0,1,1,1,1,0,0.027,0,1,0.027,0.027,0,-1.000,-1.000,-1.000,2.429,0.803,6.865,189,8,26,63,0,199,69,0,44,1,63,0,255,77,8,198,69,12,5,141,125,20,49,192,180,4,137,193,243,171,191,185,243,63,0,87,190,7,22,63,0,49,201,65,255,77,12,141,156,141,160,0,0,0,255,214,16,201,115,243,255,69,12,145,1,1,2,2.000,-1,1,8,1
1,0,1,0,0,0,0,1,0,3866624,4096,6,0,860160,220672,4096,34304,0,262144,8192,4096,0,1,0.000,1,1,1,1,1,1,0,1,1,1,1,0,0.109,0,1,0.109,0.109,0,-1.000,-1.000,-1.000,2.621,1.387,7.954,189,8,122,60,0,199,69,0,44,1,59,0,255,77,8,198,69,12,5,141,125,20,49,192,180,4,137,193,243,171,191,159,245,60,0,87,190,101,116,60,0,49,201,65,255,77,12,141,156,141,160,0,0,0,255,214,16,201,115,243,255,69,12,145,1,1,2,2.000,108,1,24,1
0,0,0,0,0,0,0,0,0,4063232,4096,4,0,311296,61440,4096,50176,0,1048576,4096,4096,0,1,0.000,1,1,1,1,1,1,0,1,1,1,1,0,0.155,0,1,0.155,0.155,0,-1.000,-1.000,-1.000,1.997,1.858,7.761,189,8,202,62,0,199,69,0,44,1,62,0,255,77,8,198,69,12,5,141,125,20,49,192,180,4,137,193,243,171,191,10,51,63,0,87,190,64,182,62,0,49,201,65,255,77,12,141,156,141,160,0,0,0,255,214,16,201,115,243,255,69,12,145,1,1,2,2.000,-1,1,148,1
0,0,1,0,0,0,0,1,0,4063232,4096,5,1,262144,43520,4096,31232,0,1048576,4096,4096,0,1,0.000,1,1,1,1,1,1,0,1,1,1,1,0,0.112,0,1,0.112,0.112,0,-1.000,-1.000,-1.000,2.431,1.502,7.904,189,8,128,62,0,199,69,0,44,1,62,0,255,77,8,198,69,12,5,141,125,20,49,192,180,4,137,193,243,171,191,40,109,63,0,87,190,147,117,62,0,49,201,65,255,77,12,141,156,141,160,0,0,0,255,214,16,201,115,243,255,69,12,145,1,1,2,2.000,-1,1,10,1
1,0,1,0,1,0,0,1,0,4128768,8192,4,0,147456,27648,8192,6144,0,1048576,4096,8192,0,1,0.000,1,1,1,1,1,1,0,1,1,1,1,0,0.125,0,1,0.125,0.125,0,-1.000,-1.000,-1.000,2.291,1.966,7.651,189,8,98,63,0,199,69,0,44,1,63,0,255,77,8,198,69,12,5,141,125,20,49,192,180,4,137,193,243,171,191,210,176,63,0,87,190,54,79,63,0,49,201,65,255,77,12,141,156,141,160,0,0,0,255,214,16,201,115,243,255,69,12,145,1,1,2,2.000,2,1,25,1
0,0,0,0,0,0,0,0,0,4063232,4096,4,0,307200,62464,4096,36352,0,1048576,4096,4096,0,1,0.000,1,1,1,1,1,1,0,1,1,1,1,0,0.141,0,1,0.141,0.141,0,-1.000,-1.000,-1.000,2.299,1.650,7.514,189,8,182,62,0,199,69,0,44,1,62,0,255,77,8,198,69,12,5,141,125,20,49,192,180,4,137,193,243,171,191,157,47,63,0,87,190,233,148,62,0,49,201,65,255,77,12,141,156,141,160,0,0,0,255,214,16,201,115,243,255,69,12,145,1,1,2,2.000,-1,1,117,1
0,0,0,0,0,0,0,0,0,16711680,4096,5,0,135168,23552,4096,16384,0,262144,4096,4096,0,1,0.000,1,1,1,1,1,1,0,1,1,1,1,0,0.079,0,1,0.079,0.079,0,-1.000,-1.000,-1.000,2.501,1.298,7.866,189,8,56,255,0,199,69,0,212,0,255,0,255,77,8,198,69,12,5,141,125,20,49,192,180,4,137,193,243,171,191,12,182,255,0,87,190,50,54,255,0,49,201,65,255,77,12,141,156,141,160,0,0,0,255,214,16,201,115,243,255,69,12,145,1,1,2,2.000,-1,1,-1,1
1,0,1,0,0,0,0,1,0,4063232,4096,5,1,344064,68096,4096,66048,0,1048576,4096,4096,0,1,0.000,1,1,1,1,1,1,0,1,1,1,1,0,0.127,0,1,0.127,0.127,0,-1.000,-1.000,-1.000,2.469,1.643,7.947,189,8,184,62,0,199,69,0,44,1,62,0,255,77,8,198,69,12,5,141,125,20,49,192,180,4,137,193,243,171,191,240,24,63,0,87,190,231,179,62,0,49,201,65,255,77,12,141,156,141,160,0,0,0,255,214,16,201,115,243,255,69,12,145,1,1,2,2.000,-1,1,13,1
0,0,1,0,1,0,0,0,0,4128768,8192,4,0,114688,12288,8192,8192,0,1048576,4096,8192,0,1,0.000,1,1,1,1,1,1,0,1,1,1,1,0,0.010,0,1,0.010,0.010,0,-1.000,-1.000,-1.000,2.233,0.955,5.541,189,8,36,63,0,199,69,0,44,1,63,0,255,77,8,198,69,12,5,141,125,20,49,192,180,4,137,193,243,171,191,152,241,63,0,87,190,241,32,63,0,49,201,65,255,77,12,141,156,141,160,0,0,0,255,214,16,201,115,243,255,69,12,145,1,1,2,2.000,2,1,13,1
0,0,1,0,0,0,0,1,0,268369920,4096,5,0,167936,44032,4096,4608,0,1048576,8192,4096,0,1,0.000,1,1,1,1,1,1,0,1,1,1,1,0,0.113,0,1,0.113,0.113,0,-1.000,-1.000,-1.000,2.363,1.582,7.888,189,8,88,255,15,199,69,0,44,1,255,15,255,77,8,198,69,12,5,141,125,20,49,192,180,4,137,193,243,171,191,187,112,255,15,87,190,82,82,255,15,49,201,65,255,77,12,141,156,141,160,0,0,0,255,214,16,201,115,243,255,69,12,145,1,1,2,2.000,97,1,24,1
1,0,1,0,1,0,0,1,0,4128768,8192,4,0,114688,4096,8192,17408,0,1048576,4096,8192,0,1,0.000,1,1,1,1,1,1,0,1,1,1,1,0,0.163,0,1,0.163,0.163,0,-1.000,-1.000,-1.000,2.359,1.610,5.607,189,8,98,63,0,199,69,0,44,1,63,0,255,77,8,198,69,12,5,141,125,20,49,192,180,4,137,193,243,171,191,70,13,64,0,87,190,241,32,63,0,49,201,65,255,77,12,141,156,141,160,0,0,0,255,214,16,201,115,243,255,69,12,145,1,1,2,2.000,2,1,33,1
1,0,1,0,1,0,0,0,0,4128768,4096,4,0,167936,16384,4096,22016,36352,2097152,4096,4096,0,1,0.000,1,1,1,1,1,1,0,1,1,1,1,0,0.135,0,1,0.135,0.135,0,-1.000,-1.000,-1.000,2.186,1.246,5.196,189,8,102,63,0,199,69,0,44,1,63,0,255,77,8,198,69,12,5,141,125,20,49,192,180,4,137,193,243,171,191,30,211,63,0,87,190,123,36,63,0,49,201,65,255,77,12,141,156,141,160,0,0,0,255,214,16,201,115,243,255,69,12,145,1,1,2,2.000,-1,1,69,1
0,0,0,0,0,0,0,1,0,3801088,4096,5,0,1142784,206848,4096,253440,0,1048576,4096,4096,0,1,0.000,1,1,1,1,1,1,0,1,1,1,1,0,0.161,0,1,0.161,0.161,0,-1.000,-1.000,-1.000,2.563,1.909,7.931,189,8,220,60,0,199,69,0,44,1,58,0,255,77,8,198,69,12,5,141,125,20,49,192,180,4,137,193,243,171,191,38,43,61,0,87,190,156,192,60,0,49,201,65,255,77,12,141,156,141,160,0,0,0,255,214,16,201,115,243,255,69,12,145,1,1,2,2.000,-1,1,175,1
0,0,0,0,0,0,0,0,0,4063232,4096,4,0,278528,49152,4096,45056,0,1048576,4096,4096,0,1,0.000,1,1,1,1,1,1,0,1,1,1,1,0,0.124,0,1,0.124,0.124,0,-1.000,-1.000,-1.000,2.354,1.588,7.795,189,8,148,62,0,199,69,0,44,1,62,0,255,77,8,198,69,12,5,141,125,20,49,192,180,4,137,193,243,171,191,221,89,63,0,87,190,213,131,62,0,49,201,65,255,77,12,141,156,141,160,0,0,0,255,214,16,201,115,243,255,69,12,145,1,1,2,2.000,-1,1,40,1
1,0,1,0,0,0,0,1,0,4063232,4096,6,3,258048,48640,4096,23040,0,262144,8192,4096,0,1,0.000,1,1,1,1,1,1,0,1,1,1,1,0,0.087,0,1,0.087,0.087,0,-1.000,-1.000,-1.000,2.450,1.251,7.910,189,8,102,62,0,199,69,0,44,1,62,0,255,77,8,198,69,12,5,141,125,20,49,192,180,4,137,193,243,171,191,248,92,63,0,87,190,6,96,62,0,49,201,65,255,77,12,141,156,141,160,0,0,0,255,214,16,201,115,243,255,69,12,145,1,1,2,2.000,-1,1,13,1
1,0,1,0,0,0,0,1,0,16711680,4096,6,1,126976,19968,4096,13824,0,262144,8192,4096,0,1,0.000,1,1,1,1,1,1,0,1,1,1,1,0,0.063,0,1,0.063,0.063,0,-1.000,-1.000,-1.000,2.525,1.106,7.639,189,8,46,255,0,199,69,0,44,1,255,0,255,77,8,198,69,12,5,141,125,20,49,192,180,4,137,193,243,171,191,75,199,255,0,87,190,88,40,255,0,49,201,65,255,77,12,141,156,141,160,0,0,0,255,214,16,201,115,243,255,69,12,145,1,1,2,2.000,88,1,18,1
1,0,1,0,0,1,0,1,0,3604480,151552,5,1,1536000,403968,4096,150528,0,1048576,4096,4096,0,1,0.000,1,1,1,1,1,1,0,1,1,1,1,0,0.146,0,1,0.146,0.146,0,-1.000,-1.000,-1.000,2.604,1.755,7.933,189,8,120,58,0,199,69,0,44,1,55,0,255,77,8,198,69,12,5,141,125,20,49,192,180,4,137,193,243,171,191,94,149,58,0,87,190,53,101,58,0,49,201,65,255,77,12,141,156,141,160,0,0,0,255,214,16,201,115,243,255,69,12,145,1,1,2,2.000,-1,1,39,1
1,0,1,0,0,0,0,1,0,4063232,4096,5,1,364544,75264,4096,72192,0,1048576,4096,4096,0,1,0.000,1,1,1,1,1,1,0,1,1,1,1,0,0.137,0,1,0.137,0.137,0,-1.000,-1.000,-1.000,2.456,1.743,7.951,189,8,208,62,0,199,69,0,44,1,62,0,255,77,8,198,69,12,5,141,125,20,49,192,180,4,137,193,243,171,191,149,252,62,0,87,190,241,203,62,0,49,201,65,255,77,12,141,156,141,160,0,0,0,255,214,16,201,115,243,255,69,12,145,1,1,2,2.000,-1,1,13,1
1,0,1,0,0,0,0,1,0,2555904,4096,5,1,5177344,763904,4096,1943552,0,1048576,4096,4096,0,1,0.000,1,1,1,1,1,1,0,1,1,1,1,0,0.193,0,1,0.193,0.193,0,-1.000,-1.000,-1.000,2.784,2.156,7.823,189,8,72,54,0,199,69,0,44,1,39,0,255,77,8,198,69,12,5,141,125,20,49,192,180,4,137,193,243,171,191,71,224,53,0,87,190,75,220,52,0,49,201,65,255,77,12,141,156,141,160,0,0,0,255,214,16,201,115,243,255,69,12,145,1,1,2,2.000,539,1,528,1
1,0,1,0,0,0,0,1,0,4128768,4096,5,1,167936,29184,4096,27136,0,1048576,4096,4096,0,1,0.000,1,1,1,1,1,1,0,1,1,1,1,0,0.131,0,1,0.131,0.131,0,-1.000,-1.000,-1.000,2.473,1.628,7.156,189,8,100,63,0,199,69,0,44,1,63,0,255,77,8,198,69,12,5,141,125,20,49,192,180,4,137,193,243,171,191,12,165,63,0,87,190,115,78,63,0,49,201,65,255,77,12,141,156,141,160,0,0,0,255,214,16,201,115,243,255,69,12,145,1,1,2,2.000,-1,1,25,1
1,0,1,0,0,0,0,1,0,16646144,4096,6,1,266240,60928,4096,10240,0,262144,8192,4096,0,1,0.000,1,1,1,1,1,1,0,1,1,1,1,0,0.083,0,1,0.083,0.083,0,-1.000,-1.000,-1.000,2.554,1.189,7.885,189,8,100,254,0,199,69,0,44,1,254,0,255,77,8,198,69,12,5,141,125,20,49,192,180,4,137,193,243,171,191,34,65,255,0,87,190,7,94,254,0,49,201,65,255,77,12,141,156,141,160,0,0,0,255,214,16,201,115,243,255,69,12,145,1,1,2,2.000,103,1,13,1
1,0,1,0,0,0,0,1,0,16449536,4096,6,1,937984,247808,4096,116736,0,262144,8192,4096,0,1,0.000,1,1,1,1,1,1,0,1,1,1,1,0,0.085,0,1,0.085,0.085,0,-1.000,-1.000,-1.000,2.694,1.132,7.962,189,8,70,252,0,199,69,0,44,1,251,0,255,77,8,198,69,12,5,141,125,20,49,192,180,4,137,193,243,171,191,206,127,252,0,87,190,17,65,252,0,49,201,65,255,77,12,141,156,141,160,0,0,0,255,214,16,201,115,243,255,69,12,145,1,1,2,2.000,188,1,18,1
1,0,1,0,1,0,0,0,0,4128768,4096,4,0,167936,16384,4096,22016,36352,2097152,4096,4096,0,1,0.000,1,1,1,1,1,1,0,1,1,1,1,0,0.135,0,1,0.135,0.135,0,-1.000,-1.000,-1.000,2.258,1.249,5.210,189,8,102,63,0,199,69,0,44,1,63,0,255,77,8,198,69,12,5,141,125,20,49,192,180,4,137,193,243,171,191,30,211,63,0,87,190,124,36,63,0,49,201,65,255,77,12,141,156,141,160,0,0,0,255,214,16,201,115,243,255,69,12,145,1,1,2,2.000,-1,1,69,1
1,0,1,0,0,0,0,1,0,16646144,4096,6,1,368640,43008,4096,140288,0,262144,69632,4096,0,1,0.000,1,1,1,1,1,1,0,1,1,1,1,0,0.369,0,1,0.369,0.369,0,-1.000,-1.000,-1.000,2.652,3.529,7.440,189,8,28,0,1,199,69,0,44,1,254,0,255,77,8,198,69,12,5,141,125,20,49,192,180,4,137,193,243,171,191,26,116,255,0,87,190,171,130,254,0,49,201,65,255,77,12,141,156,141,160,0,0,0,255,214,16,201,115,243,255,69,12,145,1,1,2,2.000,256,1,83,1
1,0,1,0,1,0,0,0,0,4128768,4096,4,0,167936,16384,4096,22016,36352,2097152,4096,4096,0,1,0.000,1,1,1,1,1,1,0,1,1,1,1,0,0.135,0,1,0.135,0.135,0,-1.000,-1.000,-1.000,2.258,1.249,5.207,189,8,102,63,0,199,69,0,44,1,63,0,255,77,8,198,69,12,5,141,125,20,49,192,180,4,137,193,243,171,191,30,211,63,0,87,190,124,36,63,0,49,201,65,255,77,12,141,156,141,160,0,0,0,255,214,16,201,115,243,255,69,12,145,1,1,2,2.000,-1,1,69,1
0,0,0,0,0,0,0,0,0,3997696,4096,4,0,548864,94208,4096,163840,0,1048576,4096,4096,0,1,0.000,1,1,1,1,1,1,0,1,1,1,1,0,0.144,0,1,0.144,0.144,0,-1.000,-1.000,-1.000,2.414,1.624,7.445,189,8,66,62,0,199,69,0,44,1,61,0,255,77,8,198,69,12,5,141,125,20,49,192,180,4,137,193,243,171,191,163,182,62,0,87,190,136,10,62,0,49,201,65,255,77,12,141,156,141,160,0,0,0,255,214,16,201,115,243,255,69,12,145,1,1,2,2.000,-1,1,138,1
0,0,0,0,0,0,0,0,0,3932160,4096,4,0,643072,155648,4096,82432,0,1048576,4096,4096,0,1,0.000,1,1,1,1,1,1,0,1,1,1,1,0,0.142,0,1,0.142,0.142,0,-1.000,-1.000,-1.000,2.224,1.609,7.491,189,8,112,61,0,199,69,0,44,1,60,0,255,77,8,198,69,12,5,141,125,20,49,192,180,4,137,193,243,171,191,101,22,62,0,87,190,168,42,61,0,49,201,65,255,77,12,141,156,141,160,0,0,0,255,214,16,201,115,243,255,69,12,145,1,1,2,2.000,-1,1,198,1
1,0,1,0,0,0,0,1,0,4128768,4096,5,0,110592,3584,4096,26112,0,1048576,4096,4096,0,1,0.000,1,1,1,1,1,1,0,1,1,1,1,0,0.190,0,1,0.190,0.190,0,-1.000,-1.000,-1.000,2.398,1.620,4.929,189,8,94,63,0,199,69,0,44,1,63,0,255,77,8,198,69,12,5,141,125,20,49,192,180,4,137,193,243,171,191,60,251,63,0,87,190,241,16,63,0,49,201,65,255,77,12,141,156,141,160,0,0,0,255,214,16,201,115,243,255,69,12,145,1,1,2,2.000,18,1,42,1
1,0,1,0,0,0,0,1,0,4063232,4096,5,0,327680,66048,4096,43008,0,1048576,4096,4096,0,1,0.000,1,1,1,1,1,1,0,1,1,1,1,0,0.141,0,1,0.141,0.141,0,-1.000,-1.000,-1.000,2.532,1.704,7.647,189,8,192,62,0,199,69,0,44,1,62,0,255,77,8,198,69,12,5,141,125,20,49,192,180,4,137,193,243,171,191,183,23,63,0,87,190,66,164,62,0,49,201,65,255,77,12,141,156,141,160,0,0,0,255,214,16,201,115,243,255,69,12,145,1,1,2,2.000,-1,1,73,1
1,0,1,0,0,0,0,1,0,3866624,4096,5,1,1052672,90112,4096,542720,0,1048576,4096,4096,0,1,0.000,1,1,1,1,1,1,0,1,1,1,1,0,0.214,0,1,0.214,0.214,0,-1.000,-1.000,-1.000,2.641,2.466,7.965,189,8,124,62,0,199,69,0,44,1,59,0,255,77,8,198,69,12,5,141,125,20,49,192,180,4,137,193,243,171,191,165,202,62,0,87,190,53,119,62,0,49,201,65,255,77,12,141,156,141,160,0,0,0,255,214,16,201,115,243,255,69,12,145,1,1,2,2.000,156,1,26,1
1,0,1,0,0,0,0,1,0,4063232,4096,5,1,344064,67584,4096,66048,0,1048576,4096,4096,0,1,0.000,1,1,1,1,1,1,0,1,1,1,1,0,0.126,0,1,0.126,0.126,0,-1.000,-1.000,-1.000,2.462,1.627,7.944,189,8,182,62,0,199,69,0,44,1,62,0,255,77,8,198,69,12,5,141,125,20,49,192,180,4,137,193,243,171,191,112,26,63,0,87,190,159,177,62,0,49,201,65,255,77,12,141,156,141,160,0,0,0,255,214,16,201,115,243,255,69,12,145,1,1,2,2.000,-1,1,13,1
1,0,1,0,1,0,0,0,0,4128768,4096,4,0,167936,16384,4096,22016,36352,2097152,4096,4096,0,1,0.000,1,1,1,1,1,1,0,1,1,1,1,0,0.135,0,1,0.135,0.135,0,-1.000,-1.000,-1.000,2.207,1.248,5.203,189,8,102,63,0,199,69,0,44,1,63,0,255,77,8,198,69,12,5,141,125,20,49,192,180,4,137,193,243,171,191,30,211,63,0,87,190,123,36,63,0,49,201,65,255,77,12,141,156,141,160,0,0,0,255,214,16,201,115,243,255,69,12,145,1,1,2,2.000,-1,1,69,1
0,0,0,0,0,0,0,1,0,4128768,4096,5,0,106496,10240,4096,7168,0,1048576,4096,4096,0,1,0.000,1,1,1,1,1,1,0,1,1,1,1,0,0.045,0,1,0.045,0.045,0,-1.000,-1.000,-1.000,2.245,0.966,7.357,189,8,34,63,0,199,69,0,44,1,63,0,255,77,8,198,69,12,5,141,125,20,49,192,180,4,137,193,243,171,191,152,228,63,0,87,190,220,28,63,0,49,201,65,255,77,12,141,156,141,160,0,0,0,255,214,16,201,115,243,255,69,12,145,1,1,2,2.000,-1,1,8,1
0,0,0,0,0,0,0,0,0,4128768,4096,4,0,155648,24576,4096,32768,0,1048576,4096,4096,0,1,0.000,1,1,1,1,1,1,0,1,1,1,1,0,0.156,0,1,0.156,0.156,0,-1.000,-1.000,-1.000,2.106,2.045,7.930,189,8,108,63,0,199,69,0,44,1,63,0,255,77,8,198,69,12,5,141,125,20,49,192,180,4,137,193,243,171,191,165,177,63,0,87,190,75,104,63,0,49,201,65,255,77,12,141,156,141,160,0,0,0,255,214,16,201,115,243,255,69,12,145,1,1,2,2.000,-1,1,27,1
1,0,1,0,0,0,0,1,0,4063232,4096,6,3,278528,55808,4096,24576,0,262144,8192,4096,0,1,0.000,1,1,1,1,1,1,0,1,1,1,1,0,0.092,0,1,0.092,0.092,0,-1.000,-1.000,-1.000,2.463,1.300,7.926,189,8,114,62,0,199,69,0,44,1,62,0,255,77,8,198,69,12,5,141,125,20,49,192,180,4,137,193,243,171,191,164,67,63,0,87,190,49,108,62,0,49,201,65,255,77,12,141,156,141,160,0,0,0,255,214,16,201,115,243,255,69,12,145,1,1,2,2.000,-1,1,13,1
0,0,0,0,0,0,0,0,0,4063232,4096,4,0,389120,73216,4096,48640,0,1048576,4096,4096,0,1,0.000,1,1,1,1,1,1,0,1,1,1,1,0,0.136,0,1,0.136,0.136,0,-1.000,-1.000,-1.000,2.339,1.642,7.693,189,8,220,62,0,199,69,0,44,1,62,0,255,77,8,198,69,12,5,141,125,20,49,192,180,4,137,193,243,171,191,3,14,63,0,87,190,77,185,62,0,49,201,65,255,77,12,141,156,141,160,0,0,0,255,214,16,201,115,243,255,69,12,145,1,1,2,2.000,-1,1,123,1
1,0,1,0,1,0,0,1,0,4128768,8192,4,0,131072,8192,8192,27648,0,1048576,4096,8192,0,1,0.000,1,1,1,1,1,1,0,1,1,1,1,0,0.235,0,1,0.235,0.235,0,-1.000,-1.000,-1.000,2.232,2.254,5.838,189,8,138,63,0,199,69,0,44,1,63,0,255,77,8,198,69,12,5,141,125,20,49,192,180,4,137,193,243,171,191,166,254,63,0,87,190,241,32,63,0,49,201,65,255,77,12,141,156,141,160,0,0,0,255,214,16,201,115,243,255,69,12,145,1,1,2,2.000,2,1,57,1
0,0,0,0,0,0,0,0,0,4128768,4096,4,0,319488,23040,4096,28160,190976,2097152,4096,4096,0,1,0.000,1,1,1,1,1,1,0,1,1,1,1,0,0.025,0,1,0.025,0.025,0,-1.000,-1.000,-1.000,2.635,0.498,7.760,189,8,46,63,0,199,69,0,212,0,63,0,255,77,8,198,69,12,5,141,125,20,49,192,180,4,137,193,243,171,191,109,191,63,0,87,190,178,43,63,0,49,201,65,255,77,12,141,156,141,160,0,0,0,255,214,16,201,115,243,255,69,12,145,1,1,2,2.000,-1,1,-1,1
0,0,0,0,0,0,0,0,0,2490368,4096,4,0,4554752,1332224,4096,321536,0,1048576,4096,4096,0,1,0.000,1,1,1,1,1,1,0,1,1,1,1,0,0.112,0,1,0.112,0.112,0,-1.000,-1.000,-1.000,2.356,1.356,7.866,189,8,212,45,0,199,69,0,44,1,38,0,255,77,8,198,69,12,5,141,125,20,49,192,180,4,137,193,243,171,191,91,16,46,0,87,190,255,89,45,0,49,201,65,255,77,12,141,156,141,160,0,0,0,255,214,16,201,115,243,255,69,12,145,1,1,2,2.000,-1,1,96,1
1,0,1,0,0,0,0,1,0,16711680,4096,6,1,118784,17920,4096,6144,0,262144,8192,4096,0,1,0.000,1,1,1,1,1,1,0,1,1,1,1,0,0.063,0,1,0.063,0.063,0,-1.000,-1.000,-1.000,2.489,1.152,7.752,189,8,44,255,0,199,69,0,44,1,255,0,255,77,8,198,69,12,5,141,125,20,49,192,180,4,137,193,243,171,191,76,203,255,0,87,190,84,39,255,0,49,201,65,255,77,12,141,156,141,160,0,0,0,255,214,16,201,115,243,255,69,12,145,1,1,2,2.000,80,1,18,1
0,0,0,0,0,0,0,0,0,4063232,4096,4,0,241664,49152,4096,12288,0,1048576,4096,4096,0,1,0.000,1,1,1,1,1,1,0,1,1,1,1,0,0.095,0,1,0.095,0.095,0,-1.000,-1.000,-1.000,2.490,1.361,7.955,189,8,104,62,0,199,69,0,212,0,62,0,255,77,8,198,69,12,5,141,125,20,49,192,180,4,137,193,243,171,191,149,96,63,0,87,190,23,103,62,0,49,201,65,255,77,12,141,156,141,160,0,0,0,255,214,16,201,115,243,255,69,12,145,1,1,2,2.000,-1,1,-1,1
0,0,1,0,0,0,0,1,0,3997696,4096,5,1,483328,99840,4096,81920,0,1048576,4096,4096,0,1,0.000,1,1,1,1,1,1,0,1,1,1,1,0,0.119,0,1,0.119,0.119,0,-1.000,-1.000,-1.000,2.488,1.543,7.959,189,8,238,61,0,199,69,0,44,1,61,0,255,77,8,198,69,12,5,141,125,20,49,192,180,4,137,193,243,171,191,131,179,62,0,87,190,244,234,61,0,49,201,65,255,77,12,141,156,141,160,0,0,0,255,214,16,201,115,243,255,69,12,145,1,1,2,2.000,-1,1,13,1
0,0,1,0,1,0,0,0,0,4128768,8192,4,0,106496,7168,8192,2048,0,1048576,4096,8192,0,1,0.000,1,1,1,1,1,1,0,1,1,1,1,0,0.011,0,1,0.011,0.011,0,-1.000,-1.000,-1.000,2.202,0.879,5.485,189,8,36,63,0,199,69,0,44,1,63,0,255,77,8,198,69,12,5,141,125,20,49,192,180,4,137,193,243,171,191,221,1,64,0,87,190,241,32,63,0,49,201,65,255,77,12,141,156,141,160,0,0,0,255,214,16,201,115,243,255,69,12,145,1,1,2,2.000,2,1,13,1
1,0,1,0,0,0,0,1,0,4128768,4096,5,0,110592,3072,4096,26112,0,1048576,4096,4096,0,1,0.000,1,1,1,1,1,1,0,1,1,1,1,0,0.191,0,1,0.191,0.191,0,-1.000,-1.000,-1.000,2.392,1.425,4.049,189,8,94,63,0,199,69,0,44,1,63,0,255,77,8,198,69,12,5,141,125,20,49,192,180,4,137,193,243,171,191,219,252,63,0,87,190,241,16,63,0,49,201,65,255,77,12,141,156,141,160,0,0,0,255,214,16,201,115,243,255,69,12,145,1,1,2,2.000,21,1,42,1
1,0,1,0,0,0,0,1,0,16711680,4096,6,1,102400,9216,4096,3584,0,262144,8192,4096,0,1,0.000,1,1,1,1,1,1,0,1,1,1,1,0,0.021,0,1,0.021,0.021,0,-1.000,-1.000,-1.000,2.388,0.721,6.397,189,8,24,255,0,199,69,0,44,1,255,0,255,77,8,198,69,12,5,141,125,20,49,192,180,4,137,193,243,171,191,117,236,255,0,87,190,56,21,255,0,49,201,65,255,77,12,141,156,141,160,0,0,0,255,214,16,201,115,243,255,69,12,145,1,1,2,2.000,50,1,7,1
0,0,0,0,0,0,0,0,0,4063232,4096,4,0,311296,65536,4096,43008,0,1048576,4096,4096,0,1,0.000,1,1,1,1,1,1,0,1,1,1,1,0,0.138,0,1,0.138,0.138,0,-1.000,-1.000,-1.000,2.272,1.629,7.559,189,8,180,62,0,199,69,0,44,1,62,0,255,77,8,198,69,12,5,141,125,20,49,192,180,4,137,193,243,171,191,213,41,63,0,87,190,222,148,62,0,49,201,65,255,77,12,141,156,141,160,0,0,0,255,214,16,201,115,243,255,69,12,145,1,1,2,2.000,-1,1,149,1
1,0,1,0,0,0,0,1,0,16711680,4096,6,1,114688,14848,4096,10752,0,262144,8192,4096,0,1,0.000,1,1,1,1,1,1,0,1,1,1,1,0,0.056,0,1,0.056,0.056,0,-1.000,-1.000,-1.000,2.490,1.069,7.587,189,8,40,255,0,199,69,0,44,1,255,0,255,77,8,198,69,12,5,141,125,20,49,192,180,4,137,193,243,171,191,55,215,255,0,87,190,185,34,255,0,49,201,65,255,77,12,141,156,141,160,0,0,0,255,214,16,201,115,243,255,69,12,145,1,1,2,2.000,83,1,18,1
0,0,0,0,0,0,0,1,0,486473728,4096,5,0,110592,2560,4096,23552,0,2000000,4096,4096,0,1,0.000,1,1,1,1,1,1,0,1,1,1,1,0,0.209,0,1,0.209,0.209,0,-1.000,-1.000,-1.000,2.260,1.428,4.386,189,8,100,255,28,199,69,0,44,1,255,28,255,77,8,198,69,12,5,141,125,20,49,192,180,4,137,193,243,171,191,8,0,0,29,87,190,241,16,255,28,49,201,65,255,77,12,141,156,141,160,0,0,0,255,214,16,201,115,243,255,69,12,145,1,1,2,2.000,14,0,44,1
1,0,1,0,0,0,0,1,0,4063232,4096,5,1,331776,60928,4096,68608,0,1048576,4096,4096,0,1,0.000,1,1,1,1,1,1,0,1,1,1,1,0,0.128,0,1,0.128,0.128,0,-1.000,-1.000,-1.000,2.342,1.659,7.950,189,8,178,62,0,199,69,0,44,1,62,0,255,77,8,198,69,12,5,141,125,20,49,192,180,4,137,193,243,171,191,139,47,63,0,87,190,167,172,62,0,49,201,65,255,77,12,141,156,141,160,0,0,0,255,214,16,201,115,243,255,69,12,145,1,1,2,2.000,-1,1,21,1
1,0,1,0,0,0,0,1,0,16711680,4096,6,1,118784,18944,4096,8192,0,262144,8192,4096,0,1,0.000,1,1,1,1,1,1,0,1,1,1,1,0,0.063,0,1,0.063,0.063,0,-1.000,-1.000,-1.000,2.497,1.116,7.498,189,8,44,255,0,199,69,0,44,1,255,0,255,77,8,198,69,12,5,141,125,20,49,192,180,4,137,193,243,171,191,254,201,255,0,87,190,141,37,255,0,49,201,65,255,77,12,141,156,141,160,0,0,0,255,214,16,201,115,243,255,69,12,145,1,1,2,2.000,97,1,18,1
0,0,1,0,0,0,0,1,0,4063232,4096,5,1,364544,78336,4096,64512,0,1048576,4096,4096,0,1,0.000,1,1,1,1,1,1,0,1,1,1,1,0,0.135,0,1,0.135,0.135,0,-1.000,-1.000,-1.000,2.421,1.716,7.947,189,8,204,62,0,199,69,0,44,1,62,0,255,77,8,198,69,12,5,141,125,20,49,192,180,4,137,193,243,171,191,187,244,62,0,87,190,107,199,62,0,49,201,65,255,77,12,141,156,141,160,0,0,0,255,214,16,201,115,243,255,69,12,145,1,1,2,2.000,-1,1,13,1
1,0,1,0,0,0,0,1,0,16711680,4096,6,1,102400,9216,4096,3584,0,262144,8192,4096,0,1,0.000,1,1,1,1,1,1,0,1,1,1,1,0,0.032,0,1,0.032,0.032,0,-1.000,-1.000,-1.000,2.510,0.814,6.464,189,8,28,255,0,199,69,0,44,1,255,0,255,77,8,198,69,12,5,141,125,20,49,192,180,4,137,193,243,171,191,202,231,255,0,87,190,196,21,255,0,49,201,65,255,77,12,141,156,141,160,0,0,0,255,214,16,201,115,243,255,69,12,145,1,1,2,2.000,88,1,18,1
0,0,1,0,0,0,0,1,0,3997696,4096,5,1,540672,138240,4096,69632,0,1048576,4096,4096,0,1,0.000,1,1,1,1,1,1,0,1,1,1,1,0,0.124,0,1,0.124,0.124,0,-1.000,-1.000,-1.000,2.518,1.578,7.959,189,8,18,62,0,199,69,0,44,1,61,0,255,77,8,198,69,12,5,141,125,20,49,192,180,4,137,193,243,171,191,135,48,62,0,87,190,130,14,62,0,49,201,65,255,77,12,141,156,141,160,0,0,0,255,214,16,201,115,243,255,69,12,145,1,1,2,2.000,-1,1,13,1
1,0,1,0,0,0,0,1,0,16711680,4096,6,1,126976,24576,4096,5120,0,262144,8192,4096,0,1,0.000,1,1,1,1,1,1,0,1,1,1,1,0,0.076,0,1,0.076,0.076,0,-1.000,-1.000,-1.000,2.494,1.248,7.710,189,8,52,255,0,199,69,0,44,1,255,0,255,77,8,198,69,12,5,141,125,20,49,192,180,4,137,193,243,171,191,108,186,255,0,87,190,76,46,255,0,49,201,65,255,77,12,141,156,141,160,0,0,0,255,214,16,201,115,243,255,69,12,145,1,1,2,2.000,94,1,18,1
0,0,0,0,0,0,0,0,0,4063232,4096,4,0,319488,67584,4096,43520,0,1048576,4096,4096,0,1,0.000,1,1,1,1,1,1,0,1,1,1,1,0,0.145,0,1,0.145,0.145,0,-1.000,-1.000,-1.000,2.321,1.721,7.612,189,8,194,62,0,199,69,0,44,1,62,0,255,77,8,198,69,12,5,141,125,20,49,192,180,4,137,193,243,171,191,94,33,63,0,87,190,230,156,62,0,49,201,65,255,77,12,141,156,141,160,0,0,0,255,214,16,201,115,243,255,69,12,145,1,1,2,2.000,-1,1,150,1
0,0,0,0,0,0,0,0,0,4063232,4096,4,0,593920,52224,4096,14848,332800,2097152,4096,4096,0,1,0.000,1,1,1,1,1,1,0,1,1,1,1,0,0.046,0,1,0.046,0.046,0,-1.000,-1.000,-1.000,2.122,0.668,7.633,189,8,122,62,0,199,69,0,44,1,62,0,255,77,8,198,69,12,5,141,125,20,49,192,180,4,137,193,243,171,191,241,83,63,0,87,190,251,110,62,0,49,201,65,255,77,12,141,156,141,160,0,0,0,255,214,16,201,115,243,255,69,12,145,1,1,2,2.000,-1,1,19,1
0,0,0,0,1,0,0,0,0,4128768,4096,4,0,98304,3072,4096,15872,0,1048576,4096,4096,0,1,0.000,1,1,1,1,1,1,0,1,1,1,1,0,0.111,0,1,0.111,0.111,0,-1.000,-1.000,-1.000,2.019,1.160,5.100,189,8,56,63,0,199,69,0,44,1,63,0,255,77,8,198,69,12,5,141,125,20,49,192,180,4,137,193,243,171,191,214,255,63,0,87,190,241,16,63,0,49,201,65,255,77,12,141,156,141,160,0,0,0,255,214,16,201,115,243,255,69,12,145,1,1,2,2.000,40,1,35,1
1,0,1,0,0,0,0,1,0,16711680,4096,6,1,159744,4096,4096,72192,0,262144,8192,4096,0,1,0.000,1,1,1,1,1,1,0,1,1,1,1,0,0.450,0,1,0.450,0.450,0,-1.000,-1.000,-1.000,2.470,4.015,7.181,189,8,30,0,1,199,69,0,44,1,255,0,255,77,8,198,69,12,5,141,125,20,49,192,180,4,137,193,243,171,191,67,252,255,0,87,190,241,16,255,0,49,201,65,255,77,12,141,156,141,160,0,0,0,255,214,16,201,115,243,255,69,12,145,1,1,2,2.000,41,1,66,1
1,0,1,0,0,0,0,1,0,4128768,4096,5,1,167936,18432,4096,48128,0,1048576,4096,4096,0,1,0.000,1,1,1,1,1,1,0,1,1,1,1,0,0.207,0,1,0.207,0.207,0,-1.000,-1.000,-1.000,2.545,2.015,6.550,189,8,148,63,0,199,69,0,44,1,63,0,255,77,8,198,69,12,5,141,125,20,49,192,180,4,137,193,243,171,191,170,194,63,0,87,190,212,46,63,0,49,201,65,255,77,12,141,156,141,160,0,0,0,255,214,16,201,115,243,255,69,12,145,1,1,2,2.000,27,1,120,1
1,0,1,0,0,0,0,1,0,3997696,4096,5,1,499712,80384,4096,135680,0,1048576,4096,4096,0,1,0.000,1,1,1,1,1,1,0,1,1,1,1,0,0.159,0,1,0.159,0.159,0,-1.000,-1.000,-1.000,2.599,1.943,7.960,189,8,66,62,0,199,69,0,44,1,61,0,255,77,8,198,69,12,5,141,125,20,49,192,180,4,137,193,243,171,191,167,237,62,0,87,190,118,61,62,0,49,201,65,255,77,12,141,156,141,160,0,0,0,255,214,16,201,115,243,255,69,12,145,1,1,2,2.000,-1,1,21,1
0,0,1,0,0,0,0,1,0,3997696,4096,5,1,536576,137216,4096,66560,0,1048576,4096,4096,0,1,0.000,1,1,1,1,1,1,0,1,1,1,1,0,0.122,0,1,0.122,0.122,0,-1.000,-1.000,-1.000,2.527,1.564,7.960,189,8,12,62,0,199,69,0,44,1,61,0,255,77,8,198,69,12,5,141,125,20,49,192,180,4,137,193,243,171,191,109,53,62,0,87,190,18,9,62,0,49,201,65,255,77,12,141,156,141,160,0,0,0,255,214,16,201,115,243,255,69,12,145,1,1,2,2.000,-1,1,13,1
1,0,1,0,0,0,0,1,0,3932160,4096,5,1,864256,99840,4096,400896,0,1048576,4096,4096,0,1,0.000,1,1,1,1,1,1,0,1,1,1,1,0,0.136,0,1,0.136,0.136,0,-1.000,-1.000,-1.000,2.730,1.681,7.965,189,8,216,61,0,199,69,0,44,1,60,0,255,77,8,198,69,12,5,141,125,20,49,192,180,4,137,193,243,171,191,230,168,62,0,87,190,120,211,61,0,49,201,65,255,77,12,141,156,141,160,0,0,0,255,214,16,201,115,243,255,69,12,145,1,1,2,2.000,166,1,23,1
0,0,0,0,0,0,0,0,0,4128768,4096,4,0,196608,24576,4096,77824,0,1048576,4096,4096,0,1,0.000,1,1,1,1,1,1,0,1,1,1,1,0,0.136,0,1,0.136,0.136,0,-1.000,-1.000,-1.000,2.155,1.747,7.750,189,8,118,63,0,199,69,0,44,1,63,0,255,77,8,198,69,12,5,141,125,20,49,192,180,4,137,193,243,171,191,79,179,63,0,87,190,17,106,63,0,49,201,65,255,77,12,141,156,141,160,0,0,0,255,214,16,201,115,243,255,69,12,145,1,1,2,2.000,0,1,48,1
1,0,1,0,0,0,0,1,0,3997696,4096,5,1,450560,82432,4096,77824,0,1048576,4096,4096,0,1,0.000,1,1,1,1,1,1,0,1,1,1,1,0,0.125,0,1,0.125,0.125,0,-1.000,-1.000,-1.000,2.507,1.599,7.955,189,8,232,61,0,199,69,0,44,1,61,0,255,77,8,198,69,12,5,141,125,20,49,192,180,4,137,193,243,171,191,181,227,62,0,87,190,201,227,61,0,49,201,65,255,77,12,141,156,141,160,0,0,0,255,214,16,201,115,243,255,69,12,145,1,1,2,2.000,-1,1,13,1
1,0,1,0,0,0,0,1,0,16711680,4096,6,1,106496,11776,4096,4608,0,262144,8192,4096,0,1,0.000,1,1,1,1,1,1,0,1,1,1,1,0,0.036,0,1,0.036,0.036,0,-1.000,-1.000,-1.000,2.504,0.873,6.961,189,8,30,255,0,199,69,0,44,1,255,0,255,77,8,198,69,12,5,141,125,20,49,192,180,4,137,193,243,171,191,36,222,255,0,87,190,148,23,255,0,49,201,65,255,77,12,141,156,141,160,0,0,0,255,214,16,201,115,243,255,69,12,145,1,1,2,2.000,104,1,18,1
0,0,0,0,0,0,0,0,0,4128768,4096,4,0,176128,37888,4096,15872,3072,2097152,4096,4096,0,1,0.000,1,1,1,1,1,1,0,1,1,1,1,0,0.105,0,1,0.105,0.105,0,-1.000,-1.000,-1.000,2.717,1.511,7.929,189,8,86,63,0,199,69,0,212,0,63,0,255,77,8,198,69,12,5,141,125,20,49,192,180,4,137,193,243,171,191,253,137,63,0,87,190,90,84,63,0,49,201,65,255,77,12,141,156,141,160,0,0,0,255,214,16,201,115,243,255,69,12,145,1,1,2,2.000,-1,1,-1,1
1,0,1,0,0,0,0,1,0,16580608,4096,6,1,888832,99328,4096,487424,0,262144,8192,4096,0,1,0.000,1,1,1,1,1,1,0,1,1,1,1,0,0.596,0,1,0.596,0.596,0,-1.000,-1.000,-1.000,2.704,4.309,6.388,189,8,24,5,1,199,69,0,44,1,253,0,255,77,8,198,69,12,5,141,125,20,49,192,180,4,137,193,243,171,191,93,163,254,0,87,190,108,54,254,0,49,201,65,255,77,12,141,156,141,160,0,0,0,255,214,16,201,115,243,255,69,12,145,1,1,2,2.000,218,1,225,1
0,0,0,0,0,0,0,0,0,4063232,4096,4,0,294912,55808,4096,44032,0,1048576,4096,4096,0,1,0.000,1,1,1,1,1,1,0,1,1,1,1,0,0.155,0,1,0.155,0.155,0,-1.000,-1.000,-1.000,2.242,1.723,7.255,189,8,192,62,0,199,69,0,44,1,62,0,255,77,8,198,69,12,5,141,125,20,49,192,180,4,137,193,243,171,191,52,72,63,0,87,190,209,134,62,0,49,201,65,255,77,12,141,156,141,160,0,0,0,255,214,16,201,115,243,255,69,12,145,1,1,2,2.000,-1,1,150,1
0,0,0,0,0,0,0,0,0,4128768,4096,4,0,311296,23040,4096,120832,1024,1048576,4096,4096,0,1,0.000,1,1,1,1,1,1,0,1,1,1,1,0,0.131,0,1,0.131,0.131,0,-1.000,-1.000,-1.000,2.092,1.328,6.434,189,8,172,63,0,199,69,0,44,1,63,0,255,77,8,198,69,12,5,141,125,20,49,192,180,4,137,193,243,171,191,89,181,63,0,87,190,58,65,63,0,49,201,65,255,77,12,141,156,141,160,0,0,0,255,214,16,201,115,243,255,69,12,145,1,1,2,2.000,42,1,85,1
1,0,1,0,0,1,0,1,0,3866624,86016,5,1,794624,188416,4096,77312,0,1048576,4096,4096,0,1,0.000,1,1,1,1,1,1,0,1,1,1,1,0,0.139,0,1,0.139,0.139,0,-1.000,-1.000,-1.000,2.532,1.672,7.860,189,8,188,60,0,199,69,0,44,1,59,0,255,77,8,198,69,12,5,141,125,20,49,192,180,4,137,193,243,171,191,73,111,61,0,87,190,173,160,60,0,49,201,65,255,77,12,141,156,141,160,0,0,0,255,214,16,201,115,243,255,69,12,145,1,1,2,2.000,-1,1,71,1
1,0,1,0,0,0,0,1,0,2883584,4096,5,1,4694016,586240,4096,2263040,0,1048576,4096,4096,0,1,0.000,1,1,1,1,1,1,0,1,1,1,1,0,0.157,0,1,0.157,0.157,0,-1.000,-1.000,-1.000,2.777,1.872,7.968,189,8,70,55,0,199,69,0,44,1,44,0,255,77,8,198,69,12,5,141,125,20,49,192,180,4,137,193,243,171,191,214,29,56,0,87,190,38,64,55,0,49,201,65,255,77,12,141,156,141,160,0,0,0,255,214,16,201,115,243,255,69,12,145,1,1,2,2.000,279,1,41,1
1,0,1,0,0,0,0,1,0,3276800,4096,5,1,5541888,301056,4096,4031488,0,1048576,4096,4096,0,1,0.000,1,1,1,1,1,1,0,1,1,1,1,0,0.112,0,1,0.112,0.112,0,-1.000,-1.000,-1.000,2.755,1.387,7.945,189,8,140,59,0,199,69,0,44,1,50,0,255,77,8,198,69,12,5,141,125,20,49,192,180,4,137,193,243,171,191,22,219,59,0,87,190,37,77,59,0,49,201,65,255,77,12,141,156,141,160,0,0,0,255,214,16,201,115,243,255,69,12,145,1,1,2,2.000,341,1,259,1
0,0,1,0,1,0,0,0,0,4128768,8192,4,0,139264,24576,8192,8192,0,1048576,4096,8192,0,1,0.000,1,1,1,1,1,1,0,1,1,1,1,0,0.049,0,1,0.049,0.049,0,-1.000,-1.000,-1.000,2.283,1.281,7.568,189,8,56,63,0,199,69,0,44,1,63,0,255,77,8,198,69,12,5,141,125,20,49,192,180,4,137,193,243,171,191,19,202,63,0,87,190,175,51,63,0,49,201,65,255,77,12,141,156,141,160,0,0,0,255,214,16,201,115,243,255,69,12,145,1,1,2,2.000,2,1,13,1
0,0,1,0,0,0,0,1,0,3997696,4096,5,1,471040,97280,4096,73728,0,1048576,4096,4096,0,1,0.000,1,1,1,1,1,1,0,1,1,1,1,0,0.126,0,1,0.126,0.126,0,-1.000,-1.000,-1.000,2.502,1.606,7.955,189,8,244,61,0,199,69,0,44,1,61,0,255,77,8,198,69,12,5,141,125,20,49,192,180,4,137,193,243,171,191,131,176,62,0,87,190,90,240,61,0,49,201,65,255,77,12,141,156,141,160,0,0,0,255,214,16,201,115,243,255,69,12,145,1,1,2,2.000,-1,1,13,1
0,0,0,0,0,0,0,1,0,268369920,4096,5,0,126976,18944,4096,4096,0,1048576,8192,4096,0,1,0.000,1,1,1,1,1,1,0,1,1,1,1,0,0.055,0,1,0.055,0.055,0,-1.000,-1.000,-1.000,2.355,1.028,7.652,189,8,42,255,15,199,69,0,44,1,255,15,255,77,8,198,69,12,5,141,125,20,49,192,180,4,137,193,243,171,191,49,203,255,15,87,190,154,36,255,15,49,201,65,255,77,12,141,156,141,160,0,0,0,255,214,16,201,115,243,255,69,12,145,1,1,2,2.000,101,1,13,1
1,0,1,0,0,0,0,1,0,16711680,4096,6,1,122880,16896,4096,10240,0,262144,8192,4096,0,1,0.000,1,1,1,1,1,1,0,1,1,1,1,0,0.062,0,1,0.062,0.062,0,-1.000,-1.000,-1.000,2.483,1.122,7.666,189,8,44,255,0,199,69,0,44,1,255,0,255,77,8,198,69,12,5,141,125,20,49,192,180,4,137,193,243,171,191,222,208,255,0,87,190,196,38,255,0,49,201,65,255,77,12,141,156,141,160,0,0,0,255,214,16,201,115,243,255,69,12,145,1,1,2,2.000,92,1,18,1
1,0,1,0,0,0,0,1,0,4128768,4096,5,0,110592,3072,4096,26112,0,1048576,4096,4096,0,1,0.000,1,1,1,1,1,1,0,1,1,1,1,0,0.191,0,1,0.191,0.191,0,-1.000,-1.000,-1.000,2.412,1.277,3.340,189,8,94,63,0,199,69,0,44,1,63,0,255,77,8,198,69,12,5,141,125,20,49,192,180,4,137,193,243,171,191,225,252,63,0,87,190,241,16,63,0,49,201,65,255,77,12,141,156,141,160,0,0,0,255,214,16,201,115,243,255,69,12,145,1,1,2,2.000,0,0,42,1
0,0,0,0,0,0,0,0,0,3997696,4096,4,0,471040,69632,4096,126976,0,1048576,4096,4096,0,1,0.000,1,1,1,1,1,1,0,1,1,1,1,0,0.146,0,1,0.146,0.146,0,-1.000,-1.000,-1.000,2.345,1.816,7.961,189,8,24,62,0,199,69,0,44,1,61,0,255,77,8,198,69,12,5,141,125,20,49,192,180,4,137,193,243,171,191,245,26,63,0,87,190,121,21,62,0,49,201,65,255,77,12,141,156,141,160,0,0,0,255,214,16,201,115,243,255,69,12,145,1,1,2,2.000,-1,1,18,1
1,0,1,0,0,0,0,1,0,4128768,4096,5,1,172032,29696,4096,28160,0,1048576,4096,4096,0,1,0.000,1,1,1,1,1,1,0,1,1,1,1,0,0.140,0,1,0.140,0.140,0,-1.000,-1.000,-1.000,2.378,1.697,7.157,189,8,106,63,0,199,69,0,44,1,63,0,255,77,8,198,69,12,5,141,125,20,49,192,180,4,137,193,243,171,191,167,162,63,0,87,190,19,83,63,0,49,201,65,255,77,12,141,156,141,160,0,0,0,255,214,16,201,115,243,255,69,12,145,1,1,2,2.000,-1,1,25,1
1,0,1,0,0,1,0,1,0,3801088,106496,5,1,991232,244736,4096,100864,0,1048576,4096,4096,0,1,0.000,1,1,1,1,1,1,0,1,1,1,1,0,0.150,0,1,0.150,0.150,0,-1.000,-1.000,-1.000,2.528,1.795,7.912,189,8,80,60,0,199,69,0,44,1,58,0,255,77,8,198,69,12,5,141,125,20,49,192,180,4,137,193,243,171,191,253,166,60,0,87,190,91,55,60,0,49,201,65,255,77,12,141,156,141,160,0,0,0,255,214,16,201,115,243,255,69,12,145,1,1,2,2.000,-1,1,59,1
0,0,1,0,0,0,0,1,0,3932160,4096,5,1,864256,162304,4096,283648,0,1048576,4096,4096,0,1,0.000,1,1,1,1,1,1,0,1,1,1,1,0,0.091,0,1,0.091,0.091,0,-1.000,-1.000,-1.000,2.571,1.194,7.959,189,8,64,61,0,199,69,0,44,1,60,0,255,77,8,198,69,12,5,141,125,20,49,192,180,4,137,193,243,171,191,149,215,61,0,87,190,74,60,61,0,49,201,65,255,77,12,141,156,141,160,0,0,0,255,214,16,201,115,243,255,69,12,145,1,1,2,2.000,-1,1,13,1
0,0,0,0,0,0,0,0,0,4128768,4096,4,0,122880,12288,4096,28672,0,1048576,4096,4096,0,1,0.000,1,1,1,1,1,1,0,1,1,1,1,0,0.091,0,1,0.091,0.091,0,-1.000,-1.000,-1.000,2.054,1.249,6.414,189,8,58,63,0,199,69,0,44,1,63,0,255,77,8,198,69,12,5,141,125,20,49,192,180,4,137,193,243,171,191,241,224,63,0,87,190,82,34,63,0,49,201,65,255,77,12,141,156,141,160,0,0,0,255,214,16,201,115,243,255,69,12,145,1,1,2,2.000,-1,1,37,1
1,0,1,0,0,0,0,1,0,16711680,4096,6,1,118784,16384,4096,9728,0,262144,8192,4096,0,1,0.000,1,1,1,1,1,1,0,1,1,1,1,0,0.060,0,1,0.060,0.060,0,-1.000,-1.000,-1.000,2.483,1.126,7.749,189,8,42,255,0,199,69,0,44,1,255,0,255,77,8,198,69,12,5,141,125,20,49,192,180,4,137,193,243,171,191,5,210,255,0,87,190,141,37,255,0,49,201,65,255,77,12,141,156,141,160,0,0,0,255,214,16,201,115,243,255,69,12,145,1,1,2,2.000,92,1,18,1
1,0,1,0,1,0,0,1,0,4128768,4096,5,0,4345856,18432,4096,4231680,0,16384,16384,4096,0,1,0.000,1,1,1,1,1,1,0,1,1,1,1,0,0.002,0,1,0.002,0.002,0,-1.000,-1.000,-1.000,2.369,0.056,7.820,189,8,56,63,0,199,69,0,44,1,63,0,255,77,8,198,69,12,5,141,125,20,49,192,180,4,137,193,243,171,191,161,198,63,0,87,190,177,50,63,0,49,201,65,255,77,12,141,156,141,160,0,0,0,255,214,16,201,115,243,255,69,12,145,1,1,2,2.000,-1,1,13,1
1,0,1,0,1,0,0,0,0,4128768,8192,4,0,139264,24576,8192,8192,0,1048576,4096,8192,0,1,0.000,1,1,1,1,1,1,0,1,1,1,1,0,0.025,0,1,0.025,0.025,0,-1.000,-1.000,-1.000,2.350,1.042,7.291,189,8,44,63,0,199,69,0,44,1,63,0,255,77,8,198,69,12,5,141,125,20,49,192,180,4,137,193,243,171,191,168,206,63,0,87,190,174,41,63,0,49,201,65,255,77,12,141,156,141,160,0,0,0,255,214,16,201,115,243,255,69,12,145,1,1,2,2.000,2,1,7,1
1,0,1,0,1,0,0,1,0,4063232,4096,5,0,409600,48128,4096,171520,0,32768,32768,4096,0,1,0.000,1,1,1,1,1,1,0,1,1,1,1,0,0.073,0,1,0.073,0.073,0,-1.000,-1.000,-1.000,2.461,1.011,7.822,189,8,130,62,0,199,69,0,44,1,62,0,255,77,8,198,69,12,5,141,125,20,49,192,180,4,137,193,243,171,191,12,97,63,0,87,190,10,120,62,0,49,201,65,255,77,12,141,156,141,160,0,0,0,255,214,16,201,115,243,255,69,12,145,1,1,2,2.000,-1,1,29,1
0,0,1,0,0,0,0,1,0,4063232,4096,5,1,360448,75776,4096,71168,0,1048576,4096,4096,0,1,0.000,1,1,1,1,1,1,0,1,1,1,1,0,0.134,0,1,0.134,0.134,0,-1.000,-1.000,-1.000,2.475,1.711,7.942,189,8,202,62,0,199,69,0,44,1,62,0,255,77,8,198,69,12,5,141,125,20,49,192,180,4,137,193,243,171,191,46,254,62,0,87,190,123,197,62,0,49,201,65,255,77,12,141,156,141,160,0,0,0,255,214,16,201,115,243,255,69,12,145,1,1,2,2.000,-1,1,13,1
0,0,0,0,0,0,0,0,0,4063232,4096,4,0,253952,45056,4096,32768,0,1048576,4096,4096,0,1,0.000,1,1,1,1,1,1,0,1,1,1,1,0,0.111,0,1,0.111,0.111,0,-1.000,-1.000,-1.000,1.980,1.411,7.607,189,8,124,62,0,199,69,0,44,1,62,0,255,77,8,198,69,12,5,141,125,20,49,192,180,4,137,193,243,171,191,90,113,63,0,87,190,163,107,62,0,49,201,65,255,77,12,141,156,141,160,0,0,0,255,214,16,201,115,243,255,69,12,145,1,1,2,2.000,-1,1,111,1
1,0,1,0,0,0,0,1,0,16646144,4096,6,1,397312,39936,4096,179712,0,262144,8192,4096,0,1,0.000,1,1,1,1,1,1,0,1,1,1,1,0,0.298,0,1,0.298,0.298,0,-1.000,-1.000,-1.000,2.646,2.579,6.600,189,8,216,255,0,199,69,0,44,1,254,0,255,77,8,198,69,12,5,141,125,20,49,192,180,4,137,193,243,171,191,191,127,255,0,87,190,173,247,254,0,49,201,65,255,77,12,141,156,141,160,0,0,0,255,214,16,201,115,243,255,69,12,145,1,1,2,2.000,194,1,152,1
0,0,0,0,0,0,0,0,0,4128768,4096,4,0,135168,19456,4096,16384,512,2097152,4096,4096,0,1,0.000,1,1,1,1,1,1,0,1,1,1,1,0,0.076,0,1,0.076,0.076,0,-1.000,-1.000,-1.000,2.684,1.274,7.891,189,8,54,63,0,199,69,0,212,0,63,0,255,77,8,198,69,12,5,141,125,20,49,192,180,4,137,193,243,171,191,248,205,63,0,87,190,168,52,63,0,49,201,65,255,77,12,141,156,141,160,0,0,0,255,214,16,201,115,243,255,69,12,145,1,1,2,2.000,-1,1,-1,1
0,0,0,0,0,0,0,0,0,4063232,4096,4,0,278528,51200,4096,35840,0,1048576,4096,4096,0,1,0.000,1,1,1,1,1,1,0,1,1,1,1,0,0.135,0,1,0.135,0.135,0,-1.000,-1.000,-1.000,2.273,1.613,7.456,189,8,160,62,0,199,69,0,44,1,62,0,255,77,8,198,69,12,5,141,125,20,49,192,180,4,137,193,243,171,191,51,87,63,0,87,190,82,124,62,0,49,201,65,255,77,12,141,156,141,160,0,0,0,255,214,16,201,115,243,255,69,12,145,1,1,2,2.000,-1,1,120,1
1,0,1,0,0,0,0,1,0,4063232,4096,5,1,352256,71168,4096,69120,0,1048576,4096,4096,0,1,0.000,1,1,1,1,1,1,0,1,1,1,1,0,0.134,0,1,0.134,0.134,0,-1.000,-1.000,-1.000,2.511,1.705,7.946,189,8,196,62,0,199,69,0,44,1,62,0,255,77,8,198,69,12,5,141,125,20,49,192,180,4,137,193,243,171,191,94,14,63,0,87,190,90,191,62,0,49,201,65,255,77,12,141,156,141,160,0,0,0,255,214,16,201,115,243,255,69,12,145,1,1,2,2.000,-1,1,13,1
1,0,1,0,1,0,0,0,0,4128768,4096,4,0,167936,16384,4096,22016,36352,2097152,4096,4096,0,1,0.000,1,1,1,1,1,1,0,1,1,1,1,0,0.135,0,1,0.135,0.135,0,-1.000,-1.000,-1.000,2.214,1.247,5.203,189,8,102,63,0,199,69,0,44,1,63,0,255,77,8,198,69,12,5,141,125,20,49,192,180,4,137,193,243,171,191,30,211,63,0,87,190,122,36,63,0,49,201,65,255,77,12,141,156,141,160,0,0,0,255,214,16,201,115,243,255,69,12,145,1,1,2,2.000,-1,1,69,1
1,0,1,0,1,0,0,0,0,4128768,8192,4,0,131072,20480,8192,8192,0,1048576,4096,8192,0,1,0.000,1,1,1,1,1,1,0,1,1,1,1,0,0.013,0,1,0.013,0.013,0,-1.000,-1.000,-1.000,2.329,0.903,4.638,189,8,38,63,0,199,69,0,44,1,63,0,255,77,8,198,69,12,5,141,125,20,49,192,180,4,137,193,243,171,191,59,218,63,0,87,190,74,33,63,0,49,201,65,255,77,12,141,156,141,160,0,0,0,255,214,16,201,115,243,255,69,12,145,1,1,2,2.000,2,1,13,1
1,0,0,0,0,0,0,1,0,2752512,4096,5,1,4104192,581632,4096,1533440,0,4194304,4096,4096,0,1,0.000,1,1,1,1,1,1,0,1,1,1,1,0,0.390,0,1,0.390,0.390,0,-1.000,-1.000,-1.000,2.721,3.315,6.869,189,8,106,66,0,199,69,0,44,1,42,0,255,77,8,198,69,12,5,141,125,20,49,192,180,4,137,193,243,171,191,54,31,56,0,87,190,139,113,55,0,49,201,65,255,77,12,141,156,141,160,0,0,0,255,214,16,201,115,243,255,69,12,145,1,1,2,2.000,545,1,1221,1
1,0,1,0,0,0,0,1,0,16711680,4096,6,1,192512,32256,4096,55808,0,524288,65536,4096,0,1,0.000,1,1,1,1,1,1,0,1,1,1,1,0,0.082,0,1,0.082,0.082,0,-1.000,-1.000,-1.000,2.548,1.224,7.843,189,8,76,255,0,199,69,0,44,1,255,0,255,77,8,198,69,12,5,141,125,20,49,192,180,4,137,193,243,171,191,61,157,255,0,87,190,130,70,255,0,49,201,65,255,77,12,141,156,141,160,0,0,0,255,214,16,201,115,243,255,69,12,145,1,1,2,2.000,130,1,13,1
0,0,0,0,0,0,0,0,0,4063232,4096,4,0,270336,64512,4096,2560,2048,33554432,4096,4096,0,1,0.000,1,1,1,1,1,1,0,1,1,1,1,0,0.102,0,1,0.102,0.102,0,-1.000,-1.000,-1.000,2.606,1.415,7.949,189,8,122,62,0,199,69,0,212,0,62,0,255,77,8,198,69,12,5,141,125,20,49,192,180,4,137,193,243,171,191,147,43,63,0,87,190,69,120,62,0,49,201,65,255,77,12,141,156,141,160,0,0,0,255,214,16,201,115,243,255,69,12,145,1,1,2,2.000,-1,1,-1,1
0,0,1,0,1,0,0,0,0,4128768,8192,4,0,188416,49152,8192,16384,0,1048576,4096,8192,0,1,0.000,1,1,1,1,1,1,0,1,1,1,1,0,0.154,0,1,0.154,0.154,0,-1.000,-1.000,-1.000,2.326,1.969,7.163,189,8,140,63,0,199,69,0,44,1,63,0,255,77,8,198,69,12,5,141,125,20,49,192,180,4,137,193,243,171,191,221,112,63,0,87,190,28,95,63,0,49,201,65,255,77,12,141,156,141,160,0,0,0,255,214,16,201,115,243,255,69,12,145,1,1,2,2.000,2,1,45,1
0,0,1,0,0,0,0,1,0,3932160,4096,5,1,704512,102912,4096,231936,0,1048576,4096,4096,0,1,0.000,1,1,1,1,1,1,0,1,1,1,1,0,0.151,0,1,0.151,0.151,0,-1.000,-1.000,-1.000,2.595,1.851,7.962,189,8,172,61,0,199,69,0,44,1,60,0,255,77,8,198,69,12,5,141,125,20,49,192,180,4,137,193,243,171,191,134,156,62,0,87,190,88,168,61,0,49,201,65,255,77,12,141,156,141,160,0,0,0,255,214,16,201,115,243,255,69,12,145,1,1,2,2.000,-1,1,18,1
0,0,0,0,0,0,0,1,0,3997696,4096,5,0,507904,134656,4096,36352,0,1048576,4096,4096,0,1,0.000,1,1,1,1,1,1,0,1,1,1,1,0,0.124,0,1,0.124,0.124,0,-1.000,-1.000,-1.000,2.438,1.583,7.962,189,8,2,62,0,199,69,0,44,1,61,0,255,77,8,198,69,12,5,141,125,20,49,192,180,4,137,193,243,171,191,224,63,62,0,87,190,35,255,61,0,49,201,65,255,77,12,141,156,141,160,0,0,0,255,214,16,201,115,243,255,69,12,145,1,1,2,2.000,-1,1,13,1
0,0,1,0,0,0,0,1,0,3997696,4096,5,1,569344,86528,4096,189952,0,1048576,4096,4096,0,1,0.000,1,1,1,1,1,1,0,1,1,1,1,0,0.157,0,1,0.157,0.157,0,-1.000,-1.000,-1.000,2.546,1.918,7.963,189,8,104,62,0,199,69,0,44,1,61,0,255,77,8,198,69,12,5,141,125,20,49,192,180,4,137,193,243,171,191,93,216,62,0,87,190,216,99,62,0,49,201,65,255,77,12,141,156,141,160,0,0,0,255,214,16,201,115,243,255,69,12,145,1,1,2,2.000,-1,1,18,1
1,0,1,0,0,0,0,1,0,4128768,4096,5,0,110592,3072,4096,26112,0,1048576,4096,4096,0,1,0.000,1,1,1,1,1,1,0,1,1,1,1,0,0.191,0,1,0.191,0.191,0,-1.000,-1.000,-1.000,2.412,1.549,4.200,189,8,94,63,0,199,69,0,44,1,63,0,255,77,8,198,69,12,5,141,125,20,49,192,180,4,137,193,243,171,191,235,252,63,0,87,190,241,16,63,0,49,201,65,255,77,12,141,156,141,160,0,0,0,255,214,16,201,115,243,255,69,12,145,1,1,2,2.000,18,0,42,1
1,0,1,0,0,0,0,1,0,3997696,4096,5,1,528384,79360,4096,161280,0,1048576,4096,4096,0,1,0.000,1,1,1,1,1,1,0,1,1,1,1,0,0.233,0,1,0.233,0.233,0,-1.000,-1.000,-1.000,2.552,2.430,7.502,189,8,234,62,0,199,69,0,44,1,61,0,255,77,8,198,69,12,5,141,125,20,49,192,180,4,137,193,243,171,191,48,242,62,0,87,190,184,232,61,0,49,201,65,255,77,12,141,156,141,160,0,0,0,255,214,16,201,115,243,255,69,12,145,1,1,2,2.000,130,1,68,1
1,0,1,0,0,0,0,1,0,4128768,4096,5,0,110592,3072,4096,26112,0,1048576,4096,4096,0,1,0.000,1,1,1,1,1,1,0,1,1,1,1,0,0.191,0,1,0.191,0.191,0,-1.000,-1.000,-1.000,2.405,1.392,4.158,189,8,94,63,0,199,69,0,44,1,63,0,255,77,8,198,69,12,5,141,125,20,49,192,180,4,137,193,243,171,191,229,252,63,0,87,190,241,16,63,0,49,201,65,255,77,12,141,156,141,160,0,0,0,255,214,16,201,115,243,255,69,12,145,1,1,2,2.000,18,0,42,1
1,0,1,0,0,0,0,1,0,4063232,4096,5,1,352256,73216,4096,66560,0,1048576,4096,4096,0,1,0.000,1,1,1,1,1,1,0,1,1,1,1,0,0.131,0,1,0.131,0.131,0,-1.000,-1.000,-1.000,2.514,1.683,7.944,189,8,194,62,0,199,69,0,44,1,62,0,255,77,8,198,69,12,5,141,125,20,49,192,180,4,137,193,243,171,191,144,7,63,0,87,190,172,189,62,0,49,201,65,255,77,12,141,156,141,160,0,0,0,255,214,16,201,115,243,255,69,12,145,1,1,2,2.000,-1,1,13,1
0,0,0,0,0,0,0,1,0,3735552,4096,5,0,2289664,206336,4096,1424384,0,1048576,4096,4096,0,1,0.000,1,1,1,1,1,1,0,1,1,1,1,0,0.105,0,1,0.105,0.105,0,-1.000,-1.000,-1.000,2.605,1.324,7.955,189,8,186,60,0,199,69,0,44,1,57,0,255,77,8,198,69,12,5,141,125,20,49,192,180,4,137,193,243,171,191,97,55,61,0,87,190,160,163,60,0,49,201,65,255,77,12,141,156,141,160,0,0,0,255,214,16,201,115,243,255,69,12,145,1,1,2,2.000,255,1,67,1
1,0,1,0,0,0,0,1,0,16711680,4096,6,1,139264,29184,4096,6144,0,262144,8192,4096,0,1,0.000,1,1,1,1,1,1,0,1,1,1,1,0,0.084,0,1,0.084,0.084,0,-1.000,-1.000,-1.000,2.506,1.314,7.779,189,8,60,255,0,199,69,0,44,1,255,0,255,77,8,198,69,12,5,141,125,20,49,192,180,4,137,193,243,171,191,195,170,255,0,87,190,74,54,255,0,49,201,65,255,77,12,141,156,141,160,0,0,0,255,214,16,201,115,243,255,69,12,145,1,1,2,2.000,118,1,18,1
0,0,0,0,0,0,0,1,0,16580608,4096,6,0,868352,14336,4096,633344,0,262144,8192,4096,0,1,0.000,1,1,1,1,1,1,0,1,1,1,1,0,0.168,0,1,0.168,0.168,0,-1.000,-1.000,-1.000,2.568,2.010,7.963,189,8,70,255,0,199,69,0,44,1,253,0,255,77,8,198,69,12,5,141,125,20,49,192,180,4,137,193,243,171,191,189,219,255,0,87,190,242,65,255,0,49,201,65,255,77,12,141,156,141,160,0,0,0,255,214,16,201,115,243,255,69,12,145,1,1,2,2.000,167,1,35,1
0,0,1,0,1,0,0,0,0,4128768,8192,4,0,147456,28672,8192,8192,0,1048576,4096,8192,0,1,0.000,1,1,1,1,1,1,0,1,1,1,1,0,0.064,0,1,0.064,0.064,0,-1.000,-1.000,-1.000,2.301,1.402,7.857,189,8,66,63,0,199,69,0,44,1,63,0,255,77,8,198,69,12,5,141,125,20,49,192,180,4,137,193,243,171,191,13,185,63,0,87,190,2,63,63,0,49,201,65,255,77,12,141,156,141,160,0,0,0,255,214,16,201,115,243,255,69,12,145,1,1,2,2.000,2,1,13,1
1,0,1,0,0,1,0,1,0,3604480,143360,5,1,1499136,389120,4096,143360,0,1048576,4096,4096,0,1,0.000,1,1,1,1,1,1,0,1,1,1,1,0,0.145,0,1,0.145,0.145,0,-1.000,-1.000,-1.000,2.578,1.742,7.935,189,8,92,58,0,199,69,0,44,1,55,0,255,77,8,198,69,12,5,141,125,20,49,192,180,4,137,193,243,171,191,78,196,58,0,87,190,189,71,58,0,49,201,65,255,77,12,141,156,141,160,0,0,0,255,214,16,201,115,243,255,69,12,145,1,1,2,2.000,-1,1,39,1
0,0,0,0,0,0,0,0,0,4128768,4096,4,0,106496,8192,4096,20480,0,1048576,4096,4096,0,1,0.000,1,1,1,1,1,1,0,1,1,1,1,0,0.070,0,1,0.070,0.070,0,-1.000,-1.000,-1.000,2.066,0.964,5.331,189,8,44,63,0,199,69,0,44,1,63,0,255,77,8,198,69,12,5,141,125,20,49,192,180,4,137,193,243,171,191,92,241,63,0,87,190,76,27,63,0,49,201,65,255,77,12,141,156,141,160,0,0,0,255,214,16,201,115,243,255,69,12,145,1,1,2,2.000,-1,1,27,1
0,0,1,0,1,0,0,0,0,4128768,8192,4,0,131072,20480,8192,8192,0,1048576,4096,8192,0,1,0.000,1,1,1,1,1,1,0,1,1,1,1,0,0.025,0,1,0.025,0.025,0,-1.000,-1.000,-1.000,2.204,1.073,7.505,189,8,44,63,0,199,69,0,44,1,63,0,255,77,8,198,69,12,5,141,125,20,49,192,180,4,137,193,243,171,191,10,215,63,0,87,190,6,41,63,0,49,201,65,255,77,12,141,156,141,160,0,0,0,255,214,16,201,115,243,255,69,12,145,1,1,2,2.000,2,1,13,1
0,0,0,0,0,0,0,0,0,4128768,4096,4,0,110592,9216,4096,14336,1024,2097152,4096,4096,0,1,0.000,1,1,1,1,1,1,0,1,1,1,1,0,0.024,0,1,0.024,0.024,0,-1.000,-1.000,-1.000,2.025,0.744,7.223,189,8,26,63,0,199,69,0,44,1,63,0,255,77,8,198,69,12,5,141,125,20,49,192,180,4,137,193,243,171,191,104,234,63,0,87,190,225,23,63,0,49,201,65,255,77,12,141,156,141,160,0,0,0,255,214,16,201,115,243,255,69,12,145,1,1,2,2.000,-1,1,7,1
1,0,1,0,0,0,0,1,0,3932160,4096,5,1,798720,113664,4096,302592,0,1048576,4096,4096,0,1,0.000,1,1,1,1,1,1,0,1,1,1,1,0,0.186,0,1,0.186,0.186,0,-1.000,-1.000,-1.000,2.613,2.194,7.965,189,8,78,62,0,199,69,0,44,1,60,0,255,77,8,198,69,12,5,141,125,20,49,192,180,4,137,193,243,171,191,38,118,62,0,87,190,83,72,62,0,49,201,65,255,77,12,141,156,141,160,0,0,0,255,214,16,201,115,243,255,69,12,145,1,1,2,2.000,141,1,18,1
1,0,1,0,0,0,0,1,0,3735552,4096,5,1,1413120,352768,4096,291328,0,1048576,4096,4096,0,1,0.000,1,1,1,1,1,1,0,1,1,1,1,0,0.173,0,1,0.173,0.173,0,-1.000,-1.000,-1.000,2.765,1.672,6.929,189,8,198,60,0,199,69,0,44,1,57,0,255,77,8,198,69,12,5,141,125,20,49,192,180,4,137,193,243,171,191,25,152,59,0,87,190,132,66,59,0,49,201,65,255,77,12,141,156,141,160,0,0,0,255,214,16,201,115,243,255,69,12,145,1,1,2,2.000,-1,1,620,1
1,0,1,0,0,0,0,1,0,4063232,4096,5,1,335872,65536,4096,65024,0,1048576,4096,4096,0,1,0.000,1,1,1,1,1,1,0,1,1,1,1,0,0.127,0,1,0.127,0.127,0,-1.000,-1.000,-1.000,2.432,1.642,7.948,189,8,180,62,0,199,69,0,44,1,62,0,255,77,8,198,69,12,5,141,125,20,49,192,180,4,137,193,243,171,191,45,34,63,0,87,190,9,176,62,0,49,201,65,255,77,12,141,156,141,160,0,0,0,255,214,16,201,115,243,255,69,12,145,1,1,2,2.000,-1,1,13,1
1,0,1,0,0,0,0,1,0,4128768,4096,5,0,143360,16896,4096,26624,0,1048576,4096,4096,0,1,0.000,1,1,1,1,1,1,0,1,1,1,1,0,0.104,0,1,0.104,0.104,0,-1.000,-1.000,-1.000,2.495,1.397,7.162,189,8,72,63,0,199,69,0,44,1,63,0,255,77,8,198,69,12,5,141,125,20,49,192,180,4,137,193,243,171,191,235,199,63,0,87,190,73,47,63,0,49,201,65,255,77,12,141,156,141,160,0,0,0,255,214,16,201,115,243,255,69,12,145,1,1,2,2.000,-1,1,30,1
1,0,1,0,0,0,0,1,0,4063232,4096,5,1,335872,65536,4096,65024,0,1048576,4096,4096,0,1,0.000,1,1,1,1,1,1,0,1,1,1,1,0,0.127,0,1,0.127,0.127,0,-1.000,-1.000,-1.000,2.426,1.637,7.940,189,8,180,62,0,199,69,0,44,1,62,0,255,77,8,198,69,12,5,141,125,20,49,192,180,4,137,193,243,171,191,189,33,63,0,87,190,110,175,62,0,49,201,65,255,77,12,141,156,141,160,0,0,0,255,214,16,201,115,243,255,69,12,145,1,1,2,2.000,-1,1,13,1
0,0,0,0,0,0,0,0,0,4128768,4096,4,0,241664,24576,4096,122880,0,1048576,4096,4096,0,1,0.000,1,1,1,1,1,1,0,1,1,1,1,0,0.110,0,1,0.110,0.110,0,-1.000,-1.000,-1.000,2.692,1.510,7.934,189,8,118,63,0,199,69,0,212,0,63,0,255,77,8,198,69,12,5,141,125,20,49,192,180,4,137,193,243,171,191,47,178,63,0,87,190,236,115,63,0,49,201,65,255,77,12,141,156,141,160,0,0,0,255,214,16,201,115,243,255,69,12,145,1,1,2,2.000,-1,1,-1,1
0,0,0,0,0,0,0,0,0,4128768,4096,4,0,90112,4096,4096,4096,0,1048576,4096,4096,0,1,0.000,1,1,1,1,1,1,0,1,1,1,1,0,0.012,0,1,0.012,0.012,0,-1.000,-1.000,-1.000,2.016,0.699,5.776,189,8,20,63,0,199,69,0,44,1,63,0,255,77,8,198,69,12,5,141,125,20,49,192,180,4,137,193,243,171,191,145,251,63,0,87,190,185,17,63,0,49,201,65,255,77,12,141,156,141,160,0,0,0,255,214,16,201,115,243,255,69,12,145,1,1,2,2.000,-1,1,13,1
1,0,1,0,0,0,0,1,0,3801088,4096,5,1,1200128,174080,4096,462336,0,1048576,4096,4096,0,1,0.000,1,1,1,1,1,1,0,1,1,1,1,0,0.196,0,1,0.196,0.196,0,-1.000,-1.000,-1.000,2.782,2.261,7.926,189,8,162,61,0,199,69,0,44,1,58,0,255,77,8,198,69,12,5,141,125,20,49,192,180,4,137,193,243,171,191,9,165,61,0,87,190,196,131,61,0,49,201,65,255,77,12,141,156,141,160,0,0,0,255,214,16,201,115,243,255,69,12,145,1,1,2,2.000,262,1,95,1
0,0,0,0,0,0,0,0,0,4063232,4096,4,0,270336,50688,4096,27136,0,1048576,4096,4096,0,1,0.000,1,1,1,1,1,1,0,1,1,1,1,0,0.113,0,1,0.113,0.113,0,-1.000,-1.000,-1.000,2.206,1.437,7.647,189,8,132,62,0,199,69,0,44,1,62,0,255,77,8,198,69,12,5,141,125,20,49,192,180,4,137,193,243,171,191,145,91,63,0,87,190,234,113,62,0,49,201,65,255,77,12,141,156,141,160,0,0,0,255,214,16,201,115,243,255,69,12,145,1,1,2,2.000,-1,1,126,1
1,0,1,0,0,0,0,1,0,4128768,4096,5,0,110592,3584,4096,26112,0,1048576,4096,4096,0,1,0.000,1,1,1,1,1,1,0,1,1,1,1,0,0.190,0,1,0.190,0.190,0,-1.000,-1.000,-1.000,2.412,1.392,3.647,189,8,94,63,0,199,69,0,44,1,63,0,255,77,8,198,69,12,5,141,125,20,49,192,180,4,137,193,243,171,191,52,251,63,0,87,190,241,16,63,0,49,201,65,255,77,12,141,156,141,160,0,0,0,255,214,16,201,115,243,255,69,12,145,1,1,2,2.000,17,1,42,1
1,0,1,0,0,0,0,1,0,4063232,4096,5,1,344064,66560,4096,65536,0,1048576,4096,4096,0,1,0.000,1,1,1,1,1,1,0,1,1,1,1,0,0.123,0,1,0.123,0.123,0,-1.000,-1.000,-1.000,2.477,1.607,7.956,189,8,178,62,0,199,69,0,44,1,62,0,255,77,8,198,69,12,5,141,125,20,49,192,180,4,137,193,243,171,191,98,30,63,0,87,190,74,174,62,0,49,201,65,255,77,12,141,156,141,160,0,0,0,255,214,16,201,115,243,255,69,12,145,1,1,2,2.000,-1,1,13,1
1,0,1,0,0,0,0,1,0,4128768,4096,5,0,159744,19968,4096,36864,0,1048576,4096,4096,0,1,0.000,1,1,1,1,1,1,0,1,1,1,1,0,0.182,0,1,0.182,0.182,0,-1.000,-1.000,-1.000,2.482,1.620,5.440,189,8,124,63,0,199,69,0,44,1,63,0,255,77,8,198,69,12,5,141,125,20,49,192,180,4,137,193,243,171,191,229,191,63,0,87,190,157,47,63,0,49,201,65,255,77,12,141,156,141,160,0,0,0,255,214,16,201,115,243,255,69,12,145,1,1,2,2.000,14,1,42,1
0,0,0,0,0,0,0,1,0,2621440,4096,5,0,4694016,1216000,4096,832512,0,1048576,4096,4096,0,1,0.000,1,1,1,1,1,1,0,1,1,1,1,0,0.134,0,1,0.134,0.134,0,-1.000,-1.000,-1.000,2.543,1.516,7.568,189,8,156,49,0,199,69,0,44,1,40,0,255,77,8,198,69,12,5,141,125,20,49,192,180,4,137,193,243,171,191,40,63,48,0,87,190,221,7,48,0,49,201,65,255,77,12,141,156,141,160,0,0,0,255,214,16,201,115,243,255,69,12,145,1,1,2,2.000,-1,1,318,1
1,0,1,0,0,0,0,1,0,4281991168,4096,5,1,46018560,10805760,4096,8640000,0,1048576,4096,4096,0,1,0.000,1,1,1,1,1,1,0,1,1,1,1,0,0.171,0,1,0.171,0.171,0,-1.000,-1.000,-1.000,2.391,2.001,7.944,189,8,240,177,255,199,69,0,44,1,58,255,255,77,8,198,69,12,5,141,125,20,49,192,180,4,137,193,243,171,191,243,239,176,255,87,190,56,8,176,255,49,201,65,255,77,12,141,156,141,160,0,0,0,255,214,16,201,115,243,255,69,12,145,1,1,2,2.000,-1,1,53,1
1,0,1,0,0,0,0,1,0,16711680,4096,6,1,110592,5120,4096,20480,0,262144,8192,4096,0,1,0.000,1,1,1,1,1,1,0,1,1,1,1,0,0.165,0,1,0.165,0.165,0,-1.000,-1.000,-1.000,2.365,1.546,5.451,189,8,84,255,0,199,69,0,44,1,255,0,255,77,8,198,69,12,5,141,125,20,49,192,180,4,137,193,243,171,191,128,248,255,0,87,190,241,16,255,0,49,201,65,255,77,12,141,156,141,160,0,0,0,255,214,16,201,115,243,255,69,12,145,1,1,2,2.000,54,1,62,1
0,0,1,0,0,0,0,1,0,4128768,4096,5,1,110592,9728,4096,9728,0,1048576,4096,4096,0,1,0.000,1,1,1,1,1,1,0,1,1,1,1,0,0.043,0,1,0.043,0.043,0,-1.000,-1.000,-1.000,2.487,0.951,7.509,189,8,34,63,0,199,69,0,44,1,63,0,255,77,8,198,69,12,5,141,125,20,49,192,180,4,137,193,243,171,191,8,232,63,0,87,190,45,30,63,0,49,201,65,255,77,12,141,156,141,160,0,0,0,255,214,16,201,115,243,255,69,12,145,1,1,2,2.000,-1,1,8,1
0,0,0,0,0,0,0,0,0,4063232,4096,4,0,258048,56320,4096,2560,2048,33554432,4096,4096,0,1,0.000,1,1,1,1,1,1,0,1,1,1,1,0,0.096,0,1,0.096,0.096,0,-1.000,-1.000,-1.000,2.619,1.357,7.944,189,8,110,62,0,199,69,0,212,0,62,0,255,77,8,198,69,12,5,141,125,20,49,192,180,4,137,193,243,171,191,122,70,63,0,87,190,58,108,62,0,49,201,65,255,77,12,141,156,141,160,0,0,0,255,214,16,201,115,243,255,69,12,145,1,1,2,2.000,-1,1,-1,1
0,0,0,0,0,0,0,0,0,4128768,4096,4,0,167936,24576,4096,45056,0,1048576,4096,4096,0,1,0.000,1,1,1,1,1,1,0,1,1,1,1,0,0.223,0,1,0.223,0.223,0,-1.000,-1.000,-1.000,2.148,1.997,6.111,189,8,156,63,0,199,69,0,44,1,63,0,255,77,8,198,69,12,5,141,125,20,49,192,180,4,137,193,243,171,191,184,172,63,0,87,190,178,65,63,0,49,201,65,255,77,12,141,156,141,160,0,0,0,255,214,16,201,115,243,255,69,12,145,1,1,2,2.000,40,0,76,1
1,0,1,0,0,0,0,1,0,16646144,4096,6,1,311296,60416,4096,54784,0,262144,8192,4096,0,1,0.000,1,1,1,1,1,1,0,1,1,1,1,0,0.103,0,1,0.103,0.103,0,-1.000,-1.000,-1.000,2.568,1.354,7.800,189,8,138,254,0,199,69,0,44,1,254,0,255,77,8,198,69,12,5,141,125,20,49,192,180,4,137,193,243,171,191,230,53,255,0,87,190,186,126,254,0,49,201,65,255,77,12,141,156,141,160,0,0,0,255,214,16,201,115,243,255,69,12,145,1,1,2,2.000,115,1,34,1
1,0,1,0,1,0,0,1,0,3932160,8192,4,0,573440,122368,8192,37376,0,1048576,4096,8192,0,1,0.000,1,1,1,1,1,1,0,1,1,1,1,0,0.234,0,1,0.234,0.234,0,-1.000,-1.000,-1.000,2.475,2.584,7.690,189,8,30,62,0,199,69,0,44,1,60,0,255,77,8,198,69,12,5,141,125,20,49,192,180,4,137,193,243,171,191,210,26,62,0,87,190,255,142,61,0,49,201,65,255,77,12,141,156,141,160,0,0,0,255,214,16,201,115,243,255,69,12,145,1,1,2,2.000,2,1,37,1
0,0,0,0,0,0,0,0,0,4128768,4096,4,0,155648,18432,4096,42496,0,1048576,4096,4096,0,1,0.000,1,1,1,1,1,1,0,1,1,1,1,0,0.075,0,1,0.075,0.075,0,-1.000,-1.000,-1.000,2.133,1.144,7.476,189,8,60,63,0,199,69,0,44,1,63,0,255,77,8,198,69,12,5,141,125,20,49,192,180,4,137,193,243,171,191,25,204,63,0,87,190,240,44,63,0,49,201,65,255,77,12,141,156,141,160,0,0,0,255,214,16,201,115,243,255,69,12,145,1,1,2,2.000,-1,1,30,1
0,0,1,0,0,0,0,1,0,4128768,4096,5,1,118784,5632,4096,25600,0,1048576,4096,4096,0,1,0.000,1,1,1,1,1,1,0,1,1,1,1,0,0.166,0,1,0.166,0.166,0,-1.000,-1.000,-1.000,2.469,1.226,4.066,189,8,90,63,0,199,69,0,44,1,63,0,255,77,8,198,69,12,5,141,125,20,49,192,180,4,137,193,243,171,191,208,245,63,0,87,190,72,23,63,0,49,201,65,255,77,12,141,156,141,160,0,0,0,255,214,16,201,115,243,255,69,12,145,1,1,2,2.000,0,1,33,1
1,0,1,0,0,0,0,1,0,3604480,4096,5,1,1687552,424960,4096,303616,0,1048576,4096,4096,0,1,0.000,1,1,1,1,1,1,0,1,1,1,1,0,0.162,0,1,0.162,0.162,0,-1.000,-1.000,-1.000,2.816,1.613,7.070,189,8,54,59,0,199,69,0,44,1,55,0,255,77,8,198,69,12,5,141,125,20,49,192,180,4,137,193,243,171,191,5,163,58,0,87,190,125,178,57,0,49,201,65,255,77,12,141,156,141,160,0,0,0,255,214,16,201,115,243,255,69,12,145,1,1,2,2.000,-1,1,620,1
1,0,1,0,0,0,0,1,0,4063232,4096,5,1,360448,74752,4096,66048,0,1048576,4096,4096,0,1,0.000,1,1,1,1,1,1,0,1,1,1,1,0,0.128,0,1,0.128,0.128,0,-1.000,-1.000,-1.000,2.469,1.651,7.954,189,8,192,62,0,199,69,0,44,1,62,0,255,77,8,198,69,12,5,141,125,20,49,192,180,4,137,193,243,171,191,228,1,63,0,87,190,124,188,62,0,49,201,65,255,77,12,141,156,141,160,0,0,0,255,214,16,201,115,243,255,69,12,145,1,1,2,2.000,-1,1,13,1
0,0,0,0,0,0,0,0,0,4128768,4096,4,0,180224,38912,4096,22016,0,1048576,4096,4096,0,1,0.000,1,1,1,1,1,1,0,1,1,1,1,0,0.149,0,1,0.149,0.149,0,-1.000,-1.000,-1.000,1.980,1.860,7.703,189,8,118,63,0,199,69,0,44,1,63,0,255,77,8,198,69,12,5,141,125,20,49,192,180,4,137,193,243,171,191,204,129,63,0,87,190,60,101,63,0,49,201,65,255,77,12,141,156,141,160,0,0,0,255,214,16,201,115,243,255,69,12,145,1,1,2,2.000,-1,1,105,1
0,0,0,0,0,0,0,0,0,4128768,4096,4,0,163840,32768,4096,28672,0,1048576,4096,4096,0,1,0.000,1,1,1,1,1,1,0,1,1,1,1,0,0.103,0,1,0.103,0.103,0,-1.000,-1.000,-1.000,2.108,1.507,7.917,189,8,80,63,0,199,69,0,44,1,63,0,255,77,8,198,69,12,5,141,125,20,49,192,180,4,137,193,243,171,191,160,149,63,0,87,190,64,78,63,0,49,201,65,255,77,12,141,156,141,160,0,0,0,255,214,16,201,115,243,255,69,12,145,1,1,2,2.000,-1,1,7,1
0,0,0,0,0,0,0,0,0,4128768,4096,4,0,184320,40960,4096,23552,0,1048576,4096,4096,0,1,0.000,1,1,1,1,1,1,0,1,1,1,1,0,0.157,0,1,0.157,0.157,0,-1.000,-1.000,-1.000,1.966,1.861,7.474,189,8,126,63,0,199,69,0,44,1,63,0,255,77,8,198,69,12,5,141,125,20,49,192,180,4,137,193,243,171,191,209,122,63,0,87,190,88,104,63,0,49,201,65,255,77,12,141,156,141,160,0,0,0,255,214,16,201,115,243,255,69,12,145,1,1,2,2.000,-1,1,146,1
1,0,1,0,0,0,0,1,0,1376256,4096,5,1,7667712,2148864,4096,899072,0,1048576,4096,4096,0,1,0.000,1,1,1,1,1,1,0,1,1,1,1,0,0.127,0,1,0.127,0.127,0,-1.000,-1.000,-1.000,2.768,1.556,7.963,189,8,242,35,0,199,69,0,44,1,21,0,255,77,8,198,69,12,5,141,125,20,49,192,180,4,137,193,243,171,191,7,203,36,0,87,190,96,202,35,0,49,201,65,255,77,12,141,156,141,160,0,0,0,255,214,16,201,115,243,255,69,12,145,1,1,2,2.000,-1,1,153,1
0,0,1,0,0,0,0,1,0,4128768,4096,5,1,106496,8192,4096,8192,0,1048576,4096,4096,0,1,0.000,1,1,1,1,1,1,0,1,1,1,1,0,0.036,0,1,0.036,0.036,0,-1.000,-1.000,-1.000,2.452,0.918,7.711,189,8,30,63,0,199,69,0,44,1,63,0,255,77,8,198,69,12,5,141,125,20,49,192,180,4,137,193,243,171,191,119,237,63,0,87,190,77,27,63,0,49,201,65,255,77,12,141,156,141,160,0,0,0,255,214,16,201,115,243,255,69,12,145,1,1,2,2.000,-1,1,8,1
1,0,1,0,0,0,0,1,0,16711680,4096,6,1,172032,40448,4096,18944,0,262144,8192,4096,0,1,0.000,1,1,1,1,1,1,0,1,1,1,1,0,0.118,0,1,0.118,0.118,0,-1.000,-1.000,-1.000,2.528,1.640,7.892,189,8,92,255,0,199,69,0,44,1,255,0,255,77,8,198,69,12,5,141,125,20,49,192,180,4,137,193,243,171,191,244,124,255,0,87,190,136,86,255,0,49,201,65,255,77,12,141,156,141,160,0,0,0,255,214,16,201,115,243,255,69,12,145,1,1,2,2.000,128,1,29,1
1,0,1,0,0,0,0,1,0,2883584,4096,5,1,4018176,585216,4096,1594368,0,1048576,4096,4096,0,1,0.000,1,1,1,1,1,1,0,1,1,1,1,0,0.194,0,1,0.194,0.194,0,-1.000,-1.000,-1.000,2.729,2.207,7.906,189,8,244,55,0,199,69,0,44,1,44,0,255,77,8,198,69,12,5,141,125,20,49,192,180,4,137,193,243,171,191,88,48,56,0,87,190,231,90,55,0,49,201,65,255,77,12,141,156,141,160,0,0,0,255,214,16,201,115,243,255,69,12,145,1,1,2,2.000,445,1,352,1
1,0,1,0,0,1,0,1,0,3670016,143360,5,1,1388544,359936,4096,142336,0,1048576,4096,4096,0,1,0.000,1,1,1,1,1,1,0,1,1,1,1,0,0.142,0,1,0.142,0.142,0,-1.000,-1.000,-1.000,2.552,1.691,7.886,189,8,14,59,0,199,69,0,44,1,56,0,255,77,8,198,69,12,5,141,125,20,49,192,180,4,137,193,243,171,191,176,30,59,0,87,190,43,227,58,0,49,201,65,255,77,12,141,156,141,160,0,0,0,255,214,16,201,115,243,255,69,12,145,1,1,2,2.000,-1,1,87,1
0,0,1,0,0,0,0,1,0,3932160,4096,5,1,823296,90112,4096,377856,0,1048576,4096,4096,0,1,0.000,1,1,1,1,1,1,0,1,1,1,1,0,0.185,0,1,0.185,0.185,0,-1.000,-1.000,-1.000,2.426,2.189,7.967,189,8,94,62,0,199,69,0,44,1,60,0,255,77,8,198,69,12,5,141,125,20,49,192,180,4,137,193,243,171,191,168,204,62,0,87,190,152,89,62,0,49,201,65,255,77,12,141,156,141,160,0,0,0,255,214,16,201,115,243,255,69,12,145,1,1,2,2.000,126,1,21,1
0,0,0,0,0,0,0,0,0,3670016,4096,4,0,1425408,417792,4096,110592,0,1048576,4096,4096,0,1,0.000,1,1,1,1,1,1,0,1,1,1,1,0,0.097,0,1,0.097,0.097,0,-1.000,-1.000,-1.000,2.216,1.241,7.944,189,8,44,58,0,199,69,0,44,1,56,0,255,77,8,198,69,12,5,141,125,20,49,192,180,4,137,193,243,171,191,10,117,58,0,87,190,232,30,58,0,49,201,65,255,77,12,141,156,141,160,0,0,0,255,214,16,201,115,243,255,69,12,145,1,1,2,2.000,-1,1,122,1
0,0,0,0,0,0,0,0,0,3997696,4096,4,0,557056,145408,4096,80384,0,1048576,4096,4096,0,1,0.000,1,1,1,1,1,1,0,1,1,1,1,0,0.157,0,1,0.157,0.157,0,-1.000,-1.000,-1.000,2.207,1.753,7.453,189,8,98,62,0,199,69,0,44,1,61,0,255,77,8,198,69,12,5,141,125,20,49,192,180,4,137,193,243,171,191,227,53,62,0,87,190,54,28,62,0,49,201,65,255,77,12,141,156,141,160,0,0,0,255,214,16,201,115,243,255,69,12,145,1,1,2,2.000,-1,1,198,1
1,0,1,0,0,0,0,1,0,16711680,4096,6,1,106496,11776,4096,4096,0,262144,8192,4096,0,1,0.000,1,1,1,1,1,1,0,1,1,1,1,0,0.031,0,1,0.031,0.031,0,-1.000,-1.000,-1.000,2.503,0.845,7.269,189,8,28,255,0,199,69,0,44,1,255,0,255,77,8,198,69,12,5,141,125,20,49,192,180,4,137,193,243,171,191,89,222,255,0,87,190,134,23,255,0,49,201,65,255,77,12,141,156,141,160,0,0,0,255,214,16,201,115,243,255,69,12,145,1,1,2,2.000,97,1,18,1
1,0,1,0,0,0,0,1,0,16580608,4096,6,1,454656,98304,4096,63488,0,524288,65536,4096,0,1,0.000,1,1,1,1,1,1,0,1,1,1,1,0,0.095,0,1,0.095,0.095,0,-1.000,-1.000,-1.000,2.610,1.274,7.944,189,8,182,253,0,199,69,0,44,1,253,0,255,77,8,198,69,12,5,141,125,20,49,192,180,4,137,193,243,171,191,214,190,254,0,87,190,188,176,253,0,49,201,65,255,77,12,141,156,141,160,0,0,0,255,214,16,201,115,243,255,69,12,145,1,1,2,2.000,259,1,13,1
0,0,0,0,0,0,0,0,0,4128768,4096,4,0,188416,45056,4096,32768,0,1048576,4096,4096,0,1,0.000,1,1,1,1,1,1,0,1,1,1,1,0,0.106,0,1,0.106,0.106,0,-1.000,-1.000,-1.000,2.065,1.440,7.661,189,8,92,63,0,199,69,0,44,1,63,0,255,77,8,198,69,12,5,141,125,20,49,192,180,4,137,193,243,171,191,205,114,63,0,87,190,156,83,63,0,49,201,65,255,77,12,141,156,141,160,0,0,0,255,214,16,201,115,243,255,69,12,145,1,1,2,2.000,-1,1,52,1
1,0,1,0,0,0,0,1,0,16711680,4096,6,1,102400,9216,4096,5632,0,262144,16384,4096,0,1,0.000,1,1,1,1,1,1,0,1,1,1,1,0,0.042,0,1,0.042,0.042,0,-1.000,-1.000,-1.000,2.432,0.945,7.167,189,8,32,255,0,199,69,0,44,1,255,0,255,77,8,198,69,12,5,141,125,20,49,192,180,4,137,193,243,171,191,139,233,255,0,87,190,100,26,255,0,49,201,65,255,77,12,141,156,141,160,0,0,0,255,214,16,201,115,243,255,69,12,145,1,1,2,2.000,61,1,13,1
0,0,0,0,0,0,0,1,0,4063232,4096,5,0,262144,51712,4096,19968,0,1048576,4096,4096,0,1,0.000,1,1,1,1,1,1,0,1,1,1,1,0,0.102,0,1,0.102,0.102,0,-1.000,-1.000,-1.000,2.487,1.427,7.954,189,8,118,62,0,199,69,0,212,0,62,0,255,77,8,198,69,12,5,141,125,20,49,192,180,4,137,193,243,171,191,36,87,63,0,87,190,238,116,62,0,49,201,65,255,77,12,141,156,141,160,0,0,0,255,214,16,201,115,243,255,69,12,145,1,1,2,2.000,-1,1,-1,1
1,0,1,0,0,0,0,1,0,16711680,4096,6,1,122880,18944,4096,6656,0,262144,8192,4096,0,1,0.000,1,1,1,1,1,1,0,1,1,1,1,0,0.067,0,1,0.067,0.067,0,-1.000,-1.000,-1.000,2.492,1.150,7.526,189,8,46,255,0,199,69,0,44,1,255,0,255,77,8,198,69,12,5,141,125,20,49,192,180,4,137,193,243,171,191,66,200,255,0,87,190,148,39,255,0,49,201,65,255,77,12,141,156,141,160,0,0,0,255,214,16,201,115,243,255,69,12,145,1,1,2,2.000,90,1,18,1
1,0,1,0,0,0,0,1,0,4063232,4096,5,1,446464,71680,4096,161792,0,1048576,4096,4096,0,1,0.000,1,1,1,1,1,1,0,1,1,1,1,0,0.272,0,1,0.272,0.272,0,-1.000,-1.000,-1.000,2.542,2.758,7.473,189,8,228,63,0,199,69,0,44,1,62,0,255,77,8,198,69,12,5,141,125,20,49,192,180,4,137,193,243,171,191,9,10,63,0,87,190,220,224,62,0,49,201,65,255,77,12,141,156,141,160,0,0,0,255,214,16,201,115,243,255,69,12,145,1,1,2,2.000,156,1,68,1
1,0,1,0,0,0,0,1,0,16711680,4096,6,1,176128,45056,4096,13824,0,262144,8192,4096,0,1,0.000,1,1,1,1,1,1,0,1,1,1,1,0,0.115,0,1,0.115,0.115,0,-1.000,-1.000,-1.000,2.518,1.617,7.918,189,8,92,255,0,199,69,0,44,1,255,0,255,77,8,198,69,12,5,141,125,20,49,192,180,4,137,193,243,171,191,68,109,255,0,87,190,68,87,255,0,49,201,65,255,77,12,141,156,141,160,0,0,0,255,214,16,201,115,243,255,69,12,145,1,1,2,2.000,179,1,18,1
0,0,0,0,0,0,0,0,0,4128768,4096,4,0,159744,34816,4096,47616,1024,2097152,4096,4096,0,1,0.000,1,1,1,1,1,1,0,1,1,1,1,0,0.099,0,1,0.099,0.099,0,-1.000,-1.000,-1.000,2.615,1.469,7.912,189,8,76,63,0,199,69,0,212,0,63,0,255,77,8,198,69,12,5,141,125,20,49,192,180,4,137,193,243,171,191,249,153,63,0,87,190,76,74,63,0,49,201,65,255,77,12,141,156,141,160,0,0,0,255,214,16,201,115,243,255,69,12,145,1,1,2,2.000,-1,1,-1,1
0,0,0,0,0,0,0,0,0,4063232,4096,4,0,294912,58880,4096,35328,0,1048576,4096,4096,0,1,0.000,1,1,1,1,1,1,0,1,1,1,1,0,0.131,0,1,0.131,0.131,0,-1.000,-1.000,-1.000,1.941,1.616,7.712,189,8,164,62,0,199,69,0,44,1,62,0,255,77,8,198,69,12,5,141,125,20,49,192,180,4,137,193,243,171,191,90,63,63,0,87,190,136,144,62,0,49,201,65,255,77,12,141,156,141,160,0,0,0,255,214,16,201,115,243,255,69,12,145,1,1,2,2.000,-1,1,129,1
1,0,1,0,1,0,0,0,0,4128768,4096,4,0,167936,16384,4096,22016,36352,2097152,4096,4096,0,1,0.000,1,1,1,1,1,1,0,1,1,1,1,0,0.135,0,1,0.135,0.135,0,-1.000,-1.000,-1.000,2.265,1.249,5.211,189,8,102,63,0,199,69,0,44,1,63,0,255,77,8,198,69,12,5,141,125,20,49,192,180,4,137,193,243,171,191,30,211,63,0,87,190,124,36,63,0,49,201,65,255,77,12,141,156,141,160,0,0,0,255,214,16,201,115,243,255,69,12,145,1,1,2,2.000,-1,1,69,1
0,0,0,0,0,0,0,0,0,4128768,4096,4,0,143360,32768,4096,2048,512,33554432,4096,4096,0,1,0.000,1,1,1,1,1,1,0,1,1,1,1,0,0.089,0,1,0.089,0.089,0,-1.000,-1.000,-1.000,2.589,1.372,7.834,189,8,64,63,0,199,69,0,212,0,63,0,255,77,8,198,69,12,5,141,125,20,49,192,180,4,137,193,243,171,191,169,154,63,0,87,190,88,61,63,0,49,201,65,255,77,12,141,156,141,160,0,0,0,255,214,16,201,115,243,255,69,12,145,1,1,2,2.000,-1,1,-1,1
0,0,0,0,0,0,0,0,0,3670016,4096,4,0,1335296,339456,4096,136192,0,524288,131072,4096,0,1,0.000,1,1,1,1,1,1,0,1,1,1,1,0,0.139,0,1,0.139,0.139,0,-1.000,-1.000,-1.000,2.332,1.611,7.747,189,8,228,58,0,199,69,0,44,1,56,0,255,77,8,198,69,12,5,141,125,20,49,192,180,4,137,193,243,171,191,78,70,59,0,87,190,112,105,58,0,49,201,65,255,77,12,141,156,141,160,0,0,0,255,214,16,201,115,243,255,69,12,145,1,1,2,2.000,-1,1,344,1
1,0,1,0,0,0,0,1,0,4128768,4096,5,0,110592,3072,4096,26112,0,1048576,4096,4096,0,1,0.000,1,1,1,1,1,1,0,1,1,1,1,0,0.191,0,1,0.191,0.191,0,-1.000,-1.000,-1.000,2.405,1.621,4.576,189,8,94,63,0,199,69,0,44,1,63,0,255,77,8,198,69,12,5,141,125,20,49,192,180,4,137,193,243,171,191,237,252,63,0,87,190,241,16,63,0,49,201,65,255,77,12,141,156,141,160,0,0,0,255,214,16,201,115,243,255,69,12,145,1,1,2,2.000,17,0,42,1
1,0,1,0,0,0,0,1,0,16711680,4096,6,1,114688,15360,4096,4096,0,262144,8192,4096,0,1,0.000,1,1,1,1,1,1,0,1,1,1,1,0,0.043,0,1,0.043,0.043,0,-1.000,-1.000,-1.000,2.504,0.949,7.492,189,8,34,255,0,199,69,0,44,1,255,0,255,77,8,198,69,12,5,141,125,20,49,192,180,4,137,193,243,171,191,110,210,255,0,87,190,52,29,255,0,49,201,65,255,77,12,141,156,141,160,0,0,0,255,214,16,201,115,243,255,69,12,145,1,1,2,2.000,114,1,18,1
0,0,0,0,1,0,0,0,0,4128768,4096,4,0,106496,13824,4096,5632,0,1048576,4096,4096,0,1,0.000,1,1,1,1,1,1,0,1,1,1,1,0,0.070,0,1,0.070,0.070,0,-1.000,-1.000,-1.000,2.072,1.136,6.886,189,8,44,63,0,199,69,0,44,1,63,0,255,77,8,198,69,12,5,141,125,20,49,192,180,4,137,193,243,171,191,190,216,63,0,87,190,100,35,63,0,49,201,65,255,77,12,141,156,141,160,0,0,0,255,214,16,201,115,243,255,69,12,145,1,1,2,2.000,47,1,19,1
0,0,0,0,0,0,0,0,0,4128768,4096,4,0,126976,14336,4096,23040,0,1048576,4096,4096,0,1,0.000,1,1,1,1,1,1,0,1,1,1,1,0,0.157,0,1,0.157,0.157,0,-1.000,-1.000,-1.000,2.052,1.900,7.336,189,8,90,63,0,199,69,0,44,1,63,0,255,77,8,198,69,12,5,141,125,20,49,192,180,4,137,193,243,171,191,92,213,63,0,87,190,80,55,63,0,49,201,65,255,77,12,141,156,141,160,0,0,0,255,214,16,201,115,243,255,69,12,145,1,1,2,2.000,27,1,38,1
1,0,1,0,0,0,0,1,0,3866624,4096,5,1,909312,215552,4096,158720,0,1048576,4096,4096,0,1,0.000,1,1,1,1,1,1,0,1,1,1,1,0,0.132,0,1,0.132,0.132,0,-1.000,-1.000,-1.000,2.662,1.639,7.962,189,8,224,60,0,199,69,0,44,1,59,0,255,77,8,198,69,12,5,141,125,20,49,192,180,4,137,193,243,171,191,36,24,61,0,87,190,197,215,60,0,49,201,65,255,77,12,141,156,141,160,0,0,0,255,214,16,201,115,243,255,69,12,145,1,1,2,2.000,-1,1,13,1
1,0,1,0,0,0,0,1,0,16711680,4096,6,1,143360,10240,4096,48640,0,262144,8192,4096,0,1,0.000,1,1,1,1,1,1,0,1,1,1,1,0,0.030,0,1,0.030,0.030,0,-1.000,-1.000,-1.000,2.471,0.692,7.048,189,8,32,255,0,199,69,0,44,1,255,0,255,77,8,198,69,12,5,141,125,20,49,192,180,4,137,193,243,171,191,98,230,255,0,87,190,237,25,255,0,49,201,65,255,77,12,141,156,141,160,0,0,0,255,214,16,201,115,243,255,69,12,145,1,1,2,2.000,71,1,18,1
0,0,0,0,0,0,0,0,0,3604480,4096,4,0,1454080,398336,4096,103936,0,1048576,4096,4096,0,1,0.000,1,1,1,1,1,1,0,1,1,1,1,0,0.118,0,1,0.118,0.118,0,-1.000,-1.000,-1.000,2.194,1.475,7.968,189,8,170,57,0,199,69,0,44,1,55,0,255,77,8,198,69,12,5,141,125,20,49,192,180,4,137,193,243,171,191,176,181,58,0,87,190,161,167,57,0,49,201,65,255,77,12,141,156,141,160,0,0,0,255,214,16,201,115,243,255,69,12,145,1,1,2,2.000,-1,1,7,1
0,0,0,0,0,0,0,0,0,4063232,4096,4,0,266240,48128,4096,26112,0,1048576,4096,4096,0,1,0.000,1,1,1,1,1,1,0,1,1,1,1,0,0.118,0,1,0.118,0.118,0,-1.000,-1.000,-1.000,1.963,1.499,7.678,189,8,136,62,0,199,69,0,44,1,62,0,255,77,8,198,69,12,5,141,125,20,49,192,180,4,137,193,243,171,191,153,98,63,0,87,190,160,119,62,0,49,201,65,255,77,12,141,156,141,160,0,0,0,255,214,16,201,115,243,255,69,12,145,1,1,2,2.000,-1,1,134,1
1,0,1,0,0,0,0,1,0,16252928,4096,6,1,1601536,339456,4096,435712,0,262144,8192,4096,0,1,0.000,1,1,1,1,1,1,0,1,1,1,1,0,0.192,0,1,0.192,0.192,0,-1.000,-1.000,-1.000,2.894,2.066,7.591,189,8,192,252,0,199,69,0,44,1,248,0,255,77,8,198,69,12,5,141,125,20,49,192,180,4,137,193,243,171,191,43,156,251,0,87,190,96,99,251,0,49,201,65,255,77,12,141,156,141,160,0,0,0,255,214,16,201,115,243,255,69,12,145,1,1,2,2.000,396,1,309,1
0,0,0,0,0,0,0,1,0,4063232,4096,5,0,262144,51712,4096,19968,0,1048576,4096,4096,0,1,0.000,1,1,1,1,1,1,0,1,1,1,1,0,0.104,0,1,0.104,0.104,0,-1.000,-1.000,-1.000,2.440,1.431,7.921,189,8,120,62,0,199,69,0,212,0,62,0,255,77,8,198,69,12,5,141,125,20,49,192,180,4,137,193,243,171,191,10,87,63,0,87,190,70,117,62,0,49,201,65,255,77,12,141,156,141,160,0,0,0,255,214,16,201,115,243,255,69,12,145,1,1,2,2.000,-1,1,-1,1
0,0,0,0,0,0,0,0,0,4063232,4096,4,0,299008,56320,4096,45568,0,1048576,4096,4096,0,1,0.000,1,1,1,1,1,1,0,1,1,1,1,0,0.148,0,1,0.148,0.148,0,-1.000,-1.000,-1.000,1.983,1.680,7.419,189,8,186,62,0,199,69,0,44,1,62,0,255,77,8,198,69,12,5,141,125,20,49,192,180,4,137,193,243,171,191,166,70,63,0,87,190,105,148,62,0,49,201,65,255,77,12,141,156,141,160,0,0,0,255,214,16,201,115,243,255,69,12,145,1,1,2,2.000,-1,1,145,1
0,0,0,0,0,0,0,0,0,4063232,4096,4,0,278528,47104,4096,40960,0,1048576,4096,4096,0,1,0.000,1,1,1,1,1,1,0,1,1,1,1,0,0.141,0,1,0.141,0.141,0,-1.000,-1.000,-1.000,2.269,1.618,7.318,189,8,166,62,0,199,69,0,44,1,62,0,255,77,8,198,69,12,5,141,125,20,49,192,180,4,137,193,243,171,191,63,101,63,0,87,190,162,114,62,0,49,201,65,255,77,12,141,156,141,160,0,0,0,255,214,16,201,115,243,255,69,12,145,1,1,2,2.000,-1,1,133,1
1,0,1,0,0,1,0,1,0,3342336,196608,5,1,2146304,556032,4096,204800,0,1048576,4096,4096,0,1,0.000,1,1,1,1,1,1,0,1,1,1,1,0,0.141,0,1,0.141,0.141,0,-1.000,-1.000,-1.000,2.562,1.694,7.923,189,8,176,55,0,199,69,0,44,1,51,0,255,77,8,198,69,12,5,141,125,20,49,192,180,4,137,193,243,171,191,105,126,56,0,87,190,209,132,55,0,49,201,65,255,77,12,141,156,141,160,0,0,0,255,214,16,201,115,243,255,69,12,145,1,1,2,2.000,-1,1,87,1
0,0,0,0,0,0,0,1,0,268369920,4096,5,0,122880,23040,4096,3072,0,1048576,8192,4096,0,1,0.000,1,1,1,1,1,1,0,1,1,1,1,0,0.074,0,1,0.074,0.074,0,-1.000,-1.000,-1.000,2.387,1.265,7.831,189,8,50,255,15,199,69,0,44,1,255,15,255,77,8,198,69,12,5,141,125,20,49,192,180,4,137,193,243,171,191,120,190,255,15,87,190,46,46,255,15,49,201,65,255,77,12,141,156,141,160,0,0,0,255,214,16,201,115,243,255,69,12,145,1,1,2,2.000,97,1,21,1
0,0,1,0,0,0,0,1,0,4063232,4096,5,1,352256,76800,4096,66048,0,1048576,4096,4096,0,1,0.000,1,1,1,1,1,1,0,1,1,1,1,0,0.137,0,1,0.137,0.137,0,-1.000,-1.000,-1.000,2.469,1.744,7.949,189,8,202,62,0,199,69,0,44,1,62,0,255,77,8,198,69,12,5,141,125,20,49,192,180,4,137,193,243,171,191,223,250,62,0,87,190,121,197,62,0,49,201,65,255,77,12,141,156,141,160,0,0,0,255,214,16,201,115,243,255,69,12,145,1,1,2,2.000,-1,1,13,1
1,0,1,0,0,0,0,1,0,4128768,4096,5,1,147456,18944,4096,32256,0,1048576,4096,4096,0,1,0.000,1,1,1,1,1,1,0,1,1,1,1,0,0.129,0,1,0.129,0.129,0,-1.000,-1.000,-1.000,2.471,1.426,6.425,189,8,88,63,0,199,69,0,44,1,63,0,255,77,8,198,69,12,5,141,125,20,49,192,180,4,137,193,243,171,191,189,201,63,0,87,190,47,45,63,0,49,201,65,255,77,12,141,156,141,160,0,0,0,255,214,16,201,115,243,255,69,12,145,1,1,2,2.000,-1,1,187,1
0,0,1,0,1,0,0,0,0,4128768,8192,4,0,122880,16384,8192,8192,0,1048576,4096,8192,0,1,0.000,1,1,1,1,1,1,0,1,1,1,1,0,0.009,0,1,0.009,0.009,0,-1.000,-1.000,-1.000,2.230,0.896,5.669,189,8,36,63,0,199,69,0,44,1,63,0,255,77,8,198,69,12,5,141,125,20,49,192,180,4,137,193,243,171,191,40,231,63,0,87,190,241,32,63,0,49,201,65,255,77,12,141,156,141,160,0,0,0,255,214,16,201,115,243,255,69,12,145,1,1,2,2.000,2,1,13,1
1,0,1,0,0,0,0,1,0,16711680,4096,6,1,184320,38400,4096,31744,0,262144,8192,4096,0,1,0.000,1,1,1,1,1,1,0,1,1,1,1,0,0.083,0,1,0.083,0.083,0,-1.000,-1.000,-1.000,2.565,1.258,7.865,189,8,74,255,0,199,69,0,44,1,255,0,255,77,8,198,69,12,5,141,125,20,49,192,180,4,137,193,243,171,191,236,136,255,0,87,190,128,68,255,0,49,201,65,255,77,12,141,156,141,160,0,0,0,255,214,16,201,115,243,255,69,12,145,1,1,2,2.000,129,1,13,1
0,0,0,0,0,0,0,1,0,2228224,4096,5,0,6176768,1161216,4096,2016256,0,1048576,4096,4096,0,1,0.000,1,1,1,1,1,1,0,1,1,1,1,0,0.172,0,1,0.172,0.172,0,-1.000,-1.000,-1.000,2.756,1.968,7.779,189,8,72,50,0,199,69,0,44,1,34,0,255,77,8,198,69,12,5,141,125,20,49,192,180,4,137,193,243,171,191,31,203,48,0,87,190,55,84,48,0,49,201,65,255,77,12,141,156,141,160,0,0,0,255,214,16,201,115,243,255,69,12,145,1,1,2,2.000,-1,1,741,1
0,0,0,0,0,0,0,0,0,4128768,4096,4,0,249856,24576,4096,126976,0,1048576,4096,4096,0,1,0.000,1,1,1,1,1,1,0,1,1,1,1,0,0.114,0,1,0.114,0.114,0,-1.000,-1.000,-1.000,2.221,1.514,7.842,189,8,124,63,0,199,69,0,44,1,63,0,255,77,8,198,69,12,5,141,125,20,49,192,180,4,137,193,243,171,191,128,175,63,0,87,190,162,117,63,0,49,201,65,255,77,12,141,156,141,160,0,0,0,255,214,16,201,115,243,255,69,12,145,1,1,2,2.000,94,1,24,1
1,0,1,0,1,0,0,0,0,4128768,4096,4,0,167936,16384,4096,22016,36352,2097152,4096,4096,0,1,0.000,1,1,1,1,1,1,0,1,1,1,1,0,0.135,0,1,0.135,0.135,0,-1.000,-1.000,-1.000,2.214,1.248,5.203,189,8,102,63,0,199,69,0,44,1,63,0,255,77,8,198,69,12,5,141,125,20,49,192,180,4,137,193,243,171,191,30,211,63,0,87,190,122,36,63,0,49,201,65,255,77,12,141,156,141,160,0,0,0,255,214,16,201,115,243,255,69,12,145,1,1,2,2.000,-1,1,69,1
0,0,1,0,0,0,0,1,0,4063232,4096,5,1,331776,64512,4096,62464,0,1048576,4096,4096,0,1,0.000,1,1,1,1,1,1,0,1,1,1,1,0,0.128,0,1,0.128,0.128,0,-1.000,-1.000,-1.000,2.343,1.668,7.962,189,8,178,62,0,199,69,0,44,1,62,0,255,77,8,198,69,12,5,141,125,20,49,192,180,4,137,193,243,171,191,121,37,63,0,87,190,0,175,62,0,49,201,65,255,77,12,141,156,141,160,0,0,0,255,214,16,201,115,243,255,69,12,145,1,1,2,2.000,-1,1,13,1
1,0,1,0,1,0,0,0,0,4128768,8192,4,0,131072,20480,8192,8192,0,1048576,4096,8192,0,1,0.000,1,1,1,1,1,1,0,1,1,1,1,0,0.013,0,1,0.013,0.013,0,-1.000,-1.000,-1.000,2.347,0.911,5.184,189,8,38,63,0,199,69,0,44,1,63,0,255,77,8,198,69,12,5,141,125,20,49,192,180,4,137,193,243,171,191,61,218,63,0,87,190,177,33,63,0,49,201,65,255,77,12,141,156,141,160,0,0,0,255,214,16,201,115,243,255,69,12,145,1,1,2,2.000,2,1,13,1
0,0,1,0,0,0,0,1,0,4063232,4096,5,1,348160,72192,4096,66048,0,1048576,4096,4096,0,1,0.000,1,1,1,1,1,1,0,1,1,1,1,0,0.136,0,1,0.136,0.136,0,-1.000,-1.000,-1.000,2.424,1.739,7.957,189,8,198,62,0,199,69,0,44,1,62,0,255,77,8,198,69,12,5,141,125,20,49,192,180,4,137,193,243,171,191,181,9,63,0,87,190,227,194,62,0,49,201,65,255,77,12,141,156,141,160,0,0,0,255,214,16,201,115,243,255,69,12,145,1,1,2,2.000,-1,1,13,1
0,0,0,0,0,0,0,1,0,3735552,4096,5,0,1224704,323584,4096,148480,0,1048576,4096,4096,0,1,0.000,1,1,1,1,1,1,0,1,1,1,1,0,0.130,0,1,0.130,0.130,0,-1.000,-1.000,-1.000,2.580,1.495,7.647,189,8,122,59,0,199,69,0,44,1,57,0,255,77,8,198,69,12,5,141,125,20,49,192,180,4,137,193,243,171,191,196,217,59,0,87,190,29,30,59,0,49,201,65,255,77,12,141,156,141,160,0,0,0,255,214,16,201,115,243,255,69,12,145,1,1,2,2.000,-1,1,277,1
1,0,1,0,0,0,0,1,0,4128768,4096,5,0,110592,3072,4096,26112,0,1048576,4096,4096,0,1,0.000,1,1,1,1,1,1,0,1,1,1,1,0,0.191,0,1,0.191,0.191,0,-1.000,-1.000,-1.000,2.390,1.621,4.252,189,8,94,63,0,199,69,0,44,1,63,0,255,77,8,198,69,12,5,141,125,20,49,192,180,4,137,193,243,171,191,229,252,63,0,87,190,241,16,63,0,49,201,65,255,77,12,141,156,141,160,0,0,0,255,214,16,201,115,243,255,69,12,145,1,1,2,2.000,18,0,42,1
1,0,1,0,0,0,0,1,0,3997696,4096,5,1,569344,86016,4096,195584,0,1048576,4096,4096,0,1,0.000,1,1,1,1,1,1,0,1,1,1,1,0,0.162,0,1,0.162,0.162,0,-1.000,-1.000,-1.000,2.663,1.972,7.963,189,8,118,62,0,199,69,0,44,1,61,0,255,77,8,198,69,12,5,141,125,20,49,192,180,4,137,193,243,171,191,169,217,62,0,87,190,59,113,62,0,49,201,65,255,77,12,141,156,141,160,0,0,0,255,214,16,201,115,243,255,69,12,145,1,1,2,2.000,128,1,18,1
0,0,0,0,0,0,0,1,0,3801088,4096,5,0,921600,237568,4096,55296,0,1048576,4096,4096,0,1,0.000,1,1,1,1,1,1,0,1,1,1,1,0,0.123,0,1,0.123,0.123,0,-1.000,-1.000,-1.000,2.524,1.524,7.916,189,8,202,59,0,199,69,0,44,1,58,0,255,77,8,198,69,12,5,141,125,20,49,192,180,4,137,193,243,171,191,1,199,60,0,87,190,35,184,59,0,49,201,65,255,77,12,141,156,141,160,0,0,0,255,214,16,201,115,243,255,69,12,145,1,1,2,2.000,-1,1,99,1
0,0,1,0,0,0,0,1,0,4063232,4096,5,1,335872,67584,4096,62464,0,1048576,4096,4096,0,1,0.000,1,1,1,1,1,1,0,1,1,1,1,0,0.129,0,1,0.129,0.129,0,-1.000,-1.000,-1.000,2.351,1.656,7.941,189,8,182,62,0,199,69,0,44,1,62,0,255,77,8,198,69,12,5,141,125,20,49,192,180,4,137,193,243,171,191,65,27,63,0,87,190,100,177,62,0,49,201,65,255,77,12,141,156,141,160,0,0,0,255,214,16,201,115,243,255,69,12,145,1,1,2,2.000,-1,1,13,1
1,0,1,0,0,0,0,1,0,3801088,4096,5,1,1204224,167424,4096,481280,0,1048576,4096,4096,0,1,0.000,1,1,1,1,1,1,0,1,1,1,1,0,0.177,0,1,0.177,0.177,0,-1.000,-1.000,-1.000,2.723,2.095,7.964,189,8,78,61,0,199,69,0,44,1,58,0,255,77,8,198,69,12,5,141,125,20,49,192,180,4,137,193,243,171,191,150,188,61,0,87,190,196,72,61,0,49,201,65,255,77,12,141,156,141,160,0,0,0,255,214,16,201,115,243,255,69,12,145,1,1,2,2.000,182,1,18,1
0,0,1,0,1,0,0,0,0,4128768,8192,4,0,172032,40960,8192,8192,0,1048576,4096,8192,0,1,0.000,1,1,1,1,1,1,0,1,1,1,1,0,0.082,0,1,0.082,0.082,0,-1.000,-1.000,-1.000,2.247,1.515,7.840,189,8,82,63,0,199,69,0,44,1,63,0,255,77,8,198,69,12,5,141,125,20,49,192,180,4,137,193,243,171,191,169,143,63,0,87,190,229,77,63,0,49,201,65,255,77,12,141,156,141,160,0,0,0,255,214,16,201,115,243,255,69,12,145,1,1,2,2.000,2,1,13,1
1,0,1,0,1,0,0,1,0,4128768,8192,4,0,147456,28160,8192,6144,0,1048576,4096,8192,0,1,0.000,1,1,1,1,1,1,0,1,1,1,1,0,0.099,0,1,0.099,0.099,0,-1.000,-1.000,-1.000,2.280,1.704,7.410,189,8,84,63,0,199,69,0,44,1,63,0,255,77,8,198,69,12,5,141,125,20,49,192,180,4,137,193,243,171,191,83,183,63,0,87,190,104,65,63,0,49,201,65,255,77,12,141,156,141,160,0,0,0,255,214,16,201,115,243,255,69,12,145,1,1,2,2.000,2,1,25,1
1,0,1,0,1,0,0,1,0,4128768,8192,4,0,139264,20480,8192,9728,0,1048576,4096,8192,0,1,0.000,1,1,1,1,1,1,0,1,1,1,1,0,0.100,0,1,0.100,0.100,0,-1.000,-1.000,-1.000,2.299,1.567,6.429,189,8,82,63,0,199,69,0,44,1,63,0,255,77,8,198,69,12,5,141,125,20,49,192,180,4,137,193,243,171,191,214,203,63,0,87,190,84,49,63,0,49,201,65,255,77,12,141,156,141,160,0,0,0,255,214,16,201,115,243,255,69,12,145,1,1,2,2.000,2,1,29,1
1,0,1,0,0,0,0,1,0,3211264,4096,5,0,8343552,248832,4096,6877696,0,1048576,4096,4096,0,1,0.000,1,1,1,1,1,1,0,1,1,1,1,0,0.088,0,1,0.088,0.088,0,-1.000,-1.000,-1.000,2.770,1.107,7.928,189,8,52,60,0,199,69,0,44,1,49,0,255,77,8,198,69,12,5,141,125,20,49,192,180,4,137,193,243,171,191,2,215,60,0,87,190,3,212,59,0,49,201,65,255,77,12,141,156,141,160,0,0,0,255,214,16,201,115,243,255,69,12,145,1,1,2,2.000,245,1,74,1
0,0,1,0,0,0,0,1,0,268304384,4096,5,0,311296,88064,4096,2560,0,1048576,8192,4096,0,1,0.000,1,1,1,1,1,1,0,1,1,1,1,0,0.110,0,1,0.110,0.110,0,-1.000,-1.000,-1.000,2.431,1.476,7.944,189,8,148,254,15,199,69,0,44,1,254,15,255,77,8,198,69,12,5,141,125,20,49,192,180,4,137,193,243,171,191,147,217,254,15,87,190,227,142,254,15,49,201,65,255,77,12,141,156,141,160,0,0,0,255,214,16,201,115,243,255,69,12,145,1,1,2,2.000,176,1,13,1
1,0,1,0,0,0,0,1,0,16711680,4096,6,1,290816,43008,4096,133120,0,262144,8192,4096,0,1,0.000,1,1,1,1,1,1,0,1,1,1,1,0,0.499,0,1,0.499,0.499,0,-1.000,-1.000,-1.000,2.563,4.537,7.470,189,8,60,1,1,199,69,0,44,1,255,0,255,77,8,198,69,12,5,141,125,20,49,192,180,4,137,193,243,171,191,161,120,255,0,87,190,243,78,255,0,49,201,65,255,77,12,141,156,141,160,0,0,0,255,214,16,201,115,243,255,69,12,145,1,1,2,2.000,129,1,61,1
1,0,1,0,0,0,0,1,0,3997696,4096,5,1,483328,92160,4096,99840,0,1048576,4096,4096,0,1,0.000,1,1,1,1,1,1,0,1,1,1,1,0,0.114,0,1,0.114,0.114,0,-1.000,-1.000,-1.000,2.509,1.451,7.902,189,8,228,61,0,199,69,0,44,1,61,0,255,77,8,198,69,12,5,141,125,20,49,192,180,4,137,193,243,171,191,29,203,62,0,87,190,94,218,61,0,49,201,65,255,77,12,141,156,141,160,0,0,0,255,214,16,201,115,243,255,69,12,145,1,1,2,2.000,-1,1,29,1
0,0,0,0,0,0,0,0,0,4128768,4096,4,0,163840,28672,4096,36864,0,1048576,4096,4096,0,1,0.000,1,1,1,1,1,1,0,1,1,1,1,0,0.146,0,1,0.146,0.146,0,-1.000,-1.000,-1.000,2.060,1.939,7.929,189,8,106,63,0,199,69,0,44,1,63,0,255,77,8,198,69,12,5,141,125,20,49,192,180,4,137,193,243,171,191,199,168,63,0,87,190,157,103,63,0,49,201,65,255,77,12,141,156,141,160,0,0,0,255,214,16,201,115,243,255,69,12,145,1,1,2,2.000,-1,1,21,1
0,0,0,0,0,0,0,0,0,4128768,4096,4,0,184320,33280,4096,33280,0,1048576,65536,4096,0,1,0.000,1,1,1,1,1,1,0,1,1,1,1,0,0.150,0,1,0.150,0.150,0,-1.000,-1.000,-1.000,2.064,1.790,7.466,189,8,120,63,0,199,69,0,44,1,63,0,255,77,8,198,69,12,5,141,125,20,49,192,180,4,137,193,243,171,191,175,150,63,0,87,190,94,100,63,0,49,201,65,255,77,12,141,156,141,160,0,0,0,255,214,16,201,115,243,255,69,12,145,1,1,2,2.000,-1,1,76,1
0,0,0,0,0,0,0,1,0,4063232,4096,5,0,266240,61440,4096,9216,0,1048576,8192,4096,0,1,0.000,1,1,1,1,1,1,0,1,1,1,1,0,0.100,0,1,0.100,0.100,0,-1.000,-1.000,-1.000,2.440,1.390,7.936,189,8,118,62,0,199,69,0,44,1,62,0,255,77,8,198,69,12,5,141,125,20,49,192,180,4,137,193,243,171,191,188,45,63,0,87,190,61,113,62,0,49,201,65,255,77,12,141,156,141,160,0,0,0,255,214,16,201,115,243,255,69,12,145,1,1,2,2.000,173,1,13,1
1,0,1,0,1,0,0,1,0,4128768,8192,4,0,172032,36864,8192,16384,0,1048576,4096,8192,0,1,0.000,1,1,1,1,1,1,0,1,1,1,1,0,0.142,0,1,0.142,0.142,0,-1.000,-1.000,-1.000,2.293,1.832,6.827,189,8,122,63,0,199,69,0,44,1,63,0,255,77,8,198,69,12,5,141,125,20,49,192,180,4,137,193,243,171,191,216,150,63,0,87,190,61,83,63,0,49,201,65,255,77,12,141,156,141,160,0,0,0,255,214,16,201,115,243,255,69,12,145,1,1,2,2.000,2,1,36,1
1,0,1,0,0,0,0,1,0,16711680,4096,6,1,155648,33792,4096,12800,0,262144,8192,4096,0,1,0.000,1,1,1,1,1,1,0,1,1,1,1,0,0.110,0,1,0.110,0.110,0,-1.000,-1.000,-1.000,2.510,1.560,7.827,189,8,80,255,0,199,69,0,44,1,255,0,255,77,8,198,69,12,5,141,125,20,49,192,180,4,137,193,243,171,191,35,151,255,0,87,190,129,73,255,0,49,201,65,255,77,12,141,156,141,160,0,0,0,255,214,16,201,115,243,255,69,12,145,1,1,2,2.000,121,1,26,1
