1024,4.482,127,6.0,0
1024,2.694,199,9.0,0
1024,3.849,123,5.0,0
1024,2.634,99,7.0,0
1024,3.994,123,3.0,0
1024,3.906,123,8.0,0
1024,4.023,195,3.0,0
4096,2.769,0,0.0,0
1024,3.639,137,6.0,0
1024,3.775,16,1.0,0
1024,3.77,195,3.0,0
1024,3.991,123,10.0,0
1024,4.258,57,9.0,0
1024,4.207,123,3.0,0
1024,2.733,131,2.0,0
1024,4.297,127,7.0,0
512,2.786,0,0.0,0
512,2.688,0,0.0,0
1024,3.968,77,3.0,0
1024,3.994,123,8.0,0
1024,3.75,99,7.0,0
1024,3.815,46,3.0,0
1024,3.83,55,0.0,0
1024,3.78,194,2.0,0
4096,2.783,0,0.0,0
1024,3.8,195,1.0,0
1024,3.907,123,8.0,0
1024,3.865,55,0.0,0
1024,3.809,195,3.0,0
1024,4.295,127,8.0,0
1024,3.899,3,0.0,0
4096,2.766,0,0.0,0
1024,3.935,123,9.0,0
1024,3.74,88,3.0,0
512,2.74,0,0.0,0
1024,3.763,0,5.0,0
1024,3.54,0,8.0,0
1024,2.66,199,9.0,0
1024,3.9,123,10.0,0
1024,4.215,92,8.0,0
4096,2.778,0,0.0,0
1024,3.837,77,2.0,0
1024,3.837,55,0.0,0
1024,3.914,123,10.0,0
1024,3.725,99,3.0,0
1024,3.803,78,1.0,0
1024,3.83,195,1.0,0
1024,3.795,195,2.0,0
1024,3.864,78,2.0,0
1024,3.75,120,11.0,0
1024,3.766,195,3.0,0
1024,3.88,123,9.0,0
1024,4.044,195,4.0,0
1024,3.712,195,3.0,0
1024,3.881,55,0.0,0
1024,3.991,123,9.0,0
1024,3.803,195,5.0,0
1024,4.051,123,3.0,0
1024,3.764,5,6.0,0
1024,3.839,195,2.0,0
1024,3.771,195,2.0,0
1024,3.665,179,0.0,0
1024,3.987,123,3.0,0
1024,3.772,195,1.0,0
1024,4.019,195,3.0,0
1024,3.994,16,5.0,0
1024,3.8,195,4.0,0
1024,2.708,199,9.0,0
4096,2.739,0,0.0,0
1024,3.582,149,3.0,0
1024,4.108,123,4.0,0
1024,4.117,0,8.0,0
1024,3.946,123,10.0,0
1024,3.966,123,3.0,0
1024,3.871,89,12.0,0
1024,3.799,195,1.0,0
1024,3.961,55,0.0,0
1024,2.704,199,9.0,0
1024,3.765,55,0.0,0
1024,3.927,55,0.0,0
1024,3.928,55,0.0,0
1024,3.809,195,3.0,0
1024,3.756,123,3.0,0
1024,4.389,127,8.0,0
1024,3.933,55,0.0,0
1024,3.95,123,3.0,0
1024,3.799,195,2.0,0
4096,2.787,0,0.0,0
1024,3.773,120,13.0,0
1024,2.74,132,4.0,0
4096,3.817,0,10.0,0
1024,2.803,164,4.0,0
1024,2.749,100,4.0,0
1024,4.425,121,12.0,0
4096,3.841,232,2.0,0
1024,4.065,123,3.0,0
4096,3.769,120,12.0,0
1024,2.752,116,4.0,0
4096,3.768,24,0.0,0
1024,2.78,100,4.0,0
1024,2.775,116,4.0,0
4096,4.086,192,10.0,0
4096,3.806,0,8.0,0
1024,3.787,0,3.0,0
1024,3.836,164,10.0,0
1024,4.079,123,9.0,0
1024,2.67,199,6.0,0
1024,2.765,164,4.0,0
1024,2.743,132,4.0,0
1024,2.803,116,4.0,0
1024,2.813,245,4.0,0
1024,2.701,100,4.0,0
1024,2.746,100,4.0,0
1024,2.485,199,1.0,0
1024,2.754,116,4.0,0
1024,2.788,11,4.0,0
1024,2.737,104,4.0,0
1024,3.915,51,8.0,0
4096,3.611,64,12.0,0
1024,2.677,199,1.0,0
1024,2.766,116,4.0,0
1024,2.798,148,4.0,0
1024,2.76,84,4.0,0
1024,2.652,192,5.0,0
1024,2.694,199,5.0,0
1024,2.785,116,4.0,0
1024,2.769,100,4.0,0
1024,2.725,100,4.0,0
1024,2.789,244,4.0,0
1024,2.751,116,4.0,0
1024,2.78,116,4.0,0
1024,2.743,100,4.0,0
1024,2.799,116,4.0,0
1024,4.07,0,4.0,0
1024,3.721,215,1.0,0
1024,2.703,100,4.0,0
1024,2.764,116,4.0,0
1024,4.183,86,9.0,0
1024,2.784,116,4.0,0
1024,2.849,248,4.0,0
1024,4.034,123,9.0,0
1024,4.175,142,4.0,0
1024,2.786,116,4.0,0
4096,3.653,0,10.0,0
1024,2.741,100,4.0,0
1024,2.77,100,4.0,0
1024,3.353,83,2.0,0
4096,4.284,0,9.0,0
1024,2.842,233,4.0,0
1024,2.757,152,4.0,0
1024,2.794,133,4.0,0
1024,2.748,173,4.0,0
1024,3.897,120,10.0,0
1024,4.29,169,5.0,0
1024,2.795,112,4.0,0
1024,2.716,100,4.0,0
1024,3.866,0,4.0,0
1024,2.793,139,4.0,0
1024,2.792,148,4.0,0
1024,2.646,192,5.0,0
1024,2.758,84,4.0,0
1024,2.464,131,1.0,0
1024,2.767,116,4.0,0
1536,3.584,80,9.0,0
4096,4.076,144,3.0,0
1024,2.739,132,4.0,0
1024,4.072,123,3.0,0
1024,2.804,213,4.0,0
1024,2.787,100,4.0,0
1024,2.739,108,4.0,0
1024,2.826,197,4.0,0
1024,3.924,120,14.0,0
1024,2.726,100,4.0,0
4096,2.716,0,0.0,0
1024,3.989,0,4.0,0
1024,2.765,179,4.0,0
1024,2.8,116,4.0,0
1024,2.786,100,4.0,0
1024,2.819,196,4.0,0
1024,2.692,199,5.0,0
1024,4.12,104,6.0,0
1024,2.717,100,4.0,0
1024,2.724,100,4.0,0
1024,2.775,102,4.0,0
4096,2.735,0,0.0,0
1024,2.754,100,4.0,0
1024,4.079,53,3.0,0
1024,2.727,100,4.0,0
1024,4.048,64,2.0,0
4096,2.651,0,0.0,0
1024,4.147,192,9.0,0
1024,3.863,0,11.0,0
1024,4.05,0,4.0,0
4096,3.811,0,10.0,0
1024,2.724,84,4.0,0
1024,2.744,100,4.0,0
4096,3.91,16,3.0,0
1024,2.802,165,4.0,0
1024,4.376,121,12.0,0
1024,2.778,120,4.0,0
1024,2.784,121,4.0,0
1024,2.773,116,4.0,0
1024,2.888,154,4.0,0
1024,2.784,132,4.0,0
4096,3.585,248,12.0,0
1024,2.722,100,4.0,0
1024,3.66,116,2.0,0
1024,2.779,116,4.0,0
1024,2.831,213,4.0,0
4096,3.836,168,0.0,0
1024,2.756,116,4.0,0
1024,2.82,165,4.0,0
1024,2.41,232,1.0,0
1024,2.78,132,4.0,0
1024,2.779,116,4.0,0
1024,2.813,133,4.0,0
1024,4.326,162,2.0,0
1024,4.321,162,6.0,0
1024,2.82,149,4.0,0
4096,3.901,48,12.0,0
1024,2.732,132,4.0,0
1024,2.805,169,4.0,0
1024,2.634,199,5.0,0
1024,2.794,151,4.0,0
1024,2.729,84,4.0,0
1024,2.783,148,4.0,0
1024,2.779,117,4.0,0
1024,2.791,164,4.0,0
4096,3.702,0,11.0,0
1024,2.789,132,4.0,0
1024,2.87,231,4.0,0
1024,3.663,122,2.0,0
4096,3.845,53,9.0,0
1024,2.811,149,4.0,0
1024,2.698,100,4.0,0
1024,2.756,84,4.0,0
1024,3.831,164,12.0,0
1024,2.788,164,4.0,0
512,2.028,86,7.0,0
1024,4.043,120,13.0,0
4096,3.966,56,11.0,0
1024,2.788,148,4.0,0
1024,2.745,116,4.0,0
1024,3.789,0,3.0,0
1536,1.523,43,15.0,0
1024,2.811,132,4.0,0
1024,2.785,116,4.0,0
1024,2.525,199,2.0,0
1024,2.73,116,4.0,0
1024,2.725,133,4.0,0
1024,4.03,120,11.0,0
1024,4.112,123,10.0,0
1024,2.729,100,4.0,0
1024,2.731,100,4.0,0
1024,3.89,120,13.0,0
1024,4.164,123,3.0,0
1024,3.96,160,3.0,0
1024,4.046,123,3.0,0
1024,2.751,100,4.0,0
4096,2.652,0,0.0,0
1024,2.75,100,4.0,0
1024,2.757,125,4.0,0
1024,2.178,51,16.0,0
1024,2.782,148,4.0,0
1024,2.795,149,4.0,0
1024,2.75,116,4.0,0
1024,3.804,122,2.0,0
1024,2.726,132,5.0,0
1024,4.204,1,4.0,0
1024,2.735,84,4.0,0
1024,2.728,84,4.0,0
1024,2.76,84,4.0,0
1024,3.219,1,10.0,0
1024,2.759,116,4.0,0
1024,2.805,100,4.0,0
1024,2.798,132,4.0,0
1024,2.693,199,5.0,0
1024,2.771,165,4.0,0
4096,3.95,80,11.0,0
4096,3.817,40,6.0,0
1024,2.742,132,4.0,0
1024,2.772,116,4.0,0
1024,2.795,117,4.0,0
1024,2.62,2,6.0,0
4096,4.013,64,13.0,0
1024,2.614,199,3.0,0
1024,3.876,128,11.0,0
4096,3.932,200,0.0,0
1024,2.532,199,4.0,0
1024,2.734,100,4.0,0
1024,2.766,118,4.0,0
1024,2.719,84,4.0,0
1024,4.145,162,1.0,0
1024,3.865,0,4.0,0
1024,3.945,0,4.0,0
1024,2.795,134,4.0,0
1024,2.757,157,4.0,0
1024,2.798,164,4.0,0
1024,2.857,244,4.0,0
4096,3.791,22,11.0,0
1024,2.589,1,5.0,0
1024,2.765,100,4.0,0
1024,2.774,100,4.0,0
1024,4.219,123,3.0,0
1024,2.811,199,4.0,0
1024,2.794,214,4.0,0
4096,2.669,0,0.0,0
1024,2.801,100,4.0,0
1024,2.797,161,4.0,0
1024,2.772,132,4.0,0
1024,2.771,100,4.0,0
4096,4.027,128,9.0,0
4096,3.796,0,10.0,0
1024,2.624,199,4.0,0
1024,2.802,116,4.0,0
4096,2.705,0,0.0,0
1024,2.341,83,24.0,0
1024,2.848,164,4.0,0
1024,2.748,84,4.0,0
1024,2.81,233,4.0,0
4096,2.703,0,0.0,0
1024,2.76,100,4.0,0
1024,2.838,128,4.0,0
1024,2.756,84,4.0,0
1024,3.859,120,14.0,0
1024,2.671,208,5.0,0
1024,4.462,122,9.0,0
1024,2.913,189,4.0,0
1024,2.735,84,4.0,0
1024,2.773,132,4.0,0
1024,2.779,132,4.0,0
4096,3.865,56,9.0,0
1024,3.65,116,2.0,0
1024,4.15,123,10.0,0
1024,2.782,136,4.0,0
512,2.712,0,0.0,0
1024,4.107,123,3.0,0
1024,2.786,119,4.0,0
1024,2.762,100,4.0,0
1024,2.812,96,4.0,0
4096,2.474,199,1.0,0
1024,4.057,53,10.0,0
1024,4.187,0,15.0,0
1024,2.739,132,4.0,0
1024,2.299,184,23.0,0
1024,3.773,64,0.0,0
1024,2.755,116,4.0,0
1024,2.754,100,4.0,0
1024,2.43,131,1.0,0
1024,2.743,101,4.0,0
1024,2.74,100,4.0,0
1024,2.696,100,4.0,0
4096,3.76,152,4.0,0
1024,4.176,53,3.0,0
4096,3.689,112,2.0,0
4096,4.17,64,14.0,0
1024,2.781,132,4.0,0
1024,2.799,174,4.0,0
1024,2.83,149,4.0,0
1024,4.068,123,3.0,0
1024,2.752,100,4.0,0
1024,2.773,116,4.0,0
1024,2.786,132,4.0,0
1024,2.817,245,4.0,0
4096,3.833,0,10.0,0
1024,2.844,228,4.0,0
1024,2.749,180,4.0,0
1024,4.11,123,3.0,0
1024,2.709,100,4.0,0
4096,3.861,0,4.0,0
1024,2.754,192,9.0,0
1024,2.601,83,14.0,0
1024,4.519,162,9.0,0
1024,4.164,123,3.0,0
1024,2.771,116,4.0,0
1024,2.784,132,4.0,0
1024,2.738,100,4.0,0
1024,2.748,124,4.0,0
1024,3.824,162,3.0,0
1024,3.972,0,4.0,0
4096,4.141,176,13.0,0
1024,3.769,1,2.0,0
1024,3.818,1,2.0,0
1024,3.862,1,2.0,0
1024,3.904,1,2.0,0
1024,4.305,1,2.0,0
1024,4.198,1,2.0,0
1024,4.055,1,2.0,0
1024,3.495,1,2.0,0
1024,3.832,1,2.0,0
1024,3.85,1,2.0,0
1024,3.878,1,2.0,0
1024,3.848,1,2.0,0
1024,3.875,1,2.0,0
1024,3.791,1,2.0,0
1024,3.865,1,2.0,0
1024,3.822,1,2.0,0
1024,3.898,1,2.0,0
1024,3.861,1,2.0,0
1024,4.482,1,2.0,0
1024,3.685,1,2.0,0
1024,3.994,1,2.0,0
1024,3.842,1,2.0,0
1024,3.511,1,2.0,0
1024,3.828,1,2.0,0
1024,3.553,1,2.0,0
1024,3.862,1,2.0,0
1024,4.137,1,2.0,0
1024,3.856,1,2.0,0
1024,3.78,1,2.0,0
1024,3.585,1,2.0,0
1024,4.115,1,2.0,0
1024,4.256,1,2.0,0
1024,4.45,1,2.0,0
1024,3.695,1,2.0,0
4096,4.168,1,2.0,0
1024,3.954,1,2.0,0
1024,3.6,1,2.0,0
1024,3.883,96,2.0,0
1024,2.406,96,2.0,0
1024,3.718,96,2.0,0
1024,3.797,96,2.0,0
1024,3.822,96,2.0,0
1024,3.832,96,2.0,0
1024,3.978,96,2.0,0
1024,3.474,96,2.0,0
1024,3.706,96,2.0,0
1024,3.736,96,2.0,0
1024,3.76,96,2.0,0
1024,3.737,96,2.0,0
1024,3.758,96,2.0,0
1024,3.692,96,2.0,0
1024,3.725,96,2.0,0
1024,3.693,96,2.0,0
1024,3.781,96,2.0,0
1024,3.708,96,2.0,0
1024,3.582,96,2.0,0
1024,3.595,96,2.0,0
1024,3.858,96,2.0,0
1024,3.697,96,2.0,0
1024,3.731,96,2.0,0
1024,3.566,96,2.0,0
1024,3.838,96,2.0,0
1024,3.801,96,2.0,0
1024,3.789,96,2.0,0
1024,3.67,96,2.0,0
1024,3.564,96,2.0,0
1024,4.171,96,2.0,0
1024,4.351,96,2.0,0
1024,3.573,96,2.0,0
1024,3.63,96,2.0,0
1024,3.853,96,2.0,0
1024,3.744,96,2.0,0
1024,3.486,96,2.0,0
512,2.751,136,2.0,0
512,2.714,14,2.0,0
512,2.756,168,2.0,0
512,2.747,67,2.0,0
512,2.752,68,2.0,0
512,2.772,51,2.0,0
512,2.76,49,2.0,0
512,2.78,148,2.0,0
512,2.787,37,2.0,0
512,2.761,194,2.0,0
512,2.8,93,2.0,0
512,2.793,198,2.0,0
512,2.789,82,2.0,0
512,2.686,126,2.0,0
512,2.744,248,2.0,0
512,2.803,116,2.0,0
512,2.693,217,2.0,0
512,2.784,25,2.0,0
512,2.775,28,2.0,0
512,2.736,153,2.0,0
512,2.775,59,2.0,0
512,2.775,11,2.0,0
512,2.729,156,2.0,0
512,2.904,123,2.0,0
512,2.713,58,2.0,0
512,2.752,183,2.0,0
512,2.737,43,2.0,0
512,2.783,110,2.0,0
512,2.831,239,2.0,0
512,2.699,229,2.0,0
512,2.74,251,2.0,0
512,2.74,228,2.0,0
512,2.802,240,2.0,0
512,2.693,111,2.0,0
512,2.798,149,2.0,0
512,2.783,69,2.0,0
512,2.793,60,2.0,0
512,2.795,2,2.0,0
512,2.69,148,2.0,0
512,2.664,203,2.0,0
512,2.74,180,2.0,0
512,2.764,237,2.0,0
512,2.775,61,2.0,0
512,2.783,188,2.0,0
4096,4.127,141,4.0,1
4096,4.163,141,4.0,1
4096,4.19,141,4.0,1
4096,4.203,141,4.0,1
4096,4.576,141,4.0,1
4096,4.41,141,4.0,1
4096,4.414,141,4.0,1
4096,3.916,141,4.0,1
4096,4.19,141,4.0,1
4096,4.149,141,4.0,1
4096,4.197,141,4.0,1
4096,4.226,141,4.0,1
4096,4.254,141,4.0,1
4096,4.106,141,4.0,1
4096,4.205,141,4.0,1
4096,4.099,141,4.0,1
4096,4.283,141,4.0,1
4096,4.195,141,4.0,1
4096,4.715,141,4.0,1
4096,3.943,141,4.0,1
4096,4.36,141,4.0,1
4096,4.205,141,4.0,1
4096,3.772,141,4.0,1
4096,4.174,141,4.0,1
4096,4.031,141,4.0,1
4096,4.158,141,4.0,1
4096,4.468,141,4.0,1
4096,4.067,141,4.0,1
4096,4.172,141,4.0,1
4096,3.877,141,4.0,1
4096,4.424,141,4.0,1
4096,4.526,141,4.0,1
4096,4.684,141,4.0,1
4096,4.082,141,4.0,1
4096,4.024,141,6.0,1
4096,4.836,141,4.0,1
4096,4.256,141,4.0,1
4096,3.913,141,4.0,1
1024,3.538,137,1.0,0
1024,3.705,137,2.0,0
1024,3.653,137,1.0,0
1024,3.644,137,1.0,0
1024,3.291,137,1.0,0
1536,1.808,137,1.0,0
1024,3.461,137,1.0,0
1024,3.264,137,1.0,0
1024,3.47,137,1.0,0
1024,3.497,137,1.0,0
1024,3.484,137,1.0,0
1536,2.499,137,2.0,0
1024,3.506,137,1.0,0
1024,3.418,137,1.0,0
1024,3.483,137,2.0,0
1024,3.43,137,1.0,0
1024,3.554,137,1.0,0
1024,3.47,137,1.0,0
1536,2.709,137,2.0,0
1536,2.549,137,2.0,0
1024,3.896,137,1.0,0
1024,3.346,137,1.0,0
1024,3.597,137,1.0,0
1024,3.481,137,1.0,0
1024,3.219,137,2.0,0
1024,3.503,137,1.0,0
1024,3.305,137,1.0,0
1024,3.495,137,1.0,0
1024,3.712,137,1.0,0
1024,3.462,137,1.0,0
1024,3.457,137,1.0,0
1024,3.336,137,1.0,0
1024,3.671,137,1.0,0
1024,3.744,137,1.0,0
1024,3.858,137,1.0,0
1024,3.345,137,1.0,0
1024,3.94,137,1.0,0
1024,3.564,137,1.0,0
1024,3.302,137,1.0,0
1024,3.817,0,2.0,0
1024,3.866,0,2.0,0
1024,4.012,0,2.0,0
1024,3.792,0,2.0,0
1024,3.78,0,2.0,0
1024,3.809,0,2.0,0
1024,3.787,0,2.0,0
1024,3.899,0,2.0,0
1024,3.766,0,2.0,0
1024,3.756,0,2.0,0
1024,3.846,0,2.0,0
1024,3.816,0,2.0,0
1024,4.004,0,2.0,0
1024,4.192,0,2.0,0
4096,2.775,0,2.0,0
512,2.705,0,2.0,0
1024,3.765,0,2.0,0
512,2.706,0,2.0,0
1024,3.813,0,2.0,0
1024,3.84,0,2.0,0
1024,3.778,0,2.0,0
1024,3.58,0,2.0,0
1024,3.673,0,2.0,0
1024,4.021,0,2.0,0
1024,3.791,0,2.0,0
1024,3.828,0,2.0,0
1024,2.614,0,2.0,0
1024,2.592,0,2.0,0
1024,2.592,0,2.0,0
1024,2.604,0,2.0,0
1024,2.602,0,2.0,0
1024,2.607,0,2.0,0
1024,2.575,0,2.0,0
512,2.733,0,2.0,0
1024,3.85,0,2.0,0
1024,3.961,0,2.0,0
1024,3.917,0,2.0,0
512,2.693,0,2.0,0
1024,3.798,0,2.0,0
1024,3.832,0,2.0,0
1024,4.25,0,2.0,0
1024,3.982,0,2.0,0
1024,3.709,0,2.0,0
1024,3.78,0,2.0,0
1024,3.816,0,2.0,0
1024,3.769,0,2.0,0
1024,3.7,0,2.0,0
4096,4.081,0,2.0,0
1024,4.121,0,5.0,0
1024,4.056,141,8.0,0
1024,3.972,141,8.0,0
1024,4.001,141,8.0,0
1024,4.274,0,5.0,0
1024,3.698,141,8.0,0
1024,4.153,0,5.0,0
1024,4.281,0,5.0,0
1024,4.122,0,5.0,0
1024,4.11,0,5.0,0
1024,3.849,141,8.0,0
1024,4.307,0,5.0,0
1024,3.616,141,8.0,0
1024,4.228,0,5.0,0
1024,4.245,0,5.0,0
512,1.857,100,4.0,0
1024,4.13,100,4.0,0
1024,4.184,100,4.0,0
1024,4.211,100,4.0,0
1024,4.215,100,4.0,0
1024,4.429,100,4.0,0
1024,4.176,100,4.0,0
1024,4.167,100,4.0,0
1024,4.216,100,4.0,0
1024,4.229,100,4.0,0
1024,4.268,100,4.0,0
1024,4.142,100,4.0,0
1024,4.244,100,4.0,0
1024,4.299,100,4.0,0
1024,4.217,100,4.0,0
1024,4.621,100,4.0,0
1024,4.033,100,4.0,0
1024,3.965,100,4.0,0
1024,4.382,100,4.0,0
1024,4.181,100,4.0,0
1024,4.2,100,4.0,0
1024,3.994,100,4.0,0
1024,4.304,100,4.0,0
1024,4.185,100,4.0,0
1024,4.502,100,4.0,0
1024,4.073,100,4.0,0
1024,4.147,100,4.0,0
1024,3.869,100,4.0,0
1024,4.416,100,4.0,0
1024,4.544,100,4.0,0
1024,4.604,100,4.0,0
1024,4.07,100,4.0,0
1024,4.062,100,4.0,0
1024,4.275,100,4.0,0
1024,4.229,100,4.0,0
1024,3.952,100,4.0,0
1024,3.763,91,5.0,0
1024,4.105,91,5.0,0
1024,4.045,91,5.0,0
1024,3.852,91,5.0,0
1024,3.43,91,5.0,0
1024,3.664,91,5.0,0
1024,3.675,91,5.0,0
1024,3.736,91,5.0,0
1024,3.68,91,5.0,0
1024,3.749,91,5.0,0
1024,3.667,91,5.0,0
1024,3.706,91,5.0,0
1024,3.644,91,5.0,0
1024,3.732,91,5.0,0
1024,3.707,91,5.0,0
1024,4.293,91,5.0,0
1024,3.589,91,5.0,0
1024,3.846,91,5.0,0
1024,3.703,91,5.0,0
1024,3.317,91,5.0,0
1024,3.742,91,5.0,0
1024,3.485,91,5.0,0
1024,3.678,91,5.0,0
1024,4.047,91,5.0,0
1024,3.736,91,5.0,0
1024,3.634,91,5.0,0
1024,3.526,91,5.0,0
1024,3.914,91,5.0,0
1024,4.082,91,5.0,0
1024,4.246,91,5.0,0
1024,3.578,91,5.0,0
4096,3.991,91,5.0,0
1024,3.764,91,5.0,0
1024,3.445,91,5.0,0
1024,2.488,9,6.0,0
1024,2.579,9,6.0,0
1024,2.418,9,6.0,0
1024,2.58,9,6.0,0
1024,2.67,9,6.0,0
1024,2.638,0,6.0,0
1024,2.657,9,6.0,0
1024,2.711,9,6.0,0
1024,2.593,9,7.0,0
1024,2.591,9,6.0,0
1024,2.577,9,6.0,0
1024,2.59,9,6.0,0
1024,2.526,9,6.0,0
1024,2.586,9,6.0,0
1024,2.56,9,6.0,0
1024,2.52,9,6.0,0
1024,2.526,9,6.0,0
1024,2.503,9,6.0,0
1024,2.53,9,7.0,0
1024,2.615,9,6.0,0
1024,2.526,0,6.0,0
1024,2.524,9,6.0,0
1024,2.701,9,6.0,0
1024,2.437,9,6.0,0
1024,2.53,9,6.0,0
1024,2.514,9,6.0,0
1024,2.523,9,6.0,0
1024,2.477,9,6.0,0
1024,2.567,9,6.0,0
1024,2.528,9,6.0,0
1024,2.687,9,6.0,0
1024,2.526,9,6.0,0
1024,2.668,9,6.0,0
1024,2.617,9,6.0,0
1024,2.635,9,6.0,0
1024,2.615,9,6.0,0
1024,2.466,9,6.0,0
1024,2.55,9,6.0,0
1024,2.488,9,6.0,0
1024,3.745,135,4.0,0
1024,3.801,21,6.0,0
1024,3.67,155,10.0,0
1024,3.753,58,4.0,0
1024,3.782,187,10.0,0
1024,3.948,139,8.0,0
1024,3.876,235,8.0,0
1024,3.888,63,4.0,0
1024,3.497,207,7.0,0
1024,3.66,91,8.0,0
1024,3.704,11,10.0,0
1024,3.752,251,6.0,0
1024,3.702,75,8.0,0
1024,3.754,169,4.0,0
1024,3.661,59,9.0,0
1024,3.693,187,10.0,0
1024,3.653,235,11.0,0
1024,3.74,171,10.0,0
1024,3.675,139,8.0,0
1024,4.225,187,7.0,0
1024,3.522,115,11.0,0
1024,3.512,71,7.0,0
1024,3.841,214,4.0,0
1024,3.66,108,9.0,0
1024,3.391,44,13.0,0
1024,3.482,28,11.0,0
1024,3.713,232,4.0,0
1024,3.957,202,7.0,0
1024,3.602,241,6.0,0
1024,3.653,76,8.0,0
1024,3.894,220,9.0,0
1024,4.036,69,4.0,0
1024,4.216,108,6.0,0
1024,3.591,89,6.0,0
1024,3.535,156,9.0,0
1024,3.792,28,7.0,0
1024,3.812,122,8.0,0
1024,3.546,232,2.0,0
1024,3.627,232,2.0,0
1024,2.246,232,2.0,0
1024,3.532,232,2.0,0
1024,3.601,232,2.0,0
1024,3.335,232,2.0,0
1024,3.498,232,2.0,0
1024,3.497,232,2.0,0
1024,3.531,232,2.0,0
1024,3.529,232,2.0,0
1024,3.542,232,2.0,0
1024,3.454,232,2.0,0
1024,3.496,232,2.0,0
1024,3.54,232,2.0,0
1024,3.334,232,2.0,0
1024,3.372,232,2.0,0
1024,3.635,232,2.0,0
1024,3.496,232,2.0,0
1024,3.5,232,2.0,0
1024,3.357,232,2.0,0
1024,3.537,232,2.0,0
1024,3.515,232,2.0,0
1024,3.462,232,2.0,0
1024,3.484,232,2.0,0
1024,3.347,232,2.0,0
1024,3.778,232,2.0,0
1024,3.874,232,2.0,0
1024,3.337,232,2.0,0
1024,3.375,232,2.0,0
1024,3.606,232,2.0,0
1024,3.341,232,2.0,0
1024,3.761,93,5.0,0
1024,3.666,93,5.0,0
1024,3.811,93,5.0,0
1024,3.956,93,5.0,0
1024,3.805,93,5.0,0
1024,3.893,93,5.0,0
1024,3.884,93,5.0,0
1024,3.893,93,5.0,0
1024,4.276,93,5.0,0
1024,4.191,93,5.0,0
1024,4.042,93,5.0,0
1024,3.783,93,5.0,0
1024,3.671,93,5.0,0
1024,3.782,93,5.0,0
1024,3.815,93,5.0,0
1024,3.686,93,5.0,0
1024,3.872,93,5.0,0
1024,3.669,93,5.0,0
1024,3.725,93,5.0,0
1024,3.835,93,5.0,0
1024,3.641,93,5.0,0
1024,3.665,93,5.0,0
1024,3.667,93,5.0,0
1024,3.657,93,5.0,0
1024,3.777,93,5.0,0
1024,3.645,93,5.0,0
1024,3.61,93,5.0,0
1024,3.695,93,5.0,0
1024,3.681,93,5.0,0
1024,3.92,93,5.0,0
1024,3.804,93,5.0,0
1024,4.035,93,5.0,0
1024,3.862,93,5.0,0
1024,3.768,93,5.0,0
1024,3.795,93,5.0,0
1024,3.759,93,5.0,0
1024,3.841,93,5.0,0
1024,3.694,93,5.0,0
1024,3.698,93,5.0,0
1024,3.651,93,5.0,0
1024,3.658,93,5.0,0
1024,3.87,93,5.0,0
1024,3.656,93,5.0,0
1024,3.683,93,5.0,0
1024,3.712,93,5.0,0
1024,3.758,93,5.0,0
1024,3.682,93,5.0,0
1024,3.697,93,5.0,0
1024,3.623,93,5.0,0
1024,3.675,93,5.0,0
1024,3.627,93,5.0,0
1024,3.638,93,5.0,0
1024,3.607,93,5.0,0
1024,3.625,93,5.0,0
1024,3.622,93,5.0,0
1024,3.582,93,5.0,0
1024,2.26,0,2.0,0
1024,2.405,0,2.0,0
1024,2.368,0,2.0,0
1024,2.436,0,2.0,0
1024,2.408,0,2.0,0
1024,2.439,0,2.0,0
1024,2.424,0,2.0,0
1024,2.393,0,2.0,0
1024,2.332,0,2.0,0
1024,2.236,0,2.0,0
1024,2.311,0,2.0,0
1024,2.33,0,2.0,0
1024,2.212,0,2.0,0
1024,2.27,0,2.0,0
1024,2.254,0,2.0,0
1024,2.264,0,2.0,0
1024,2.35,0,2.0,0
1024,2.215,0,2.0,0
1024,2.288,0,2.0,0
1024,2.281,0,2.0,0
1024,2.286,0,2.0,0
1024,2.222,0,2.0,0
1024,2.382,0,2.0,0
1024,2.319,0,2.0,0
1024,2.294,0,2.0,0
1024,2.416,0,2.0,0
1024,2.371,0,2.0,0
1024,2.528,0,2.0,0
1024,2.211,0,2.0,0
1024,2.572,0,2.0,0
1024,2.425,0,2.0,0
1024,2.408,0,2.0,0
1024,2.438,0,2.0,0
1024,2.184,0,2.0,0
1024,2.247,0,2.0,0
1024,2.437,0,2.0,0
1024,2.374,0,2.0,0
1024,2.277,0,2.0,0
512,2.265,85,2.0,0
1024,2.37,85,2.0,0
1024,2.464,85,2.0,0
1024,2.202,85,2.0,0
1024,2.188,85,2.0,0
1024,2.193,85,2.0,0
1024,2.202,85,2.0,0
1024,2.197,85,2.0,0
1024,2.202,85,2.0,0
1024,2.2,85,2.0,0
1024,2.168,85,2.0,0
512,2.391,85,2.0,0
512,2.226,85,2.0,0
512,2.323,85,2.0,0
1024,2.154,85,2.0,0
512,2.33,85,2.0,0
512,2.325,85,2.0,0
512,2.304,85,2.0,0
1024,3.794,232,4.0,0
1024,3.984,232,4.0,0
1024,3.816,232,4.0,0
1024,3.958,232,4.0,0
1024,3.849,232,4.0,0
1024,3.823,232,4.0,0
1024,3.934,232,4.0,0
512,2.668,232,4.0,0
1024,3.933,232,4.0,0
1024,3.842,232,4.0,0
1024,3.884,232,4.0,0
1024,3.692,232,4.0,0
1024,3.943,232,4.0,0
512,2.713,232,4.0,0
1024,4.499,232,4.0,0
1024,2.515,232,4.0,0
1024,3.762,232,4.0,0
1024,3.755,232,4.0,0
1024,3.563,232,4.0,0
1024,3.741,232,4.0,0
1024,2.598,232,4.0,0
512,2.696,232,4.0,0
1024,3.878,232,4.0,0
1024,3.683,232,4.0,0
4096,2.778,232,4.0,0
512,2.674,232,4.0,0
1024,3.772,232,4.0,0
1024,3.944,232,4.0,0
1024,3.653,232,4.0,0
1024,3.684,232,4.0,0
1024,4.162,232,4.0,0
4096,3.992,232,4.0,0
4096,2.74,232,4.0,0
4096,3.774,123,23.0,0
4096,4.011,127,23.0,0
4096,3.909,127,23.0,0
4096,3.941,123,23.0,0
4096,3.516,137,23.0,0
4096,3.684,123,23.0,0
4096,3.531,195,23.0,0
4096,3.68,123,23.0,0
4096,3.694,0,23.0,0
4096,3.704,123,23.0,0
4096,3.736,123,23.0,0
4096,3.666,123,23.0,0
4096,3.672,0,23.0,0
4096,3.656,123,23.0,0
4096,3.755,123,23.0,0
4096,3.706,123,23.0,0
4096,4.161,122,23.0,0
4096,3.636,195,23.0,0
4096,3.829,123,23.0,0
4096,3.698,123,23.0,0
4096,3.506,120,23.0,0
4096,3.783,77,23.0,0
4096,3.595,120,23.0,0
4096,3.773,123,23.0,0
4096,4.011,127,23.0,0
4096,3.752,16,23.0,0
4096,3.631,123,23.0,0
4096,3.604,88,23.0,0
4096,3.896,57,23.0,0
4096,4.053,123,23.0,0
4096,4.207,127,23.0,0
4096,3.539,0,23.0,0
4096,4.031,123,23.0,0
4096,3.87,0,23.0,0
4096,3.526,123,23.0,0
512,2.368,104,2.0,0
512,2.424,104,2.0,0
512,2.469,104,2.0,0
512,2.456,104,2.0,0
512,2.405,104,2.0,0
512,2.454,104,2.0,0
512,2.309,104,2.0,0
512,2.433,104,2.0,0
512,2.431,104,2.0,0
512,2.273,104,2.0,0
512,2.398,104,2.0,0
512,2.334,104,2.0,0
512,2.322,104,2.0,0
512,2.431,104,2.0,0
512,2.371,104,2.0,0
512,2.317,104,2.0,0
512,2.556,104,2.0,0
512,2.282,104,2.0,0
512,2.34,104,2.0,0
512,2.337,104,2.0,0
512,2.425,104,2.0,0
512,2.488,104,2.0,0
512,2.249,104,2.0,0
512,2.39,104,2.0,0
512,2.437,104,2.0,0
512,2.508,104,2.0,0
512,2.273,104,2.0,0
512,2.409,104,2.0,0
512,2.43,104,2.0,0
512,2.433,104,2.0,0
512,2.452,104,2.0,0
512,2.264,104,2.0,0
512,2.52,104,2.0,0
512,2.448,104,2.0,0
512,2.382,104,2.0,0
1024,3.798,233,3.0,0
1024,2.308,233,3.0,0
1024,3.58,233,3.0,0
1024,3.653,233,3.0,0
1024,3.642,233,3.0,0
1024,3.643,233,3.0,0
1024,3.965,233,4.0,0
1024,3.882,233,3.0,0
1024,3.416,233,3.0,0
1024,3.624,233,3.0,0
1024,3.593,233,3.0,0
1024,3.619,233,3.0,0
1024,3.63,233,3.0,0
1024,3.673,233,3.0,0
1024,3.578,233,3.0,0
1024,3.607,233,4.0,0
1024,3.59,233,3.0,0
1024,3.63,233,3.0,0
1024,3.524,233,3.0,0
1024,3.495,233,3.0,0
1024,3.746,233,3.0,0
1024,3.61,233,3.0,0
1024,3.653,233,3.0,0
1024,3.503,233,3.0,0
1024,3.742,233,3.0,0
1024,3.692,233,3.0,0
1024,3.888,233,3.0,0
1024,3.574,233,3.0,0
1024,3.578,233,3.0,0
1024,3.401,233,3.0,0
1024,3.84,233,3.0,0
1024,3.975,233,3.0,0
1024,4.152,233,3.0,0
1024,3.495,233,3.0,0
1024,3.518,233,3.0,0
1024,3.726,233,3.0,0
4096,3.963,233,3.0,0
1024,3.65,233,3.0,0
1024,3.781,233,3.0,0
1024,3.458,233,3.0,0
1024,3.841,1,-1,0
1024,3.856,1,-1,0
1024,4.285,1,-1,0
1024,4.175,1,-1,0
1024,4.026,1,-1,0
1024,3.556,1,-1,0
1024,3.837,1,-1,0
1024,3.665,1,-1,0
1024,3.815,1,-1,0
1024,3.845,1,-1,0
1024,3.675,1,-1,0
1024,3.573,1,-1,0
1024,3.866,1,-1,0
1024,4.031,1,-1,0
4096,2.593,1,-1,0
1024,3.866,1,-1,0
1024,3.782,1,-1,0
1024,3.834,1,-1,0
1024,3.84,1,-1,0
1024,3.875,1,-1,0
1024,3.835,1,-1,0
1024,3.827,1,-1,0
1024,4.423,1,-1,0
1024,3.67,1,-1,0
1024,3.491,1,-1,0
1024,3.961,1,-1,0
512,2.569,1,-1,0
1024,3.841,1,-1,0
1024,3.56,1,-1,0
1024,3.827,1,-1,0
1024,3.564,1,-1,0
512,2.532,1,-1,0
1024,3.836,1,-1,0
1024,4.096,1,-1,0
1024,3.828,1,-1,0
1024,3.796,1,-1,0
1024,3.557,1,-1,0
1024,4.068,1,-1,0
1024,4.241,1,-1,0
1024,4.425,1,-1,0
1024,3.655,1,-1,0
1024,3.916,1,-1,0
1024,3.67,1,-1,0
4096,3.608,1,2.0,0
1024,3.688,1,2.0,0
1024,3.509,1,2.0,0
1024,3.666,1,2.0,0
1024,3.749,1,2.0,0
1024,3.81,1,2.0,0
4096,3.56,1,2.0,0
4096,3.53,1,2.0,0
4096,3.909,1,2.0,0
4096,3.532,1,2.0,0
1024,3.811,1,2.0,0
1024,3.764,1,2.0,0
4096,3.373,1,2.0,0
1024,3.82,1,2.0,0
1024,3.823,1,2.0,0
1024,3.493,1,2.0,0
1024,3.855,1,2.0,0
1024,3.788,1,2.0,0
1024,3.857,1,2.0,0
1024,3.921,1,2.0,0
1024,3.843,1,2.0,0
1024,3.555,1,2.0,0
1024,3.546,1,2.0,0
1024,3.834,1,2.0,0
1536,1.544,1,2.0,0
1024,2.44,1,2.0,0
4096,3.74,1,2.0,0
4096,3.577,1,2.0,0
1024,3.83,1,2.0,0
1024,4.068,1,2.0,0
1024,2.089,1,2.0,0
4096,3.687,1,2.0,0
1024,3.614,1,2.0,0
1024,3.8,1,2.0,0
1024,4.199,1,2.0,0
1024,2.151,1,2.0,0
1024,2.127,1,2.0,0
4096,3.875,1,2.0,0
1024,3.722,1,2.0,0
1024,3.876,1,2.0,0
1024,4.369,1,2.0,0
1024,3.706,1,2.0,0
1024,3.828,1,2.0,0
1024,3.53,1,2.0,0
1024,3.88,1,2.0,0
1024,3.954,1,2.0,0
1024,3.693,1,2.0,0
4096,3.673,1,2.0,0
4096,3.566,1,2.0,0
1024,3.692,1,2.0,0
4096,3.935,1,2.0,0
1024,3.574,1,2.0,0
4096,3.586,1,2.0,0
4096,3.756,1,2.0,0
1024,4.16,1,2.0,0
1024,3.872,1,2.0,0
4096,3.525,1,2.0,0
4096,3.608,1,2.0,0
4096,3.791,1,2.0,0
1024,3.74,1,2.0,0
4096,3.808,1,2.0,0
1024,3.466,96,2.0,0
1024,3.761,96,2.0,0
1024,3.746,96,2.0,0
1024,3.745,96,2.0,0
1024,3.653,96,2.0,0
1024,3.726,96,2.0,0
1024,3.644,96,2.0,0
1024,3.79,96,2.0,0
1024,3.776,96,2.0,0
4096,3.551,96,2.0,0
1024,3.783,96,2.0,0
4096,3.544,96,2.0,0
4096,3.555,96,2.0,0
4096,3.652,96,2.0,0
4096,3.95,96,2.0,0
1024,3.857,96,2.0,0
4096,3.585,96,2.0,0
1024,3.738,96,2.0,0
4096,3.402,96,2.0,0
4096,3.421,96,2.0,0
1024,3.869,96,2.0,0
1024,3.841,96,2.0,0
1024,3.61,96,2.0,0
1024,3.867,96,2.0,0
1024,3.798,96,2.0,0
1024,3.912,96,2.0,0
1024,3.911,96,2.0,0
1024,3.834,96,2.0,0
1024,3.608,96,2.0,0
1024,3.673,96,2.0,0
1024,3.891,96,2.0,0
1024,2.685,96,2.0,0
4096,3.803,96,2.0,0
4096,3.55,96,2.0,0
1024,3.818,96,2.0,0
1024,4.043,96,2.0,0
4096,3.68,96,2.0,0
1024,3.655,96,2.0,0
4096,2.538,96,2.0,0
1024,3.87,96,2.0,0
1024,3.756,96,2.0,0
1024,2.383,96,2.0,0
4096,3.87,96,2.0,0
1024,3.75,96,2.0,0
1024,3.914,96,2.0,0
1024,3.763,96,2.0,0
1024,3.78,96,2.0,0
1024,3.873,96,2.0,0
1024,3.582,96,2.0,0
1024,3.885,96,2.0,0
1024,3.733,96,2.0,0
1024,3.803,96,2.0,0
4096,3.656,96,2.0,0
4096,3.552,96,2.0,0
1024,3.808,96,2.0,0
4096,3.942,96,2.0,0
1024,3.707,96,2.0,0
4096,3.573,96,2.0,0
4096,3.746,96,2.0,0
1024,3.977,96,2.0,0
4096,3.52,96,2.0,0
4096,3.595,96,2.0,0
4096,3.801,96,2.0,0
1024,3.813,96,2.0,0
4096,3.873,96,2.0,0
512,5.289,80,2.0,0
512,5.184,80,2.0,0
512,5.236,80,2.0,0
512,5.297,80,2.0,0
512,5.232,80,2.0,0
512,5.205,80,2.0,0
512,5.241,80,2.0,0
512,5.186,80,2.0,0
512,5.186,80,2.0,0
512,5.254,80,2.0,0
512,5.178,80,2.0,0
512,5.232,80,2.0,0
512,5.264,80,2.0,0
512,5.124,80,0.0,0
512,5.232,80,2.0,0
512,5.219,80,2.0,0
512,5.218,80,2.0,0
512,5.223,80,2.0,0
512,5.237,80,2.0,0
512,5.237,80,2.0,0
512,5.239,80,2.0,0
512,5.238,80,2.0,0
512,5.284,80,2.0,0
512,5.265,80,2.0,0
512,5.243,80,2.0,0
512,5.259,80,2.0,0
512,5.234,80,2.0,0
512,3.01,41,2.0,0
512,5.221,80,2.0,0
512,5.254,80,2.0,0
512,5.19,80,2.0,0
512,5.258,80,2.0,0
512,5.231,80,2.0,0
512,2.867,179,2.0,0
512,5.132,80,0.0,0
512,5.214,80,2.0,0
512,5.218,80,2.0,0
512,5.2,80,2.0,0
512,5.268,80,2.0,0
512,2.846,1,2.0,0
512,5.254,80,2.0,0
512,5.199,80,2.0,0
512,5.289,80,2.0,0
512,5.212,80,2.0,0
512,5.217,80,2.0,0
512,5.237,80,2.0,0
512,5.214,80,2.0,0
512,5.269,80,2.0,0
512,5.239,80,2.0,0
512,5.244,80,2.0,0
512,5.219,80,2.0,0
512,5.142,80,0.0,0
512,5.209,80,2.0,0
512,5.244,80,2.0,0
512,5.21,80,2.0,0
512,5.245,80,2.0,0
512,5.218,80,2.0,0
512,5.146,80,0.0,0
512,5.243,80,2.0,0
512,5.206,80,2.0,0
512,5.145,80,0.0,0
512,5.254,80,2.0,0
4096,4.086,141,4.0,1
4096,4.149,141,4.0,1
4096,3.952,141,4.0,1
4096,4.068,141,4.0,1
4096,3.912,141,4.0,1
4096,4.045,141,4.0,1
4096,4.079,141,4.0,1
4096,4.041,141,4.0,1
4096,4.18,141,4.0,1
4096,4.11,141,4.0,1
4096,4.104,141,4.0,1
4096,3.852,141,4.0,1
4096,4.252,141,4.0,1
4096,3.984,141,4.0,1
4096,2.846,141,4.0,1
4096,4.171,141,4.0,1
4096,4.097,141,4.0,1
4096,3.916,141,4.0,1
4096,3.845,141,4.0,1
4096,4.168,141,4.0,1
4096,4.184,141,4.0,1
4096,3.883,141,4.0,1
4096,4.222,141,4.0,1
4096,4.122,141,4.0,1
4096,4.186,141,4.0,1
4096,4.249,141,4.0,1
4096,4.161,141,4.0,1
4096,3.984,141,4.0,1
4096,3.982,141,4.0,1
4096,4.146,141,4.0,1
4096,1.604,141,4.0,1
4096,2.72,141,4.0,1
4096,4.108,141,4.0,1
4096,4.05,141,4.0,1
4096,4.169,141,4.0,1
4096,4.245,141,4.0,1
4096,2.503,141,4.0,1
4096,3.894,141,4.0,1
4096,3.923,141,4.0,1
4096,4.161,141,4.0,1
4096,4.04,141,4.0,1
4096,4.505,141,4.0,1
4096,2.48,141,4.0,1
4096,2.482,141,4.0,1
4096,4.323,141,4.0,1
4096,4.191,141,4.0,1
4096,4.209,141,4.0,1
4096,4.594,141,4.0,1
4096,4.129,141,4.0,1
4096,4.086,141,4.0,1
4096,4.192,141,4.0,1
4096,3.853,141,4.0,1
4096,4.363,141,4.0,1
4096,4.283,141,4.0,1
4096,4.028,141,4.0,1
4096,4.179,141,4.0,1
4096,3.896,141,4.0,1
4096,4.113,141,4.0,1
4096,4.079,141,4.0,1
4096,4.257,141,4.0,1
4096,4.056,141,4.0,1
4096,4.161,141,4.0,1
4096,3.953,141,4.0,1
4096,4.446,141,4.0,1
4096,4.231,141,4.0,1
4096,4.016,141,4.0,1
4096,4.084,141,4.0,1
4096,4.036,141,4.0,1
4096,3.958,141,4.0,1
4096,4.055,141,4.0,1
4096,4.13,141,4.0,1
1024,2.496,137,1.0,0
1024,3.407,137,1.0,0
1024,2.678,137,1.0,0
1024,2.531,137,1.0,0
1024,2.207,137,1.0,0
1024,2.628,137,1.0,0
1024,3.341,137,1.0,0
1024,3.343,137,1.0,0
1024,3.45,137,1.0,0
4096,3.396,137,1.0,0
1024,2.603,137,1.0,0
1024,3.402,137,1.0,0
4096,3.247,137,1.0,0
4096,3.521,137,1.0,0
1024,3.483,137,1.0,0
1024,2.627,137,1.0,0
4096,3.372,137,1.0,0
1024,3.38,137,1.0,0
1024,3.285,137,2.0,0
1024,3.243,137,1.0,0
4096,3.215,137,1.0,0
1024,3.579,137,1.0,0
1024,3.558,137,1.0,0
1024,3.282,137,1.0,0
1024,3.557,137,1.0,0
1024,3.517,137,1.0,0
1024,3.584,137,1.0,0
1024,3.626,137,1.0,0
1024,3.538,137,1.0,0
1024,3.322,137,1.0,0
1024,3.379,137,1.0,0
1024,2.645,137,1.0,0
1024,3.515,137,1.0,0
1024,2.764,137,2.0,0
4096,3.359,137,2.0,0
1024,2.689,137,1.0,0
1024,3.354,137,1.0,0
1024,3.461,137,1.0,0
1024,3.499,137,1.0,0
4096,3.318,137,1.0,0
1024,3.302,137,1.0,0
1024,3.502,137,1.0,0
1024,3.36,137,1.0,0
1024,3.809,137,2.0,0
4096,3.617,137,2.0,0
1024,3.462,137,1.0,0
1024,3.511,137,1.0,0
1024,3.814,137,1.0,0
1024,3.44,137,1.0,0
1024,3.383,137,1.0,0
1024,3.522,137,1.0,0
1024,3.705,137,1.0,0
1024,3.589,137,1.0,0
1024,3.334,137,1.0,0
1024,3.459,137,1.0,0
4096,3.322,137,1.0,0
1024,3.391,137,1.0,0
1024,3.41,137,1.0,0
4096,3.543,137,1.0,0
1024,3.42,137,1.0,0
4096,3.427,137,1.0,0
4096,3.308,137,1.0,0
1024,3.79,137,1.0,0
1024,3.565,137,1.0,0
4096,3.338,137,1.0,0
1024,3.387,137,1.0,0
1024,3.381,137,1.0,0
4096,3.289,137,1.0,0
1024,3.384,137,1.0,0
4096,3.399,137,1.0,0
4096,3.409,137,2.0,0
1024,2.501,0,2.0,0
1024,2.6,0,2.0,0
1024,3.725,0,2.0,0
1024,2.52,0,2.0,0
4096,3.667,0,2.0,0
4096,3.649,0,2.0,0
4096,3.659,0,2.0,0
1024,2.636,0,2.0,0
1024,2.639,0,2.0,0
4096,3.76,0,2.0,0
4096,2.646,0,2.0,0
4096,3.51,0,2.0,0
4096,2.664,0,2.0,0
1024,3.574,0,2.0,0
1024,3.653,0,2.0,0
1536,1.519,0,2.0,0
1024,2.721,0,2.0,0
4096,3.705,0,2.0,0
4096,3.684,0,2.0,0
4096,2.76,0,2.0,0
1024,2.624,0,2.0,0
1024,3.86,0,2.0,0
4096,3.592,0,2.0,0
1024,3.709,0,2.0,0
1024,2.26,0,2.0,0
1024,2.627,0,2.0,0
4096,2.587,0,2.0,0
4096,2.697,0,2.0,0
4096,2.687,0,2.0,0
512,2.696,0,2.0,0
1024,2.431,0,2.0,0
1024,2.332,0,2.0,0
4096,3.99,0,2.0,0
1024,3.879,0,2.0,0
1024,2.663,0,2.0,0
1024,3.736,0,2.0,0
1024,2.505,0,2.0,0
1024,2.501,0,2.0,0
1024,3.996,0,2.0,0
1024,2.559,0,2.0,0
1024,2.625,0,2.0,0
4096,3.668,0,2.0,0
1024,2.593,0,2.0,0
1024,2.585,0,2.0,0
1024,2.554,0,2.0,0
1024,2.604,0,2.0,0
4096,3.702,0,2.0,0
1024,2.148,0,2.0,0
1024,2.589,0,2.0,0
1024,2.653,0,2.0,0
4096,3.717,0,2.0,0
1024,3.755,0,2.0,0
1536,3.388,0,2.0,0
4096,2.695,0,2.0,0
4096,2.667,0,2.0,0
1024,3.646,0,2.0,0
1024,3.234,0,2.0,0
4096,3.692,0,2.0,0
512,3.629,139,5.0,0
512,3.566,139,5.0,0
512,3.594,139,5.0,0
512,3.573,139,5.0,0
512,3.556,139,5.0,0
512,3.578,139,5.0,0
512,3.556,139,5.0,0
512,3.558,139,5.0,0
512,3.591,139,5.0,0
512,3.528,139,6.0,0
512,3.575,139,5.0,0
512,3.566,139,5.0,0
512,3.487,139,5.0,0
512,3.566,139,5.0,0
512,3.538,139,5.0,0
512,3.515,139,5.0,0
512,3.542,139,5.0,0
512,3.577,139,5.0,0
512,3.537,139,5.0,0
512,3.569,139,5.0,0
512,3.565,139,5.0,0
512,3.584,139,5.0,0
512,3.595,139,5.0,0
512,3.572,139,5.0,0
512,3.565,139,5.0,0
512,3.603,139,5.0,0
512,3.551,139,5.0,0
512,3.602,139,6.0,0
512,3.629,139,5.0,0
512,3.579,139,5.0,0
512,3.531,139,5.0,0
512,3.597,139,5.0,0
512,3.564,139,5.0,0
512,3.601,139,5.0,0
512,3.579,139,6.0,0
512,3.568,139,5.0,0
512,3.601,139,6.0,0
512,3.575,139,5.0,0
512,3.541,139,5.0,0
512,3.565,139,5.0,0
512,3.572,139,5.0,0
512,3.63,139,5.0,0
512,3.555,139,5.0,0
512,3.606,139,6.0,0
512,3.58,139,5.0,0
512,3.581,139,5.0,0
512,3.553,139,6.0,0
512,3.595,139,5.0,0
512,3.596,139,5.0,0
512,3.56,139,5.0,0
512,3.541,139,5.0,0
512,3.557,139,5.0,0
512,3.629,139,6.0,0
512,3.572,139,5.0,0
512,3.615,139,6.0,0
512,3.597,139,6.0,0
512,3.605,139,6.0,0
512,3.574,139,5.0,0
512,3.608,139,5.0,0
512,3.591,139,5.0,0
512,3.643,139,5.0,0
512,3.558,139,5.0,0
512,3.552,139,5.0,0
512,3.579,139,5.0,0
512,3.569,139,5.0,0
512,3.552,139,5.0,0
512,3.606,139,5.0,0
512,3.571,139,5.0,0
512,3.569,139,5.0,0
512,3.534,139,5.0,0
512,3.572,139,5.0,0
512,3.556,139,5.0,0
512,3.589,139,5.0,0
512,3.561,139,5.0,0
512,3.582,139,5.0,0
512,3.578,139,6.0,0
512,3.553,139,5.0,0
512,3.549,139,5.0,0
512,3.6,139,5.0,0
512,3.556,139,5.0,0
512,3.611,139,5.0,0
512,3.583,139,5.0,0
512,3.575,139,5.0,0
512,3.655,139,5.0,0
512,3.551,139,5.0,0
512,3.582,139,5.0,0
512,3.564,139,5.0,0
512,3.544,139,5.0,0
512,3.621,139,5.0,0
512,3.617,139,5.0,0
512,3.603,139,5.0,0
512,3.524,139,5.0,0
512,3.694,139,5.0,0
512,3.503,139,5.0,0
512,3.606,139,5.0,0
512,3.609,139,5.0,0
512,3.586,139,5.0,0
512,3.58,139,5.0,0
1024,2.688,0,5.0,0
1024,3.035,0,5.0,0
1024,2.736,0,5.0,0
1024,2.589,0,5.0,0
1024,4.588,0,5.0,0
1024,4.575,0,5.0,0
1024,4.654,0,5.0,0
1024,4.821,0,5.0,0
1024,4.508,0,5.0,0
1024,2.706,0,5.0,0
1024,4.559,0,5.0,0
512,2.551,0,5.0,0
1024,4.622,0,5.0,0
1024,4.606,0,5.0,0
1024,2.587,0,5.0,0
1024,4.524,0,5.0,0
1024,2.546,0,5.0,0
1024,2.581,0,5.0,0
1024,2.929,0,5.0,0
1024,2.959,0,5.0,0
1024,2.929,0,5.0,0
1024,4.574,0,5.0,0
1024,4.529,0,5.0,0
1024,4.729,0,5.0,0
1024,4.131,141,8.0,0
1024,3.05,0,5.0,0
1024,3.063,0,5.0,0
1024,2.503,0,5.0,0
1024,2.929,0,5.0,0
1024,3.267,0,5.0,0
1024,4.37,0,5.0,0
1024,2.585,0,5.0,0
1024,2.983,0,5.0,0
1024,3.81,141,8.0,0
1024,4.169,141,8.0,0
1024,4.149,141,8.0,0
1024,4.494,0,5.0,0
1024,3.006,0,5.0,0
1024,4.162,141,8.0,0
1024,2.553,0,5.0,0
1024,4.256,0,5.0,0
1536,1.97,0,5.0,0
1024,3.135,0,5.0,0
1024,2.901,0,5.0,0
1024,3.303,0,5.0,0
1024,4.799,0,5.0,0
1024,4.405,0,5.0,0
1024,3.086,0,5.0,0
1024,4.535,0,5.0,0
1024,2.672,0,5.0,0
1024,2.457,0,5.0,0
1024,2.601,0,5.0,0
1536,1.963,0,5.0,0
1024,3.042,0,5.0,0
1024,2.583,0,5.0,0
1024,2.636,0,5.0,0
1024,2.651,0,5.0,0
1024,2.948,0,5.0,0
1024,4.485,0,5.0,0
1024,4.274,0,5.0,0
1024,4.737,0,5.0,0
1024,4.585,0,5.0,0
1024,2.635,0,5.0,0
1024,4.681,0,5.0,0
1024,4.811,0,5.0,0
1024,2.483,0,5.0,0
1024,2.624,0,5.0,0
1024,4.802,0,5.0,0
1024,4.674,0,5.0,0
1024,2.996,0,5.0,0
1024,4.24,0,5.0,0
1024,2.615,0,5.0,0
1024,4.628,0,5.0,0
1024,2.61,0,5.0,0
1024,3.155,0,5.0,0
1024,4.544,0,5.0,0
1024,4.495,0,5.0,0
1024,4.349,0,5.0,0
1024,3.295,0,5.0,0
1024,4.341,141,8.0,0
1024,2.962,0,5.0,0
1024,4.726,0,5.0,0
1024,4.49,0,5.0,0
1024,4.686,0,5.0,0
1024,4.464,0,5.0,0
1024,3.702,0,5.0,0
1024,4.461,0,5.0,0
1024,3.024,0,5.0,0
1024,3.09,0,5.0,0
1024,4.144,0,5.0,0
1024,4.525,0,5.0,0
1024,4.675,0,5.0,0
1024,3.174,0,5.0,0
1024,4.544,0,5.0,0
1536,2.033,0,5.0,0
1024,4.658,0,5.0,0
1024,3.021,0,5.0,0
1024,4.636,0,5.0,0
1024,4.515,0,5.0,0
1024,4.486,0,5.0,0
1024,2.589,0,5.0,0
1024,2.74,0,5.0,0
1024,4.542,0,5.0,0
1024,3.051,0,5.0,0
1024,3.407,0,5.0,0
1024,3.094,0,5.0,0
1024,4.685,0,5.0,0
1024,4.629,0,5.0,0
1024,4.123,0,5.0,0
512,2.868,0,5.0,0
1024,4.458,0,5.0,0
1024,4.59,0,5.0,0
1024,4.742,0,5.0,0
1024,4.753,0,5.0,0
1024,4.527,0,5.0,0
1024,4.578,0,5.0,0
1024,2.456,100,5.0,0
1024,4.225,100,4.0,0
1024,4.141,100,4.0,0
1024,4.21,100,4.0,0
1024,4.32,100,4.0,0
1024,4.112,100,4.0,0
1024,4.226,100,4.0,0
1024,4.116,100,4.0,0
1024,4.273,100,4.0,0
1024,4.235,100,4.0,0
1024,4.068,100,5.0,0
1024,4.167,100,4.0,0
1024,4.31,100,4.0,0
1024,4.087,100,5.0,0
1024,4.293,100,4.0,0
1024,4.254,100,4.0,0
1024,4.061,100,4.0,0
1024,4.414,100,4.0,0
1024,4.336,100,4.0,0
1024,4.153,100,4.0,0
1024,4.236,100,4.0,0
1024,4.092,100,4.0,0
1024,3.988,100,4.0,0
1024,4.374,100,4.0,0
1024,4.302,100,4.0,0
1024,4.081,100,4.0,0
1024,4.357,100,4.0,0
1024,4.258,100,4.0,0
1024,4.419,100,4.0,0
1024,4.405,100,4.0,0
1024,4.287,100,4.0,0
1024,4.142,100,4.0,0
1024,4.297,100,4.0,0
1024,1.763,100,4.0,0
512,2.797,100,4.0,0
1024,4.239,100,4.0,0
1024,4.187,100,4.0,0
1024,4.315,100,4.0,0
1024,2.453,100,5.0,0
1024,4.128,100,4.0,0
1024,4.095,100,4.0,0
1024,4.284,100,4.0,0
1024,4.228,100,4.0,0
1024,4.635,100,5.0,0
1024,2.45,100,5.0,0
1024,4.514,100,5.0,0
1024,4.349,100,4.0,0
1024,4.38,100,4.0,0
1024,4.306,100,4.0,0
1024,4.197,100,4.0,0
1024,4.343,100,4.0,0
1024,3.997,100,4.0,0
1024,4.537,100,4.0,0
1024,4.39,100,4.0,0
1024,4.152,100,4.0,0
1024,4.316,100,4.0,0
1024,4.147,100,4.0,0
1024,4.244,100,4.0,0
1024,4.271,100,4.0,0
1024,4.428,100,4.0,0
1024,4.198,100,4.0,0
1024,4.326,100,4.0,0
1024,4.157,100,4.0,0
1024,4.569,100,4.0,0
1024,4.443,100,4.0,0
1024,4.194,100,4.0,0
1024,4.187,100,4.0,0
1024,4.136,100,4.0,0
1024,4.182,100,4.0,0
1024,4.283,100,4.0,0
1024,3.666,91,5.0,0
1024,3.682,91,5.0,0
4096,3.582,91,5.0,0
1024,3.756,91,5.0,0
1024,3.599,91,5.0,0
4096,3.585,91,5.0,0
1024,3.573,91,5.0,0
1024,3.829,91,5.0,0
4096,3.561,91,5.0,0
4096,2.676,91,5.0,0
1024,3.822,91,5.0,0
1024,3.703,91,5.0,0
4096,3.422,91,5.0,0
1024,3.399,91,5.0,0
1024,3.829,91,5.0,0
1024,3.793,91,5.0,0
1024,3.5,91,5.0,0
1024,3.822,91,5.0,0
1024,3.73,91,5.0,0
1024,3.862,91,5.0,0
1024,3.857,91,5.0,0
1024,3.794,91,5.0,0
1024,3.528,91,5.0,0
1024,3.538,91,5.0,0
1024,3.801,91,5.0,0
1536,1.567,91,5.0,0
1024,2.748,91,5.0,0
4096,3.584,91,5.0,0
1024,3.767,91,5.0,0
1024,4.052,91,5.0,0
1024,2.366,91,5.0,0
1024,3.646,91,5.0,0
1024,3.553,91,5.0,0
1024,3.755,91,5.0,0
1024,3.661,91,5.0,0
1024,4.131,91,5.0,0
1024,2.629,91,5.0,0
1024,2.376,91,5.0,0
1024,3.9,91,5.0,0
1024,3.737,91,5.0,0
1024,3.864,91,5.0,0
1024,4.323,91,5.0,0
1024,3.665,91,5.0,0
1024,3.689,91,5.0,0
1024,3.805,91,5.0,0
1024,3.266,91,5.0,0
1024,3.892,91,5.0,0
1024,3.883,91,5.0,0
1024,3.648,91,5.0,0
1024,3.67,91,5.0,0
1024,3.624,91,5.0,0
4096,3.589,91,5.0,0
1024,3.685,91,5.0,0
1024,3.908,91,5.0,0
1024,3.591,91,5.0,0
1024,3.638,91,5.0,0
1024,3.704,91,5.0,0
1024,4.096,91,5.0,0
1024,3.882,91,5.0,0
1024,3.475,91,5.0,0
4096,3.622,91,5.0,0
1024,3.76,91,5.0,0
1024,3.696,91,5.0,0
1024,3.753,91,5.0,0
1024,2.516,9,6.0,0
4096,2.508,9,6.0,0
1024,2.37,9,6.0,0
1024,2.528,9,6.0,0
1024,2.497,9,6.0,0
1024,2.437,9,6.0,0
1024,2.505,9,6.0,0
4096,2.36,9,6.0,0
4096,2.392,9,6.0,0
4096,2.43,9,6.0,0
4096,2.358,9,6.0,0
4096,2.62,9,6.0,0
1024,2.515,9,6.0,0
1024,2.508,9,6.0,0
4096,2.423,0,6.0,0
1024,2.549,0,6.0,0
1024,2.615,9,6.0,0
1024,2.462,9,6.0,0
1024,2.604,9,6.0,0
1024,2.616,9,6.0,0
1024,2.645,9,6.0,0
1024,2.651,9,6.0,0
1024,2.605,9,6.0,0
1024,2.43,9,6.0,0
1024,2.494,9,6.0,0
1024,2.549,9,6.0,0
1536,2.532,9,6.0,0
1024,2.336,9,7.0,0
4096,2.486,9,7.0,0
4096,2.322,9,6.0,0
1024,2.511,9,6.0,0
1024,2.568,9,6.0,0
1024,2.636,9,7.0,0
4096,2.356,0,6.0,0
1024,2.394,9,6.0,0
4096,2.489,9,7.0,0
1024,2.527,9,6.0,0
1024,2.689,9,7.0,0
1024,2.755,9,8.0,0
4096,2.404,9,7.0,0
1024,2.333,9,6.0,0
1024,2.573,9,6.0,0
1024,2.417,9,6.0,0
1024,2.482,9,6.0,0
1024,2.407,9,6.0,0
1024,2.51,9,6.0,0
1024,2.508,9,6.0,0
1024,2.402,9,6.0,0
4096,2.33,9,6.0,0
4096,2.298,9,6.0,0
1024,2.493,9,6.0,0
4096,2.466,9,6.0,0
1024,2.535,9,6.0,0
4096,2.314,9,6.0,0
4096,2.316,9,6.0,0
1024,2.578,9,6.0,0
1024,2.504,9,6.0,0
4096,2.417,9,6.0,0
4096,2.338,9,6.0,0
1024,2.282,9,6.0,0
4096,2.359,9,6.0,0
1024,2.532,9,6.0,0
4096,2.474,9,6.0,0
1024,2.518,235,19.0,0
1024,3.366,251,13.0,0
1024,3.558,204,2.0,0
1024,3.657,123,11.0,0
4096,3.717,139,14.0,0
1024,3.613,156,2.0,0
1024,3.577,43,11.0,0
1024,3.497,29,2.0,0
1024,3.591,235,14.0,0
1024,3.725,91,14.0,0
1024,3.587,220,2.0,0
4096,3.379,90,8.0,0
1024,3.69,61,2.0,0
4096,3.56,90,10.0,0
4096,3.594,202,10.0,0
4096,3.572,154,11.0,0
4096,3.853,27,10.0,0
1024,3.681,92,2.0,0
4096,3.585,26,3.0,0
1024,3.72,251,9.0,0
4096,3.425,122,10.0,0
4096,3.464,75,12.0,0
1024,3.84,29,2.0,0
1024,3.818,141,2.0,0
1024,3.526,11,12.0,0
1024,3.834,140,2.0,0
1024,3.768,235,9.0,0
1024,3.895,139,10.0,0
1024,3.887,109,2.0,0
1024,3.468,122,11.0,0
1024,3.624,203,13.0,0
1024,3.798,108,2.0,0
1536,1.58,190,2.0,0
1024,2.675,108,3.0,0
4096,3.615,251,10.0,0
1024,3.802,75,10.0,0
1024,2.207,75,23.0,0
1024,3.572,14,2.0,0
1024,3.756,124,2.0,0
1024,3.682,172,2.0,0
1024,4.19,219,12.0,0
1024,2.466,171,14.0,0
1024,2.191,139,24.0,0
4096,3.892,59,14.0,0
1024,3.725,60,2.0,0
1024,3.893,92,2.0,0
1024,4.329,171,9.0,0
1024,3.678,13,2.0,0
1024,3.702,172,2.0,0
1024,3.785,109,2.0,0
1024,3.522,253,2.0,0
1024,3.889,171,15.0,0
1024,3.906,158,2.0,0
1024,3.636,221,2.0,0
1024,3.721,236,2.0,0
4096,3.61,91,9.0,0
4096,3.58,74,10.0,0
1024,3.71,44,11.0,0
4096,3.907,204,13.0,0
1024,3.663,174,2.0,0
4096,3.583,91,2.0,0
1024,4.124,12,12.0,0
1024,3.891,29,2.0,0
4096,3.635,238,2.0,0
512,2.44,88,2.0,0
512,2.462,88,2.0,0
512,2.588,88,2.0,0
512,2.619,88,2.0,0
512,2.487,88,2.0,0
512,2.677,88,2.0,0
512,2.656,88,2.0,0
512,2.642,88,2.0,0
512,2.471,88,2.0,0
512,2.712,88,2.0,0
512,2.735,88,2.0,0
512,1.941,88,2.0,0
512,2.843,88,2.0,0
512,2.612,88,2.0,0
512,2.704,88,2.0,0
512,2.767,88,2.0,0
512,2.798,88,2.0,0
512,2.634,88,2.0,0
512,2.769,88,2.0,0
512,2.794,88,2.0,0
512,2.823,88,2.0,0
512,2.797,88,2.0,0
512,2.814,88,2.0,0
512,2.758,88,2.0,0
512,2.885,88,2.0,0
512,2.607,88,2.0,0
512,2.787,88,2.0,0
512,2.805,88,2.0,0
512,2.7,88,2.0,0
512,2.7,88,2.0,0
512,2.757,88,2.0,0
512,2.707,88,2.0,0
512,2.794,88,2.0,0
512,2.663,88,2.0,0
512,2.695,88,2.0,0
512,2.434,88,2.0,0
512,2.66,88,2.0,0
512,2.7,88,2.0,0
512,2.717,88,2.0,0
512,2.662,88,2.0,0
512,2.63,88,2.0,0
512,2.655,88,2.0,0
512,2.705,88,2.0,0
512,2.7,88,2.0,0
512,2.672,88,2.0,0
512,2.761,88,2.0,0
512,2.768,88,2.0,0
512,2.445,88,2.0,0
512,2.608,88,2.0,0
512,2.694,88,2.0,0
512,2.601,88,2.0,0
512,2.857,88,2.0,0
512,2.685,88,2.0,0
512,2.907,88,2.0,0
512,2.77,88,2.0,0
512,2.544,88,2.0,0
512,2.445,88,2.0,0
512,2.74,88,2.0,0
512,2.911,88,2.0,0
512,2.921,88,2.0,0
512,2.607,88,2.0,0
512,2.568,88,2.0,0
512,2.581,88,2.0,0
512,2.648,88,2.0,0
512,2.573,88,2.0,0
512,2.64,88,2.0,0
512,2.73,88,2.0,0
512,2.581,88,2.0,0
512,2.578,88,2.0,0
512,2.421,88,2.0,0
512,2.71,88,2.0,0
512,2.453,88,2.0,0
512,2.712,88,2.0,0
512,2.65,88,2.0,0
512,2.654,88,2.0,0
512,2.733,88,2.0,0
512,2.685,88,2.0,0
512,2.544,88,2.0,0
512,2.74,88,2.0,0
512,2.46,88,2.0,0
512,2.452,88,2.0,0
512,2.824,88,2.0,0
512,2.754,88,2.0,0
512,2.684,88,2.0,0
512,2.768,88,2.0,0
512,2.835,88,2.0,0
512,2.623,88,2.0,0
512,2.742,88,2.0,0
512,2.63,88,2.0,0
512,2.462,88,2.0,0
512,2.764,88,2.0,0
512,2.757,88,2.0,0
512,2.778,88,2.0,0
512,2.609,88,2.0,0
512,2.474,88,2.0,0
512,2.821,88,2.0,0
512,2.733,88,2.0,0
512,2.661,88,2.0,0
512,2.695,88,2.0,0
1024,3.144,232,2.0,0
1024,3.404,232,2.0,0
1024,3.374,232,2.0,0
1024,3.47,232,2.0,0
1024,3.329,232,2.0,0
1024,3.356,232,2.0,0
1024,3.465,232,2.0,0
1024,3.439,232,2.0,0
4096,3.354,232,2.0,0
4096,3.459,232,2.0,0
4096,3.255,232,2.0,0
4096,3.543,232,2.0,0
1024,3.524,232,2.0,0
4096,3.362,232,2.0,0
1024,3.4,232,2.0,0
4096,3.304,232,2.0,0
4096,3.253,232,2.0,0
1024,3.585,232,2.0,0
1024,3.549,232,2.0,0
1024,3.626,232,2.0,0
1024,3.628,232,2.0,0
1024,3.341,232,2.0,0
1024,3.402,232,2.0,0
1024,2.722,232,2.0,0
4096,3.407,232,2.0,0
4096,3.392,232,2.0,0
1024,3.485,232,2.0,0
1024,3.56,232,2.0,0
4096,3.268,232,2.0,0
1024,3.298,232,2.0,0
4096,2.221,232,2.0,0
1024,3.501,232,2.0,0
1024,2.331,232,2.0,0
4096,3.628,232,2.0,0
1024,3.485,232,2.0,0
1024,3.553,232,2.0,0
1024,3.487,232,2.0,0
1024,3.394,232,2.0,0
1024,3.23,232,2.0,0
1024,3.664,232,2.0,0
1024,3.522,232,2.0,0
4096,3.307,232,2.0,0
4096,3.45,232,2.0,0
1024,3.44,232,2.0,0
4096,3.567,232,2.0,0
1024,3.396,232,2.0,0
4096,3.47,232,2.0,0
4096,3.294,232,2.0,0
1024,3.578,232,2.0,0
4096,3.364,232,2.0,0
4096,3.389,232,2.0,0
4096,3.251,232,2.0,0
1024,3.398,232,2.0,0
4096,3.421,232,2.0,0
512,1.734,192,2.0,0
512,1.708,144,2.0,0
512,1.732,16,2.0,0
512,1.755,144,2.0,0
512,1.611,128,2.0,0
512,1.616,64,2.0,0
512,1.609,224,2.0,0
512,1.721,112,2.0,0
512,1.592,96,2.0,0
512,1.8,240,2.0,0
512,1.763,80,2.0,0
512,1.765,128,2.0,0
512,1.724,64,2.0,0
512,1.553,0,2.0,0
512,1.609,16,2.0,0
512,1.599,112,2.0,0
512,1.586,0,2.0,0
512,1.618,112,2.0,0
512,1.601,208,2.0,0
512,1.749,128,2.0,0
512,1.763,80,2.0,0
512,1.755,160,2.0,0
512,1.583,80,2.0,0
512,1.763,224,2.0,0
512,1.707,112,2.0,0
512,1.802,128,2.0,0
512,1.796,240,2.0,0
512,1.76,32,2.0,0
512,1.765,192,2.0,0
512,1.757,176,2.0,0
512,1.622,80,2.0,0
512,1.887,64,2.0,0
512,1.703,96,2.0,0
512,1.595,80,2.0,0
512,1.758,112,2.0,0
512,1.726,240,2.0,0
512,1.575,48,2.0,0
512,1.76,240,2.0,0
512,1.751,208,2.0,0
512,1.726,16,2.0,0
512,1.592,64,2.0,0
512,1.906,80,2.0,0
512,1.748,128,2.0,0
512,1.683,32,2.0,0
512,1.706,160,2.0,0
512,1.798,208,2.0,0
512,1.773,160,2.0,0
512,1.594,96,2.0,0
512,1.715,0,2.0,0
512,1.628,96,2.0,0
512,1.719,160,2.0,0
512,1.808,224,2.0,0
512,1.624,112,2.0,0
512,1.913,192,2.0,0
512,1.89,144,2.0,0
512,1.781,48,2.0,0
512,1.652,32,2.0,0
512,1.767,80,2.0,0
512,1.895,176,2.0,0
512,1.917,192,2.0,0
512,1.671,0,2.0,0
512,1.688,48,2.0,0
512,1.719,160,2.0,0
512,1.732,224,2.0,0
512,1.78,176,2.0,0
512,1.814,144,2.0,0
512,1.726,208,2.0,0
512,1.732,224,2.0,0
512,1.6,64,2.0,0
512,1.607,176,2.0,0
512,1.722,64,2.0,0
512,1.794,32,2.0,0
512,1.757,192,2.0,0
512,1.604,80,2.0,0
512,1.749,32,2.0,0
512,1.756,48,2.0,0
512,1.67,16,2.0,0
512,1.758,160,2.0,0
512,1.69,64,2.0,0
512,1.606,64,2.0,0
512,1.751,16,2.0,0
512,1.735,192,2.0,0
512,1.633,0,2.0,0
512,1.812,208,2.0,0
512,1.825,208,2.0,0
512,1.598,64,2.0,0
512,1.728,32,2.0,0
512,1.69,112,2.0,0
512,1.726,224,2.0,0
512,1.774,240,2.0,0
512,1.78,32,2.0,0
512,1.759,112,2.0,0
512,1.704,48,2.0,0
512,1.883,48,2.0,0
512,1.592,80,2.0,0
512,1.779,112,2.0,0
512,1.76,144,2.0,0
512,1.748,176,2.0,0
512,1.767,48,2.0,0
1024,2.678,93,5.0,0
1024,3.549,93,5.0,0
1024,3.839,93,5.0,0
1024,3.807,93,5.0,0
4096,3.815,93,5.0,0
1024,3.815,93,5.0,0
1024,3.732,93,5.0,0
1024,3.819,93,5.0,0
1024,3.688,93,5.0,0
1024,3.854,93,5.0,0
4096,3.677,93,5.0,0
1024,3.89,93,5.0,0
4096,3.659,93,5.0,0
4096,3.665,93,5.0,0
4096,3.727,93,5.0,0
4096,4.033,93,5.0,0
1024,3.925,93,5.0,0
4096,3.742,93,5.0,0
1024,3.809,93,5.0,0
4096,3.523,93,5.0,0
4096,3.512,93,5.0,0
1024,3.969,93,5.0,0
1024,3.923,93,5.0,0
1024,3.676,93,5.0,0
1024,3.87,93,5.0,0
1024,4.004,93,5.0,0
1024,3.991,93,5.0,0
1024,3.902,93,5.0,0
1024,3.668,93,5.0,0
1024,3.736,93,5.0,0
1024,3.953,93,5.0,0
1536,1.645,93,5.0,0
1024,2.712,93,5.0,0
4096,3.89,93,5.0,0
4096,3.692,93,5.0,0
1024,3.887,93,5.0,0
1024,4.429,93,5.0,0
1024,4.14,93,5.0,0
1024,2.419,93,5.0,0
4096,3.75,93,5.0,0
1024,3.74,93,5.0,0
1024,3.94,93,5.0,0
1024,3.833,93,5.0,0
1024,4.292,93,5.0,0
4096,3.596,93,5.0,0
4096,3.92,93,5.0,0
1024,3.949,93,5.0,0
1024,3.974,93,5.0,0
1024,3.718,93,5.0,0
4096,3.668,93,5.0,0
1024,2.273,0,2.0,0
1024,2.094,0,2.0,0
1024,2.174,0,2.0,0
4096,2.177,0,2.0,0
1024,2.061,0,2.0,0
1024,2.036,0,2.0,0
1024,2.03,0,2.0,0
1024,2.205,0,2.0,0
1024,2.238,0,2.0,0
1024,2.06,0,2.0,0
4096,1.908,0,2.0,0
1024,2.083,0,2.0,0
4096,1.901,0,0.0,0
4096,1.919,0,2.0,0
4096,2.132,0,0.0,0
4096,2.139,0,0.0,0
1024,2.154,0,2.0,0
4096,1.867,0,0.0,0
1024,2.156,0,2.0,0
4096,1.845,0,2.0,0
4096,2.093,0,0.0,0
1024,2.256,0,2.0,0
1024,2.247,0,2.0,0
1024,2.231,0,2.0,0
1024,2.225,0,2.0,0
1024,2.219,0,2.0,0
1024,2.307,0,2.0,0
1024,2.32,0,2.0,0
1024,2.227,0,2.0,0
1024,2.028,0,2.0,0
1024,2.272,0,2.0,0
1024,2.271,0,2.0,0
1024,2.378,0,2.0,0
4096,2.145,0,0.0,0
4096,1.881,0,2.0,0
1024,2.151,0,2.0,0
1024,2.251,0,2.0,0
4096,1.916,0,0.0,0
1024,2.066,0,2.0,0
1024,2.267,0,2.0,0
1024,2.078,0,2.0,0
1024,2.25,0,2.0,0
4096,1.974,0,0.0,0
1024,1.963,0,2.0,0
1024,2.225,0,2.0,0
1024,2.108,0,2.0,0
1024,2.052,0,2.0,0
1024,2.188,0,2.0,0
1024,2.084,0,2.0,0
1024,2.074,0,2.0,0
1024,2.085,0,2.0,0
1024,2.094,0,2.0,0
1024,2.093,0,2.0,0
4096,1.93,0,0.0,0
4096,1.916,0,2.0,0
1024,2.289,0,2.0,0
4096,2.063,0,0.0,0
1024,2.28,0,2.0,0
4096,1.893,0,0.0,0
4096,1.93,0,0.0,0
1024,2.385,0,2.0,0
1024,2.286,0,2.0,0
4096,1.975,0,0.0,0
4096,1.93,0,2.0,0
4096,1.928,0,0.0,0
1024,2.258,0,2.0,0
4096,2.111,0,0.0,0
4096,3.927,2,9.0,0
4096,3.633,2,8.0,0
4096,3.799,2,8.0,0
4096,3.916,2,9.0,0
4096,3.912,2,8.0,0
4096,4.011,2,8.0,0
4096,4.031,2,8.0,0
4096,3.96,2,8.0,0
4096,4.152,2,8.0,0
4096,3.898,2,8.0,0
4096,3.881,2,8.0,0
4096,3.741,2,8.0,0
4096,4.12,2,8.0,0
4096,3.901,2,8.0,0
4096,3.939,2,8.0,0
4096,4.0,2,9.0,0
4096,3.769,2,8.0,0
4096,3.936,2,8.0,0
4096,3.687,2,9.0,0
4096,4.0,2,8.0,0
4096,4.096,2,8.0,0
4096,1.751,2,8.0,0
4096,3.891,2,8.0,0
4096,3.569,2,9.0,0
4096,3.966,2,8.0,0
4096,3.968,2,8.0,0
4096,3.965,2,8.0,0
4096,3.614,2,8.0,0
4096,4.003,2,8.0,0
4096,3.949,2,8.0,0
4096,4.03,2,8.0,0
4096,4.064,2,8.0,0
4096,4.014,2,8.0,0
4096,3.971,2,8.0,0
4096,4.004,2,8.0,0
4096,3.755,2,8.0,0
4096,4.173,2,8.0,0
4096,3.698,2,8.0,0
4096,3.643,2,8.0,0
4096,3.982,2,8.0,0
4096,2.799,2,10.0,0
4096,3.924,2,8.0,0
4096,3.956,2,9.0,0
4096,3.895,2,8.0,0
4096,3.988,2,8.0,0
4096,3.961,2,8.0,0
4096,4.009,2,8.0,0
4096,4.026,2,8.0,0
4096,3.977,2,8.0,0
4096,4.015,2,8.0,0
4096,3.899,2,8.0,0
4096,4.002,2,9.0,0
4096,3.882,2,8.0,0
4096,4.062,2,8.0,0
4096,3.931,2,9.0,0
4096,3.814,2,9.0,0
4096,3.961,2,8.0,0
4096,3.9,2,9.0,0
4096,4.33,2,9.0,0
4096,4.011,2,8.0,0
4096,4.18,2,9.0,0
4096,4.049,2,8.0,0
4096,4.012,2,8.0,0
4096,3.81,2,8.0,0
4096,3.916,2,8.0,0
4096,3.609,2,8.0,0
4096,3.941,2,9.0,0
4096,3.993,2,8.0,0
4096,3.73,2,8.0,0
4096,4.178,2,8.0,0
4096,4.102,2,9.0,0
4096,3.892,2,8.0,0
4096,3.955,2,9.0,0
4096,3.921,2,8.0,0
4096,4.148,2,8.0,0
4096,3.899,2,8.0,0
4096,3.823,2,8.0,0
4096,4.141,2,8.0,0
4096,3.976,2,9.0,0
4096,3.722,2,8.0,0
4096,3.717,2,8.0,0
4096,4.074,2,8.0,0
4096,3.71,2,8.0,0
4096,3.951,2,8.0,0
4096,3.948,2,8.0,0
4096,4.006,2,8.0,0
4096,4.018,2,8.0,0
4096,4.252,2,8.0,0
4096,3.725,2,8.0,0
4096,3.93,2,8.0,0
4096,3.426,2,8.0,0
4096,3.71,2,8.0,0
4096,3.93,2,8.0,0
4096,4.213,2,8.0,0
4096,4.308,2,8.0,0
4096,4.438,2,8.0,0
4096,3.841,2,8.0,0
4096,3.831,2,8.0,0
4096,4.035,2,8.0,0
4096,3.957,2,8.0,0
4096,3.785,2,8.0,0
4096,3.867,2,8.0,0
4096,3.988,2,9.0,0
4096,3.695,2,8.0,0
1024,2.108,85,2.0,0
1024,2.099,85,2.0,0
1024,2.291,85,2.0,0
1024,2.212,85,2.0,0
1024,2.091,85,2.0,0
1024,2.281,85,2.0,0
512,2.056,85,2.0,0
1024,2.221,85,2.0,0
512,2.327,85,2.0,0
512,1.999,85,2.0,0
512,2.093,85,2.0,0
1024,2.282,85,2.0,0
1024,2.251,85,2.0,0
1024,2.289,85,2.0,0
1024,2.235,85,2.0,0
1024,2.226,85,2.0,0
1024,2.276,85,2.0,0
1024,2.254,85,2.0,0
1024,2.285,85,2.0,0
512,2.184,85,2.0,0
512,2.214,85,2.0,0
1024,2.292,85,2.0,0
512,2.262,85,2.0,0
1024,2.247,85,2.0,0
1024,2.252,85,2.0,0
1024,2.29,85,2.0,0
1024,2.255,85,2.0,0
1024,2.25,85,2.0,0
1024,2.259,85,2.0,0
512,2.024,85,2.0,0
1024,2.234,85,2.0,0
1024,2.323,85,2.0,0
512,2.029,85,2.0,0
1024,2.343,85,2.0,0
1024,2.232,85,2.0,0
1024,2.227,85,2.0,0
1024,2.077,85,2.0,0
512,2.099,85,2.0,0
1024,2.278,85,2.0,0
512,2.309,85,2.0,0
512,2.255,85,2.0,0
1024,2.282,85,2.0,0
512,2.232,85,2.0,0
512,2.195,85,2.0,0
1024,2.259,85,2.0,0
1024,2.241,85,2.0,0
1024,2.287,85,2.0,0
1024,2.06,85,2.0,0
1024,2.051,85,2.0,0
1024,2.279,85,2.0,0
1024,2.146,85,2.0,0
1024,2.217,85,2.0,0
4096,1.79,141,3.0,0
1024,2.233,85,2.0,0
1024,2.286,85,2.0,0
1024,2.302,85,2.0,0
1024,2.301,85,2.0,0
1024,2.254,85,2.0,0
1024,2.273,85,2.0,0
1024,2.396,85,2.0,0
1024,2.297,85,2.0,0
1024,2.24,85,2.0,0
1024,2.213,85,2.0,0
1024,2.231,85,2.0,0
1024,2.29,85,2.0,0
1024,2.224,85,2.0,0
1024,2.229,85,2.0,0
1024,2.275,85,2.0,0
512,2.284,85,2.0,0
1024,2.153,85,2.0,0
1024,2.105,85,2.0,0
1024,2.347,85,2.0,0
1024,2.317,85,2.0,0
1024,2.271,85,2.0,0
1024,2.171,85,2.0,0
512,2.318,85,2.0,0
1024,2.279,85,2.0,0
1024,2.242,85,2.0,0
1024,2.254,85,2.0,0
1024,2.287,85,2.0,0
1024,2.286,85,2.0,0
1024,2.266,85,2.0,0
1024,2.312,85,2.0,0
1024,2.273,85,2.0,0
1024,2.27,85,2.0,0
1024,2.3,85,2.0,0
1024,2.097,85,2.0,0
1024,2.223,85,2.0,0
1024,2.294,85,2.0,0
1024,2.259,85,2.0,0
1024,2.271,85,2.0,0
512,2.108,85,2.0,0
512,2.323,85,2.0,0
512,2.278,85,2.0,0
512,2.217,85,2.0,0
1024,2.261,85,2.0,0
512,2.106,85,2.0,0
1024,2.252,85,2.0,0
512,2.047,85,2.0,0
1024,2.478,232,4.0,0
4096,4.167,232,4.0,0
1024,2.6,232,4.0,0
1024,2.633,232,4.0,0
1024,2.664,232,4.0,0
1024,3.148,232,4.0,0
1024,2.572,232,4.0,0
1024,2.57,232,4.0,0
1024,2.645,232,4.0,0
1024,2.59,232,4.0,0
1024,3.72,232,4.0,0
1024,2.626,232,4.0,0
4096,3.582,232,4.0,0
4096,4.027,232,4.0,0
1024,2.594,232,4.0,0
1024,2.649,232,4.0,0
1024,2.66,232,4.0,0
1024,3.873,232,4.0,0
1024,2.557,232,4.0,0
1024,2.626,232,4.0,0
4096,2.62,232,4.0,0
4096,2.695,232,4.0,0
1024,2.577,232,4.0,0
1024,2.398,232,4.0,0
4096,3.517,232,4.0,0
1024,3.938,232,4.0,0
1024,3.873,232,4.0,0
1024,2.667,232,4.0,0
1024,2.61,232,4.0,0
1024,3.913,232,4.0,0
1024,2.616,232,4.0,0
4096,3.604,232,4.0,0
4096,3.588,232,4.0,0
1024,2.613,232,4.0,0
1024,2.603,232,4.0,0
1024,2.546,232,4.0,0
1024,3.624,232,4.0,0
1024,2.534,232,4.0,0
4096,2.664,232,4.0,0
512,2.674,232,4.0,0
1024,2.179,232,4.0,0
4096,3.877,232,4.0,0
1024,3.793,232,4.0,0
1024,3.974,232,4.0,0
1024,2.535,232,4.0,0
1024,3.605,232,4.0,0
1024,2.446,232,4.0,0
1024,2.606,232,4.0,0
1024,4.381,232,4.0,0
1024,2.657,232,4.0,0
1024,2.618,232,4.0,0
1024,2.553,232,4.0,0
1024,2.634,232,4.0,0
1024,2.559,232,4.0,0
1024,2.614,232,4.0,0
1024,2.635,232,4.0,0
1024,2.585,232,4.0,0
1024,2.619,232,4.0,0
1024,2.537,232,4.0,0
1024,2.556,232,4.0,0
1024,2.611,232,4.0,0
1024,2.532,232,4.0,0
1024,2.629,232,4.0,0
1024,3.899,232,4.0,0
1024,3.836,232,4.0,0
1024,2.571,232,4.0,0
4096,3.718,232,4.0,0
1024,2.631,232,4.0,0
1024,2.483,232,4.0,0
4096,3.922,232,4.0,0
1024,2.37,232,4.0,0
1024,2.692,232,4.0,0
1024,2.649,232,4.0,0
1024,2.513,232,4.0,0
4096,3.589,232,4.0,0
1024,4.126,232,4.0,0
1024,2.576,232,4.0,0
1024,4.26,232,4.0,0
1024,2.6,232,4.0,0
1024,2.598,232,4.0,0
1024,4.026,232,4.0,0
1024,2.568,232,4.0,0
1024,2.574,232,4.0,0
1024,2.618,232,4.0,0
1024,2.607,232,4.0,0
1024,2.683,232,4.0,0
1024,2.566,232,4.0,0
1024,2.601,232,4.0,0
4096,3.603,232,4.0,0
1024,2.541,232,4.0,0
1024,2.603,232,4.0,0
1024,2.578,232,4.0,0
1024,2.613,232,4.0,0
4096,2.686,232,4.0,0
1024,2.589,232,4.0,0
1024,4.213,232,4.0,0
1024,2.592,232,4.0,0
1024,3.161,232,4.0,0
4096,3.789,232,4.0,0
1024,3.849,232,4.0,0
1024,3.881,232,4.0,0
4096,3.584,232,4.0,0
4096,2.558,199,23.0,0
4096,3.665,64,23.0,0
4096,2.743,244,23.0,0
4096,2.463,232,23.0,0
4096,2.219,86,23.0,0
4096,2.679,100,23.0,0
4096,3.558,120,23.0,0
4096,3.387,0,23.0,0
4096,3.663,123,23.0,0
4096,3.464,0,23.0,0
4096,2.685,100,23.0,0
4096,3.458,0,23.0,0
4096,3.477,22,23.0,0
4096,3.757,192,23.0,0
4096,3.667,123,23.0,0
4096,2.724,100,23.0,0
4096,3.44,16,23.0,0
4096,3.599,123,23.0,0
4096,3.327,0,23.0,0
4096,3.425,215,23.0,0
4096,3.422,64,23.0,0
4096,3.77,123,23.0,0
4096,3.759,123,23.0,0
4096,3.504,164,23.0,0
4096,3.765,123,23.0,0
4096,3.719,123,23.0,0
4096,3.771,123,23.0,0
4096,3.841,123,23.0,0
4096,3.73,123,23.0,0
4096,3.491,0,23.0,0
4096,3.621,120,23.0,0
4096,2.702,116,23.0,0
4096,3.763,53,23.0,0
4096,1.643,43,23.0,0
4096,2.817,192,23.0,0
4096,3.586,64,23.0,0
4096,2.769,245,23.0,0
4096,3.403,0,23.0,0
4096,3.683,123,23.0,0
4096,3.87,1,23.0,0
4096,2.394,184,23.0,0
4096,3.469,48,23.0,0
4096,3.513,0,23.0,0
4096,3.743,53,23.0,0
4096,3.563,0,23.0,0
4096,3.945,121,23.0,0
4096,2.637,83,23.0,0
4096,2.419,83,23.0,0
4096,3.751,64,23.0,0
4096,3.628,160,23.0,0
4096,3.714,123,23.0,0
4096,4.18,122,23.0,0
4096,3.663,0,23.0,0
4096,3.588,0,23.0,0
4096,3.747,123,23.0,0
4096,3.791,0,23.0,0
4096,3.743,86,23.0,0
4096,3.55,0,23.0,0
4096,3.682,0,23.0,0
4096,3.483,56,23.0,0
4096,3.473,0,23.0,0
4096,3.688,120,23.0,0
4096,3.736,176,23.0,0
4096,3.656,120,23.0,0
4096,3.537,168,23.0,0
4096,3.497,56,23.0,0
4096,4.083,121,23.0,0
4096,3.811,53,23.0,0
4096,3.478,120,23.0,0
4096,3.42,0,23.0,0
4096,3.533,0,23.0,0
4096,3.518,80,23.0,0
4096,3.649,120,23.0,0
4096,3.631,144,23.0,0
4096,3.525,40,23.0,0
512,2.327,104,2.0,0
512,2.248,104,2.0,0
512,2.248,104,2.0,0
512,2.27,104,2.0,0
512,2.242,104,2.0,0
512,2.271,104,2.0,0
512,2.224,104,2.0,0
512,2.292,104,2.0,0
512,2.326,104,2.0,0
512,2.293,104,2.0,0
512,2.292,104,2.0,0
512,2.269,104,2.0,0
512,2.291,104,2.0,0
512,2.23,104,2.0,0
512,2.32,104,2.0,0
512,2.348,104,2.0,0
512,2.304,104,2.0,0
512,2.317,104,2.0,0
512,2.387,104,2.0,0
512,2.376,104,2.0,0
512,2.313,104,2.0,0
512,2.252,104,2.0,0
512,2.378,104,2.0,0
512,2.35,104,2.0,0
512,2.561,104,2.0,0
512,2.235,104,2.0,0
512,2.3,104,2.0,0
512,2.242,104,2.0,0
512,2.332,104,2.0,0
512,2.411,104,2.0,0
512,2.508,104,2.0,0
512,2.019,104,2.0,0
512,2.299,104,2.0,0
512,2.348,104,2.0,0
512,2.278,104,2.0,0
512,2.411,104,2.0,0
512,2.655,104,2.0,0
512,2.482,104,2.0,0
512,2.365,104,2.0,0
512,2.279,191,2.0,0
512,2.413,104,2.0,0
512,2.582,104,2.0,0
512,2.289,104,2.0,0
512,2.27,104,2.0,0
512,2.325,104,2.0,0
512,2.228,104,2.0,0
512,2.394,104,2.0,0
512,2.376,104,2.0,0
512,2.247,104,2.0,0
512,2.272,104,2.0,0
512,2.025,104,2.0,0
512,2.249,104,2.0,0
512,2.387,104,2.0,0
512,2.291,104,2.0,0
512,2.371,104,2.0,0
512,2.266,104,2.0,0
512,2.013,104,2.0,0
512,2.465,104,2.0,0
512,2.355,104,2.0,0
512,2.25,104,2.0,0
512,2.278,104,2.0,0
512,2.027,104,2.0,0
512,2.37,104,2.0,0
512,2.28,104,2.0,0
1024,2.607,233,4.0,0
1024,3.387,233,3.0,0
1024,3.595,233,3.0,0
1024,3.597,233,3.0,0
1024,3.68,233,3.0,0
1024,3.535,233,3.0,0
1024,3.66,233,3.0,0
1024,3.605,233,3.0,0
4096,3.414,233,3.0,0
1024,3.657,233,3.0,0
4096,3.499,233,3.0,0
1024,3.45,233,3.0,0
1024,3.805,233,3.0,0
4096,3.39,233,3.0,0
1024,3.662,233,3.0,0
1024,3.454,233,3.0,0
1024,3.59,233,3.0,0
4096,3.341,233,4.0,0
1024,3.396,233,3.0,0
1024,3.69,233,3.0,0
1024,3.689,233,3.0,0
1024,3.471,233,3.0,0
1024,3.719,233,3.0,0
1024,3.636,233,3.0,0
1024,3.73,233,3.0,0
1024,3.762,233,3.0,0
1024,3.688,233,3.0,0
1024,3.538,233,3.0,0
1024,3.592,233,3.0,0
1024,3.747,233,3.0,0
1536,1.652,233,3.0,0
1024,2.718,233,4.0,0
1024,3.665,233,4.0,0
4096,3.437,233,3.0,0
1024,3.663,233,3.0,0
1024,3.999,233,3.0,0
1024,2.344,233,4.0,0
1024,3.551,233,3.0,0
1024,3.716,233,3.0,0
1024,3.602,233,3.0,0
1024,4.06,233,4.0,0
1024,2.393,233,5.0,0
1024,3.619,233,3.0,0
1024,3.722,233,3.0,0
1024,4.316,233,3.0,0
1024,3.735,233,3.0,0
1024,3.454,233,3.0,0
1024,3.699,233,3.0,0
1024,3.582,233,3.0,0
1024,3.471,233,3.0,0
1024,3.672,233,3.0,0
1024,3.786,233,3.0,0
1024,3.622,233,3.0,0
1024,3.513,233,3.0,0
1024,3.581,233,3.0,0
1024,4.029,233,3.0,0
1024,3.793,233,3.0,0
1024,3.511,233,3.0,0
4096,3.44,233,3.0,0
1024,3.442,233,3.0,0
1024,3.648,233,3.0,0
1024,3.699,233,3.0,0
1024,2.654,83,6.0,0
1024,2.648,83,6.0,0
1024,2.653,83,6.0,0
1024,2.651,83,6.0,0
1024,2.651,83,6.0,0
1024,2.654,83,6.0,0
1024,2.653,83,6.0,0
1024,2.655,83,6.0,0
1024,2.654,83,6.0,0
1024,2.649,83,6.0,0
1024,2.651,83,6.0,0
1024,2.646,83,6.0,0
1024,2.647,83,6.0,0
1024,2.657,83,6.0,0
1024,2.654,83,6.0,0
1024,2.65,83,6.0,0
1024,2.657,83,6.0,0
1024,2.649,83,6.0,0
1024,2.65,83,6.0,0
1024,2.654,83,6.0,0
1024,2.651,83,6.0,0
1024,2.661,83,6.0,0
1024,2.655,83,6.0,0
1024,2.651,83,6.0,0
1024,2.65,83,6.0,0
1024,2.649,83,6.0,0
1024,2.655,83,6.0,0
1024,2.652,83,6.0,0
1024,2.656,83,6.0,0
1024,2.65,83,6.0,0
1024,2.65,83,6.0,0
1024,2.654,83,6.0,0
1024,2.655,83,6.0,0
1024,2.653,83,6.0,0
1024,2.651,83,6.0,0
1024,2.65,83,6.0,0
1024,2.651,83,6.0,0
1024,2.645,83,6.0,0
1024,2.653,83,6.0,0
1024,2.649,83,6.0,0
1024,2.661,83,6.0,0
1024,2.647,83,6.0,0
1024,2.648,83,6.0,0
1024,2.649,83,6.0,0
1024,2.654,83,6.0,0
1024,2.652,83,6.0,0
1024,2.65,83,6.0,0
1024,2.652,83,6.0,0
1024,2.656,83,6.0,0
1024,2.65,83,6.0,0
1024,2.647,83,6.0,0
1024,2.651,83,6.0,0
1024,2.649,83,6.0,0
1024,2.651,83,6.0,0
1024,2.649,83,6.0,0
1024,2.649,83,6.0,0
1024,2.652,83,6.0,0
1024,2.654,83,6.0,0
1024,2.646,83,6.0,0
1024,2.652,83,6.0,0
1024,2.65,83,6.0,0
1024,2.653,83,6.0,0
1024,2.654,83,6.0,0
1024,2.651,83,6.0,0
1024,2.652,83,6.0,0
1024,2.65,83,6.0,0
1024,2.655,83,6.0,0
1024,2.658,83,6.0,0
1024,2.653,83,6.0,0
1024,2.651,83,6.0,0
1024,2.652,83,6.0,0
1024,2.646,83,6.0,0
1024,2.655,83,6.0,0
1024,2.65,83,6.0,0
1024,2.649,83,6.0,0
1024,2.648,83,6.0,0
1024,2.651,83,6.0,0
1024,2.653,83,6.0,0
1024,2.651,83,6.0,0
1024,2.651,83,6.0,0
1024,2.65,83,6.0,0
1024,2.646,83,6.0,0
1024,2.657,83,6.0,0
1024,2.647,83,6.0,0
1024,2.651,83,6.0,0
1024,2.65,83,6.0,0
1024,2.648,83,6.0,0
1024,2.65,83,6.0,0
1024,2.654,83,6.0,0
1024,2.654,83,6.0,0
1024,2.647,83,6.0,0
1024,2.655,83,6.0,0
1024,2.651,83,6.0,0
1024,2.651,83,6.0,0
1024,2.649,83,6.0,0
1024,2.652,83,6.0,0
1024,2.654,83,6.0,0
1024,2.651,83,6.0,0
1024,2.65,83,6.0,0
1024,2.654,83,6.0,0
1024,2.648,83,6.0,0
1024,2.647,83,6.0,0
1024,2.654,83,6.0,0
1024,2.648,83,6.0,0
1024,2.653,83,6.0,0
1024,2.649,83,6.0,0
1024,2.651,83,6.0,0
1024,2.648,83,6.0,0
1024,2.652,83,6.0,0
1024,2.654,83,6.0,0
1024,2.638,83,6.0,0
1024,2.637,83,6.0,0
1024,2.655,83,6.0,0
1024,2.661,83,6.0,0
1024,2.649,83,6.0,0
1024,2.65,83,6.0,0
1024,2.655,83,6.0,0
1024,2.65,83,6.0,0
1024,2.65,83,6.0,0
1024,2.652,83,6.0,0
1024,2.655,83,6.0,0
1024,2.652,83,6.0,0
1024,2.653,83,6.0,0
1024,2.654,83,6.0,0
1024,2.654,83,6.0,0
1024,2.65,83,6.0,0
1024,2.66,83,6.0,0
1024,2.649,83,6.0,0
1024,2.649,83,6.0,0
1024,2.648,83,6.0,0
1024,2.655,83,6.0,0
1024,2.655,83,6.0,0
1024,2.653,83,6.0,0
1024,2.655,83,6.0,0
1024,2.655,83,6.0,0
1024,2.655,83,6.0,0
1024,2.651,83,6.0,0
1024,2.364,1,-1,0
1024,3.806,1,-1,0
512,1.89,0,-1,0
1024,3.53,1,-1,0
4096,3.535,1,-1,0
1024,3.774,1,-1,0
4096,3.526,1,-1,0
4096,3.513,1,-1,0
4096,3.565,1,-1,0
4096,3.896,1,-1,0
1024,3.845,1,-1,0
1024,3.726,1,-1,0
4096,3.369,1,-1,0
1024,3.423,1,-1,0
4096,3.401,1,-1,0
1024,3.88,1,-1,0
1024,3.822,1,-1,0
1024,3.527,1,-1,0
1024,3.851,1,-1,0
1024,3.76,1,-1,0
1024,3.914,1,-1,0
1024,3.899,1,-1,0
1024,3.804,1,-1,0
1024,3.511,1,-1,0
1024,3.572,1,-1,0
1024,3.803,1,-1,0
1536,1.54,1,-1,0
4096,3.731,1,-1,0
4096,3.546,1,-1,0
1024,3.787,1,-1,0
4096,3.538,1,-1,0
1024,4.038,1,-1,0
1024,3.677,1,-1,0
4096,3.49,1,-1,0
1024,2.115,1,-1,0
1024,3.564,1,-1,0
1024,3.898,1,-1,0
1024,3.775,1,-1,0
4096,2.547,1,-1,0
1024,3.681,1,-1,0
512,2.533,1,-1,0
1024,4.177,1,-1,0
1024,2.257,1,-1,0
1024,2.169,1,-1,0
4096,3.833,1,-1,0
1024,3.685,1,-1,0
1024,3.897,1,-1,0
1024,4.35,1,-1,0
1024,3.679,1,-1,0
1024,3.693,1,-1,0
1024,3.796,1,-1,0
1024,3.842,1,-1,0
1024,3.909,1,-1,0
1024,3.647,1,-1,0
1024,3.701,1,-1,0
4096,3.519,1,-1,0
1024,3.711,1,-1,0
4096,3.905,1,-1,0
1024,3.595,1,-1,0
1024,2.501,1,-1,0
4096,3.555,1,-1,0
1024,4.124,1,-1,0
1024,3.925,1,-1,0
4096,3.494,1,-1,0
4096,3.565,1,-1,0
1024,3.582,1,-1,0
4096,2.514,1,-1,0
1024,3.694,1,-1,0
4096,3.765,1,-1,0
4096,3.51,1,-1,0
4096,2.035,69,2.0,0
4096,2.587,69,2.0,0
4096,2.541,69,2.0,0
4096,2.679,69,2.0,0
4096,2.358,69,2.0,0
4096,2.019,69,2.0,0
4096,2.561,69,2.0,0
4096,2.5,69,2.0,0
4096,2.702,69,2.0,0
4096,2.429,69,2.0,0
4096,2.621,69,2.0,0
4096,1.997,69,2.0,0
4096,2.431,69,2.0,0
8192,2.291,69,2.0,0
4096,2.299,69,2.0,0
4096,2.501,69,2.0,0
4096,2.469,69,2.0,0
8192,2.233,69,2.0,0
4096,2.363,69,2.0,0
8192,2.359,69,2.0,0
4096,2.186,69,2.0,0
4096,2.563,69,2.0,0
4096,2.354,69,2.0,0
4096,2.45,69,2.0,0
4096,2.525,69,2.0,0
4096,2.604,69,2.0,0
4096,2.456,69,2.0,0
4096,2.784,69,2.0,0
4096,2.473,69,2.0,0
4096,2.554,69,2.0,0
4096,2.694,69,2.0,0
4096,2.258,69,2.0,0
4096,2.652,69,2.0,0
4096,2.258,69,2.0,0
4096,2.414,69,2.0,0
4096,2.224,69,2.0,0
4096,2.398,69,2.0,0
4096,2.532,69,2.0,0
4096,2.641,69,2.0,0
4096,2.462,69,2.0,0
4096,2.207,69,2.0,0
4096,2.245,69,2.0,0
4096,2.106,69,2.0,0
4096,2.463,69,2.0,0
4096,2.339,69,2.0,0
8192,2.232,69,2.0,0
4096,2.635,69,2.0,0
4096,2.356,69,2.0,0
4096,2.489,69,2.0,0
4096,2.49,69,2.0,0
4096,2.488,69,2.0,0
8192,2.202,69,2.0,0
4096,2.392,69,2.0,0
4096,2.388,69,2.0,0
4096,2.272,69,2.0,0
4096,2.49,69,2.0,0
4096,2.26,69,2.0,0
4096,2.342,69,2.0,0
4096,2.497,69,2.0,0
4096,2.421,69,2.0,0
4096,2.51,69,2.0,0
4096,2.518,69,2.0,0
4096,2.494,69,2.0,0
4096,2.321,69,2.0,0
4096,2.122,69,2.0,0
4096,2.019,69,2.0,0
4096,2.47,69,2.0,0
4096,2.545,69,2.0,0
4096,2.599,69,2.0,0
4096,2.527,69,2.0,0
4096,2.73,69,2.0,0
4096,2.155,69,2.0,0
4096,2.507,69,2.0,0
4096,2.504,69,2.0,0
4096,2.717,69,2.0,0
4096,2.704,69,2.0,0
4096,2.242,69,2.0,0
4096,2.092,69,2.0,0
4096,2.532,69,2.0,0
4096,2.777,69,2.0,0
4096,2.755,69,2.0,0
8192,2.283,69,2.0,0
4096,2.502,69,2.0,0
4096,2.355,69,2.0,0
4096,2.483,69,2.0,0
4096,2.412,69,2.0,0
4096,2.345,69,2.0,0
4096,2.378,69,2.0,0
4096,2.528,69,2.0,0
4096,2.571,69,2.0,0
4096,2.054,69,2.0,0
4096,2.483,69,2.0,0
4096,2.369,69,2.0,0
8192,2.35,69,2.0,0
4096,2.461,69,2.0,0
4096,2.475,69,2.0,0
4096,1.98,69,2.0,0
4096,2.646,69,2.0,0
4096,2.684,69,2.0,0
4096,2.273,69,2.0,0
4096,2.511,69,2.0,0
4096,2.214,69,2.0,0
8192,2.329,69,2.0,0
4096,2.721,69,2.0,0
4096,2.548,69,2.0,0
4096,2.606,69,2.0,0
8192,2.326,69,2.0,0
4096,2.595,69,2.0,0
4096,2.438,69,2.0,0
4096,2.546,69,2.0,0
4096,2.412,69,2.0,0
4096,2.552,69,2.0,0
4096,2.405,69,2.0,0
4096,2.514,69,2.0,0
4096,2.605,69,2.0,0
4096,2.506,69,2.0,0
4096,2.568,69,2.0,0
8192,2.301,69,2.0,0
4096,2.578,69,2.0,0
4096,2.066,69,2.0,0
8192,2.204,69,2.0,0
4096,2.025,69,2.0,0
4096,2.613,69,2.0,0
4096,2.765,69,2.0,0
4096,2.432,69,2.0,0
4096,2.495,69,2.0,0
4096,2.426,69,2.0,0
4096,2.692,69,2.0,0
4096,2.016,69,2.0,0
4096,2.782,69,2.0,0
4096,2.206,69,2.0,0
4096,2.412,69,2.0,0
4096,2.477,69,2.0,0
4096,2.482,69,2.0,0
4096,2.543,69,2.0,0
4096,2.391,69,2.0,0
4096,2.365,69,2.0,0
4096,2.487,69,2.0,0
4096,2.619,69,2.0,0
4096,2.148,69,2.0,0
4096,2.568,69,2.0,0
8192,2.475,69,2.0,0
4096,2.133,69,2.0,0
4096,2.469,69,2.0,0
4096,2.816,69,2.0,0
4096,2.469,69,2.0,0
4096,1.98,69,2.0,0
4096,2.108,69,2.0,0
4096,1.966,69,2.0,0
4096,2.768,69,2.0,0
4096,2.452,69,2.0,0
4096,2.528,69,2.0,0
4096,2.729,69,2.0,0
4096,2.552,69,2.0,0
4096,2.426,69,2.0,0
4096,2.216,69,2.0,0
4096,2.207,69,2.0,0
4096,2.503,69,2.0,0
4096,2.61,69,2.0,0
4096,2.065,69,2.0,0
4096,2.432,69,2.0,0
4096,2.487,69,2.0,0
4096,2.492,69,2.0,0
4096,2.542,69,2.0,0
4096,2.518,69,2.0,0
4096,2.615,69,2.0,0
4096,1.941,69,2.0,0
4096,2.265,69,2.0,0
4096,2.589,69,2.0,0
4096,2.332,69,2.0,0
4096,2.405,69,2.0,0
4096,2.504,69,2.0,0
4096,2.072,69,2.0,0
4096,2.052,69,2.0,0
4096,2.662,69,2.0,0
4096,2.471,69,2.0,0
4096,2.194,69,2.0,0
4096,1.963,69,2.0,0
4096,2.894,69,2.0,0
4096,2.44,69,2.0,0
4096,1.983,69,2.0,0
4096,2.269,69,2.0,0
4096,2.562,69,2.0,0
4096,2.387,69,2.0,0
4096,2.469,69,2.0,0
4096,2.471,69,2.0,0
8192,2.23,69,2.0,0
4096,2.565,69,2.0,0
4096,2.756,69,2.0,0
4096,2.221,69,2.0,0
4096,2.214,69,2.0,0
4096,2.343,69,2.0,0
8192,2.347,69,2.0,0
4096,2.424,69,2.0,0
4096,2.58,69,2.0,0
4096,2.39,69,2.0,0
4096,2.663,69,2.0,0
4096,2.524,69,2.0,0
4096,2.351,69,2.0,0
4096,2.723,69,2.0,0
8192,2.247,69,2.0,0
8192,2.28,69,2.0,0
8192,2.299,69,2.0,0
4096,2.77,69,2.0,0
4096,2.431,69,2.0,0
4096,2.563,69,2.0,0
4096,2.509,69,2.0,0
4096,2.06,69,2.0,0
4096,2.064,69,2.0,0
4096,2.44,69,2.0,0
8192,2.293,69,2.0,0
4096,2.51,69,2.0,0
4096,3.429,176,13.0,0
4096,2.643,176,13.0,0
4096,3.397,176,13.0,0
4096,3.443,176,13.0,0
4096,3.398,176,13.0,0
4096,2.641,176,13.0,0
4096,2.687,176,13.0,0
4096,2.605,176,13.0,0
4096,3.438,176,13.0,0
4096,3.4,176,13.0,0
4096,2.633,176,13.0,0
4096,3.479,176,13.0,0
4096,2.605,176,13.0,0
4096,3.785,176,13.0,0
4096,2.604,176,13.0,0
4096,2.589,176,13.0,0
4096,3.568,176,13.0,0
4096,2.944,176,13.0,0
4096,2.57,176,13.0,0
4096,3.762,176,13.0,0
4096,2.592,176,13.0,0
4096,3.533,176,13.0,0
4096,3.419,176,13.0,0
4096,2.616,176,13.0,0
4096,2.609,176,13.0,0
4096,2.693,176,13.0,0
4096,2.587,176,13.0,0
4096,2.621,176,13.0,0
4096,3.426,176,13.0,0
4096,2.62,176,13.0,0
4096,2.616,176,13.0,0
4096,3.554,176,13.0,0
4096,3.452,176,13.0,0
4096,3.508,176,13.0,0
4096,3.51,176,13.0,0
4096,2.606,176,13.0,0
4096,3.361,176,13.0,0
4096,3.372,176,13.0,0
4096,2.571,176,13.0,0
4096,3.401,176,13.0,0
4096,2.518,176,13.0,0
4096,2.643,176,13.0,0
4096,3.587,176,13.0,0
4096,3.341,176,13.0,0
4096,3.455,176,13.0,0
4096,3.318,176,13.0,0
4096,2.487,176,13.0,0
4096,3.345,176,13.0,0
4096,3.389,176,13.0,0
4096,2.644,176,13.0,0
4096,3.366,176,13.0,0
4096,2.602,176,13.0,0
4096,3.344,176,13.0,0
4096,3.356,176,13.0,0
4096,3.636,176,13.0,0
4096,3.38,176,13.0,0
4096,3.554,176,13.0,0
4096,2.58,176,13.0,0
4096,2.646,176,13.0,0
4096,2.624,176,13.0,0
4096,2.703,176,13.0,0
4096,3.012,176,13.0,0
4096,2.611,176,13.0,0
4096,3.344,176,13.0,0
4096,3.654,176,13.0,0
4096,2.603,176,13.0,0
4096,3.555,176,13.0,0
4096,2.647,176,13.0,0
4096,2.469,176,13.0,0
4096,3.999,176,13.0,0
4096,3.65,176,13.0,0
4096,3.383,176,13.0,0
4096,2.641,176,13.0,0
4096,2.62,176,13.0,0
4096,2.533,176,13.0,0
4096,2.589,176,13.0,0
4096,2.632,176,13.0,0
4096,3.532,176,13.0,0
4096,3.418,176,13.0,0
4096,2.585,176,13.0,0
4096,2.611,176,13.0,0
4096,2.595,176,13.0,0
4096,2.605,176,13.0,0
4096,2.597,176,13.0,0
4096,2.616,176,13.0,0
4096,2.616,176,13.0,0
4096,3.707,176,13.0,0
4096,2.583,176,13.0,0
4096,2.627,176,13.0,0
4096,3.741,176,13.0,0
4096,3.363,176,13.0,0
4096,2.656,176,13.0,0
4096,2.617,176,13.0,0
4096,2.691,176,13.0,0
4096,3.667,176,13.0,0
4096,2.643,176,13.0,0
4096,3.364,176,13.0,0
4096,3.315,176,13.0,0
4096,3.288,176,13.0,0
4096,2.598,176,13.0,0
4096,2.607,176,13.0,0
4096,2.616,176,13.0,0
4096,2.648,176,13.0,0
4096,2.543,176,13.0,0
4096,2.383,176,13.0,0
4096,2.614,176,13.0,0
4096,2.612,176,13.0,0
4096,2.623,176,13.0,0
4096,3.425,176,13.0,0
4096,2.497,176,13.0,0
4096,2.59,176,13.0,0
4096,3.473,176,13.0,0
4096,2.611,176,13.0,0
4096,2.66,176,13.0,0
4096,3.735,176,13.0,0
4096,2.619,176,13.0,0
4096,2.277,176,13.0,0
4096,2.624,176,13.0,0
4096,3.38,176,13.0,0
4096,2.544,176,13.0,0
4096,2.626,176,13.0,0
4096,3.482,176,13.0,0
4096,2.601,176,13.0,0
4096,2.656,176,13.0,0
4096,2.624,176,13.0,0
4096,3.565,176,13.0,0
4096,2.707,176,13.0,0
4096,3.36,176,13.0,0
4096,2.499,176,13.0,0
4096,3.678,176,13.0,0
4096,2.677,176,13.0,0
4096,2.641,176,13.0,0
4096,2.625,176,13.0,0
4096,3.364,176,13.0,0
4096,3.561,176,13.0,0
4096,2.615,176,13.0,0
4096,2.594,176,13.0,0
4096,2.613,176,13.0,0
4096,4.014,176,13.0,0
4096,3.577,176,13.0,0
4096,2.58,176,13.0,0
4096,3.823,176,13.0,0
4096,3.538,176,13.0,0
4096,3.429,176,13.0,0
4096,3.49,176,13.0,0
4096,3.346,176,13.0,0
4096,3.293,176,13.0,0
4096,3.513,176,13.0,0
4096,2.603,176,13.0,0
4096,2.575,176,13.0,0
4096,3.83,176,13.0,0
4096,3.875,176,13.0,0
4096,3.369,176,13.0,0
4096,2.596,176,13.0,0
4096,2.605,176,13.0,0
4096,3.297,176,13.0,0
4096,2.569,176,13.0,0
4096,2.617,176,13.0,0
4096,2.647,176,13.0,0
4096,2.592,176,13.0,0
4096,3.378,176,13.0,0
4096,3.452,176,13.0,0
4096,3.538,176,13.0,0
4096,2.648,176,13.0,0
4096,3.981,176,13.0,0
4096,3.516,176,13.0,0
4096,3.388,176,13.0,0
4096,3.27,176,13.0,0
4096,2.522,176,13.0,0
4096,2.621,176,13.0,0
4096,3.733,176,13.0,0
4096,2.673,176,13.0,0
4096,3.431,176,13.0,0
4096,3.539,176,13.0,0
4096,3.835,176,13.0,0
4096,2.6,176,13.0,0
4096,2.521,176,13.0,0
4096,2.607,176,13.0,0
4096,2.594,176,13.0,0
4096,3.591,176,13.0,0
4096,3.585,176,13.0,0
4096,2.62,176,13.0,0
4096,3.521,176,13.0,0
4096,3.357,176,13.0,0
4096,2.559,176,13.0,0
4096,3.503,176,13.0,0
4096,3.408,176,13.0,0
4096,2.626,176,13.0,0
4096,2.596,176,13.0,0
4096,2.638,176,13.0,0
4096,3.418,176,13.0,0
4096,3.332,176,13.0,0
4096,2.609,176,13.0,0
4096,2.591,176,13.0,0
4096,2.643,176,13.0,0
4096,2.606,176,13.0,0
4096,2.621,176,13.0,0
4096,2.326,176,13.0,0
4096,3.624,176,13.0,0
4096,2.574,176,13.0,0
4096,2.599,176,13.0,0
4096,2.616,176,13.0,0
4096,3.527,176,13.0,0
4096,2.647,176,13.0,0
4096,3.388,176,13.0,0
4096,2.608,176,13.0,0
4096,2.634,176,13.0,0
4096,2.62,176,13.0,0
4096,2.636,176,13.0,0
4096,3.32,176,13.0,0
4096,2.587,176,13.0,0
4096,3.372,176,13.0,0
4096,3.421,176,13.0,0
4096,3.339,176,13.0,0
4096,3.364,176,13.0,0
4096,3.458,176,13.0,0
4096,2.641,176,13.0,0
4096,3.608,176,13.0,0
4096,3.962,176,13.0,0
4096,3.401,176,13.0,0
4096,2.588,176,13.0,0
4096,2.611,176,13.0,0
4096,2.643,176,13.0,0
4096,2.6,176,13.0,0
4096,3.608,176,13.0,0
4096,3.53,176,13.0,0
4096,2.605,176,13.0,0
4096,2.576,176,13.0,0
4096,3.369,176,13.0,0
4096,2.594,176,13.0,0
4096,3.445,176,13.0,0
4096,3.498,176,13.0,0
4096,3.769,176,13.0,0
1024,3.265,0,5.0,0
4096,3.259,0,5.0,0
1024,2.223,0,5.0,0
1024,3.876,0,5.0,0
1024,3.478,0,5.0,0
1024,2.026,0,5.0,0
1024,3.186,0,5.0,0
1024,3.195,0,5.0,0
1024,2.077,0,5.0,0
1024,3.28,0,5.0,0
1024,3.439,0,5.0,0
1024,3.377,0,5.0,0
1024,3.527,0,5.0,0
1024,3.261,0,5.0,0
1024,2.056,0,5.0,0
1024,3.736,0,5.0,0
1024,3.513,0,5.0,0
1536,1.714,0,5.0,0
1024,3.106,0,5.0,0
4096,3.362,0,5.0,0
8192,2.304,0,5.0,0
4096,3.173,0,5.0,0
1024,2.108,0,5.0,0
1024,3.222,0,5.0,0
1024,2.106,0,5.0,0
1024,3.693,0,5.0,0
1536,2.063,0,5.0,0
1024,3.318,0,5.0,0
1024,3.104,0,5.0,0
1024,3.197,0,5.0,0
1024,3.261,0,5.0,0
1024,2.905,0,5.0,0
1024,3.201,0,5.0,0
1024,3.586,0,5.0,0
4096,3.325,0,5.0,0
1024,2.07,0,5.0,0
1024,2.189,0,5.0,0
1024,2.085,0,5.0,0
1024,3.326,0,5.0,0
1024,3.532,0,5.0,0
1024,3.255,0,5.0,0
4096,3.405,0,5.0,0
1024,3.237,0,5.0,0
1024,3.345,0,5.0,0
1024,3.299,0,5.0,0
1024,3.148,0,5.0,0
1024,3.127,0,5.0,0
4096,3.471,0,5.0,0
1024,2.052,0,5.0,0
8192,2.36,0,5.0,0
1024,3.004,0,5.0,0
1024,3.194,0,5.0,0
1024,3.837,0,5.0,0
1024,3.265,0,5.0,0
1024,3.67,0,5.0,0
1024,2.088,0,5.0,0
1024,3.221,0,5.0,0
8192,2.282,0,5.0,0
1024,3.508,0,5.0,0
1024,2.061,0,5.0,0
1024,2.379,0,5.0,0
1024,3.258,0,5.0,0
1024,3.28,0,5.0,0
1024,3.255,0,5.0,0
1024,2.125,0,5.0,0
4096,3.263,0,5.0,0
4096,3.273,0,5.0,0
8192,2.258,0,5.0,0
1024,2.083,0,5.0,0
1024,3.282,0,5.0,0
1024,3.175,0,5.0,0
1024,2.055,0,5.0,0
1024,3.4,0,5.0,0
1024,3.231,0,5.0,0
1024,3.292,0,5.0,0
1024,3.236,0,5.0,0
4096,3.193,0,5.0,0
1024,2.865,0,5.0,0
1024,3.367,0,5.0,0
1024,3.536,0,6.0,0
8192,2.256,0,5.0,0
1024,3.243,0,5.0,0
1024,3.213,0,5.0,0
1024,3.289,0,5.0,0
1024,3.312,0,5.0,0
1024,3.284,0,5.0,0
4096,3.255,0,5.0,0
1024,3.297,0,5.0,0
1024,2.127,0,5.0,0
1024,2.12,0,5.0,0
1024,2.063,0,5.0,0
1024,2.076,0,5.0,0
1024,3.243,0,5.0,0
1024,3.147,0,5.0,0
1024,3.363,0,5.0,0
1024,2.101,0,5.0,0
4096,3.157,0,5.0,0
1024,3.378,0,5.0,0
1024,3.206,0,5.0,0
1024,2.073,0,5.0,0
1024,2.056,0,5.0,0
4096,3.135,0,5.0,0
1024,3.882,0,5.0,0
1024,2.057,0,5.0,0
8192,2.252,0,5.0,0
1024,2.069,0,5.0,0
1024,3.276,0,5.0,0
1024,2.066,0,5.0,0
1024,3.477,0,5.0,0
1024,2.088,0,5.0,0
1024,3.298,0,5.0,0
1024,2.053,0,5.0,0
4096,3.182,0,5.0,0
1024,2.096,0,5.0,0
1024,2.861,246,4.0,0
1024,2.661,246,4.0,0
1024,2.697,172,4.0,0
4096,2.439,181,4.0,0
1024,2.823,147,4.0,0
1024,2.795,78,4.0,0
1024,2.871,47,4.0,0
1024,2.668,87,4.0,0
1024,2.611,122,4.0,0
1024,2.863,118,4.0,0
1024,2.634,105,4.0,0
4096,2.57,92,4.0,0
1024,2.61,227,4.0,0
1024,2.65,73,4.0,0
1024,2.599,169,4.0,0
1024,2.667,104,4.0,0
1024,2.596,209,4.0,0
1024,2.602,95,4.0,0
1024,2.715,145,4.0,0
1024,2.642,36,4.0,0
1536,2.565,32,4.0,0
1024,2.775,141,4.0,0
1024,2.579,226,4.0,0
1024,2.68,57,5.0,0
1024,2.774,72,0.0,0
1024,2.679,79,4.0,0
1024,2.739,106,4.0,0
4096,2.678,116,4.0,0
1024,2.758,82,4.0,0
1024,2.773,61,4.0,0
1024,2.619,183,4.0,0
1024,2.625,210,4.0,0
1024,2.34,56,4.0,0
1024,2.571,21,4.0,0
1024,2.611,148,4.0,0
1024,2.68,93,4.0,0
1024,2.823,10,4.0,0
1024,2.9,155,4.0,0
1024,2.722,120,4.0,0
1024,2.6,31,4.0,0
1024,2.611,208,4.0,0
1024,2.757,247,4.0,0
1024,2.816,170,4.0,0
1024,2.922,167,4.0,0
1024,2.679,49,4.0,0
1024,2.842,194,4.0,0
1024,2.606,1,4.0,0
1024,2.587,23,4.0,0
1024,2.697,133,4.0,0
4096,2.679,78,4.0,0
1024,2.611,58,4.0,0
1024,2.703,234,4.0,0
1024,2.753,107,4.0,0
1024,2.823,27,4.0,0
1024,2.782,208,4.0,0
1024,2.69,80,4.0,0
1024,2.616,29,4.0,0
4096,2.623,125,5.0,0
1024,2.646,129,4.0,0
1024,2.609,241,4.0,0
1024,2.781,185,4.0,0
1024,2.552,98,4.0,0
1024,2.506,107,4.0,0
1024,2.665,46,4.0,0
1024,2.588,194,4.0,0
1024,2.622,250,4.0,0
4096,2.494,227,4.0,0
1024,2.637,121,4.0,0
1024,2.706,30,4.0,0
1024,2.747,180,4.0,0
4096,2.508,26,5.0,0
1024,2.608,137,4.0,0
1024,2.817,235,4.0,0
1024,2.677,99,4.0,0
1024,2.766,162,4.0,0
1024,2.589,42,4.0,0
1024,2.613,101,4.0,0
1024,2.788,51,4.0,0
1024,2.666,124,4.0,0
1024,2.628,82,4.0,0
1024,2.631,101,4.0,0
1024,2.749,176,4.0,0
1024,2.614,66,4.0,0
1024,2.741,192,4.0,0
1024,2.601,230,4.0,0
1024,2.613,242,4.0,0
1024,2.792,166,4.0,0
1536,2.686,82,4.0,0
1024,2.746,215,4.0,0
4096,2.503,223,4.0,0
1024,2.75,94,4.0,0
1024,2.773,2,4.0,0
1024,2.66,116,4.0,0
1024,2.565,12,4.0,0
1024,2.652,191,4.0,0
1024,2.632,9,5.0,0
1024,2.672,117,4.0,0
1024,2.619,105,4.0,0
1024,2.794,100,4.0,0
1024,2.762,148,4.0,0
1024,2.612,137,4.0,0
1024,2.825,252,4.0,0
1024,2.628,231,4.0,0
1024,2.755,18,4.0,0
1024,2.893,127,4.0,0
1024,2.768,88,6.0,0
1024,2.642,144,4.0,0
1024,2.9,175,4.0,0
4096,2.565,254,4.0,0
1024,2.818,166,4.0,0
1024,2.787,45,4.0,0
1024,2.632,41,4.0,0
1024,2.64,116,4.0,0
1024,2.556,209,4.0,0
1024,2.585,57,4.0,0
1024,2.635,24,4.0,0
1024,2.897,150,4.0,0
1024,2.571,130,4.0,0
1024,2.573,116,4.0,0
1024,2.625,150,4.0,0
1024,2.602,195,4.0,0
1024,2.627,132,4.0,0
4096,2.59,76,5.0,0
1024,2.56,201,5.0,0
1024,2.595,182,4.0,0
1024,2.226,238,4.0,0
1024,2.618,85,4.0,0
1024,2.879,251,4.0,0
1024,2.608,198,4.0,0
1024,2.613,210,4.0,0
1024,2.575,123,4.0,0
1024,2.637,255,4.0,0
1024,2.797,34,4.0,0
1024,2.691,82,4.0,0
1024,2.602,43,4.0,0
1024,2.786,136,4.0,0
1024,2.701,36,4.0,0
1024,2.63,106,4.0,0
1024,2.639,101,4.0,0
1024,2.673,24,4.0,0
1024,2.603,120,4.0,0
4096,2.667,2,4.0,0
1024,2.623,247,4.0,0
1024,2.727,95,4.0,0
1024,2.301,168,4.0,0
1024,2.688,104,4.0,0
1024,2.781,105,4.0,0
1024,2.643,6,4.0,0
4096,2.504,113,4.0,0
1024,2.748,225,4.0,0
1024,2.71,71,4.0,0
1024,2.597,197,4.0,0
1024,2.608,205,4.0,0
1024,2.622,210,4.0,0
1024,2.63,73,4.0,0
1024,2.557,60,4.0,0
1024,2.694,43,6.0,0
1024,2.605,122,4.0,0
1024,2.572,157,4.0,0
1024,2.62,236,4.0,0
1024,2.732,186,4.0,0
1024,2.811,221,4.0,0
1024,2.621,207,4.0,0
4096,2.529,166,4.0,0
1024,2.634,23,4.0,0
1024,2.808,136,4.0,0
1024,2.47,181,4.0,0
1024,2.634,212,4.0,0
1024,2.566,35,4.0,0
1024,2.607,194,4.0,0
1024,2.78,14,4.0,0
1024,2.689,199,4.0,0
1024,2.655,80,4.0,0
1024,2.876,65,4.0,0
1024,2.609,35,4.0,0
1024,2.586,205,5.0,0
1024,2.645,135,4.0,0
1024,2.896,153,4.0,0
1024,2.568,33,4.0,0
1024,2.611,120,4.0,0
1024,2.516,136,5.0,0
1024,2.857,83,4.0,0
1024,2.701,176,4.0,0
1024,2.648,190,4.0,0
1024,2.809,78,4.0,0
1024,2.667,233,4.0,0
1024,2.825,51,4.0,0
1024,2.701,27,4.0,0
1024,2.589,60,4.0,0
1024,2.647,76,4.0,0
1024,2.609,90,4.0,0
1024,2.789,37,4.0,0
1024,2.765,31,4.0,0
1024,2.684,35,4.0,0
1024,2.797,115,4.0,0
1024,2.558,80,4.0,0
1024,2.647,7,4.0,0
1024,2.305,86,4.0,0
1024,2.657,233,4.0,0
1024,2.641,246,4.0,0
1024,2.637,99,4.0,0
1024,2.646,156,4.0,0
1024,2.742,172,4.0,0
1024,2.611,125,4.0,0
4096,2.513,5,4.0,0
1024,2.979,178,4.0,0
1024,2.625,251,4.0,0
1024,2.57,107,4.0,0
1024,2.605,6,4.0,0
1024,2.599,132,4.0,0
1024,2.606,180,4.0,0
1024,2.94,27,4.0,0
1024,2.617,17,4.0,0
1024,2.457,79,4.0,0
1024,2.587,32,4.0,0
1024,2.826,137,4.0,0
1024,2.573,4,4.0,0
1024,2.86,81,4.0,0
1024,2.731,79,4.0,0
1024,2.752,82,4.0,0
1024,2.74,80,4.0,0
1024,2.839,93,4.0,0
1024,2.596,167,4.0,0
1024,2.704,92,4.0,0
1024,2.75,86,4.0,0
1024,2.717,135,4.0,0
1024,2.591,136,4.0,0
1024,2.554,180,4.0,0
1024,2.749,210,5.0,0
1024,2.842,115,5.0,0
1024,2.793,91,4.0,0
1024,2.601,161,4.0,0
1024,2.653,179,4.0,0
1024,2.616,59,4.0,0
1024,2.461,248,5.0,0
1024,2.613,70,4.0,0
1024,2.603,64,4.0,0
4096,2.542,183,4.0,0
1024,2.594,123,4.0,0
4096,2.511,10,4.0,0
1024,2.737,110,4.0,0
1024,2.583,8,4.0,0
1024,2.677,68,0.0,0
1024,2.631,99,4.0,0
1024,2.622,8,4.0,0
1024,2.647,97,4.0,0
1024,2.648,223,4.0,0
1024,2.658,96,4.0,0
1024,2.586,167,4.0,0
4096,2.516,139,4.0,0
1024,2.548,42,4.0,0
1024,2.694,248,4.0,0
1024,2.638,86,4.0,0
1024,2.887,241,4.0,0
1024,2.78,238,4.0,0
4096,2.534,64,4.0,0
1024,2.669,252,4.0,0
1024,2.589,206,4.0,0
4096,2.587,145,4.0,0
1024,2.583,232,4.0,0
1024,2.631,135,4.0,0
4096,2.533,153,4.0,0
1024,2.615,42,4.0,0
1024,2.869,114,4.0,0
1024,2.672,31,4.0,0
1024,2.578,25,4.0,0
1024,2.692,21,4.0,0
1024,2.843,136,4.0,0
1024,3.049,42,5.0,0
1024,2.608,204,4.0,0
1024,2.812,23,5.0,0
1024,2.623,22,4.0,0
1024,2.29,246,4.0,0
1024,2.966,57,4.0,0
1024,2.569,18,4.0,0
1024,2.608,253,4.0,0
1024,2.578,170,4.0,0
1024,2.766,32,4.0,0
4096,2.629,212,5.0,0
1024,2.583,186,4.0,0
1024,2.621,204,4.0,0
1024,2.769,175,4.0,0
1024,2.594,114,4.0,0
1024,2.554,242,4.0,0
1024,2.846,150,4.0,0
1024,2.579,234,4.0,0
4096,2.517,199,4.0,0
1024,2.626,222,4.0,0
1024,2.592,79,4.0,0
1024,2.645,56,4.0,0
1024,2.738,116,4.0,0
1024,2.537,205,4.0,0
1024,2.778,97,4.0,0
1024,2.837,151,4.0,0
1024,2.767,242,4.0,0
1024,2.612,211,4.0,0
1024,2.597,69,4.0,0
1024,2.64,74,4.0,0
1024,2.52,148,4.0,0
4096,2.553,98,4.0,0
1024,2.554,149,4.0,0
1024,2.595,135,4.0,0
1024,2.701,110,4.0,0
1024,2.637,39,4.0,0
1024,2.664,183,5.0,0
1024,2.471,165,4.0,0
1024,2.738,126,4.0,0
1024,2.575,215,4.0,0
1024,2.634,133,4.0,0
1024,2.611,74,4.0,0
1024,2.711,30,4.0,0
1024,2.639,109,4.0,0
1024,2.759,194,4.0,0
1024,2.622,154,4.0,0
1024,2.541,178,4.0,0
1024,2.727,199,4.0,0
1024,2.632,170,4.0,0
1024,2.612,235,4.0,0
1024,2.169,94,4.0,0
1024,2.848,243,4.0,0
1024,2.638,91,4.0,0
1024,2.604,119,4.0,0
1024,2.787,50,5.0,0
1024,2.604,88,4.0,0
4096,2.553,68,5.0,0
1024,2.965,179,4.0,0
1024,2.534,91,4.0,0
4096,2.534,42,4.0,0
1024,2.589,161,4.0,0
1024,2.644,61,4.0,0
1024,2.285,251,4.0,0
1024,2.652,133,4.0,0
1024,2.767,13,4.0,0
4096,2.507,71,4.0,0
1024,2.741,200,4.0,0
1024,2.81,180,4.0,0
1024,2.855,237,4.0,0
4096,2.623,40,4.0,0
1024,2.599,25,4.0,0
1024,2.674,55,4.0,0
1024,2.656,35,4.0,0
1024,2.695,187,4.0,0
1024,2.602,41,4.0,0
1024,2.669,89,4.0,0
1024,2.744,167,4.0,0
1024,2.674,219,4.0,0
1024,2.898,121,4.0,0
1024,2.599,246,4.0,0
1024,2.584,172,4.0,0
1024,2.716,192,4.0,0
1024,2.571,18,4.0,0
1024,2.604,174,4.0,0
1024,2.722,139,4.0,0
1024,2.836,3,4.0,0
1024,2.852,68,4.0,0
4096,2.56,20,5.0,0
1024,2.612,255,4.0,0
1024,2.587,7,4.0,0
1024,2.847,177,5.0,0
1024,2.588,94,4.0,0
1024,2.738,218,4.0,0
1024,2.82,173,4.0,0
1024,2.785,90,4.0,0
4096,2.467,85,4.0,0
1024,2.643,70,4.0,0
1024,2.654,135,0.0,0
1024,2.692,174,6.0,0
1024,2.741,184,4.0,0
1024,2.876,154,4.0,0
1024,2.527,223,4.0,0
1024,2.82,128,4.0,0
