1,0,0,0.571,15.0,0
1,0,0,0.0,0.0,0
1,0,0,0.479,10.0,0
1,0,0,0.0,0.0,0
1,0,0,0.386,7.0,0
1,0,0,0.373,19.0,0
1,0,0,0.79,6.0,0
1,0,0,0.396,1.0,0
1,0,0,0.404,43.0,0
1,0,0,0.549,1.0,0
1,0,0,0.566,12.0,0
1,0,0,0.94,9.0,0
1,0,0,1.001,1.0,0
1,0,0,0.0,0.0,0
1,0,0,0.552,1.0,0
1,0,0,0.396,13.0,0
1,0,0,0.126,8.0,0
1,0,0,1.005,1.0,0
1,0,0,0.0,27.0,0
1,0,0,0.516,-1,0
1,0,0,0.399,1.0,0
1,0,0,0.321,2.0,0
1,0,0,0.412,3.0,0
1,0,0,0.49,25.0,0
1,0,0,0.531,67.0,0
1,0,0,0.396,1.0,0
1,0,0,1.013,1.0,0
1,0,0,1.001,1.0,0
1,0,0,0.164,42.0,0
1,0,0,0.577,3.0,0
1,0,0,0.507,38.0,0
1,0,0,0.461,16.0,0
1,0,0,0.656,47.0,0
1,0,0,0.637,32.0,0
1,0,0,0.412,3.0,0
1,0,0,0.408,7.0,0
1,0,0,0.0,46.0,0
1,0,0,0.919,23.0,0
1,0,0,0.407,7.0,0
1,0,0,0.719,7.0,0
1,0,0,1.004,1.0,0
1,0,0,0.454,15.0,0
1,0,0,0.247,1.0,0
1,0,0,0.458,43.0,0
1,0,0,0.0,0.0,0
1,0,0,0.388,7.0,0
1,0,0,0.0,30.0,0
1,0,0,0.398,19.0,0
1,0,0,0.408,6.0,0
1,0,0,0.016,45.0,0
1,0,0,1.109,1.0,0
1,0,0,0.364,16.0,0
1,0,0,1.008,15.0,0
1,0,0,0.152,5.0,0
1,0,0,0.511,10.0,0
1,0,0,0.405,48.0,0
1,0,0,0.283,15.0,0
1,0,0,0.0,10.0,0
1,0,0,0.572,33.0,0
1,0,0,1.001,1.0,0
1,0,0,1.001,1.0,0
1,0,0,0.846,20.0,0
1,0,0,0.408,6.0,0
1,0,0,0.404,45.0,0
1,0,0,0.331,6.0,0
1,0,0,0.399,1.0,0
1,0,0,0.316,10.0,0
1,0,0,1.125,1.0,0
1,0,0,0.6,1.0,0
1,0,0,0.409,6.0,0
1,0,0,0.396,1.0,0
1,0,0,0.416,14.0,0
1,0,0,0.2,75.0,0
1,0,0,0.431,13.0,0
1,0,0,1.137,1.0,0
1,0,0,0.408,6.0,0
1,0,0,1.0,5.0,0
1,0,0,1.001,1.0,0
1,0,0,0.406,14.0,0
1,0,0,0.007,20.0,0
1,0,0,0.0,0.0,0
1,0,0,0.363,18.0,0
1,0,0,0.975,24.0,0
1,0,0,1.083,1.0,0
1,0,0,0.472,6.0,0
1,0,0,0.396,1.0,0
1,0,0,0.401,14.0,0
1,0,0,0.296,3.0,0
1,0,0,0.577,14.0,0
1,0,0,0.055,2.0,0
1,0,0,0.071,27.0,0
1,0,0,0.481,8.0,0
1,0,0,0.418,11.0,0
1,0,0,0.427,49.0,0
1,0,0,0.126,8.0,0
1,0,0,0.601,19.0,0
1,0,0,0.011,3.0,0
1,0,0,0.399,1.0,0
1,0,0,0.407,6.0,0
1,0,0,0.049,4.0,0
1,0,0,0.411,6.0,0
1,0,0,0.924,12.0,0
1,0,0,0.062,3.0,0
1,0,0,0.178,4.0,0
1,0,0,0.564,20.0,0
1,0,0,0.971,9.0,0
1,0,0,0.577,15.0,0
1,0,0,0.128,3.0,0
1,0,0,1.002,68.0,0
1,0,0,0.401,8.0,0
1,0,0,0.0,0.0,0
1,0,0,1.063,1.0,0
1,0,0,0.349,4.0,0
1,0,0,0.635,20.0,0
1,0,0,0.043,17.0,0
1,0,0,0.357,27.0,0
1,0,0,0.049,43.0,0
1,0,0,0.19,107.0,0
1,0,0,0.557,14.0,0
1,0,0,0.338,2.0,0
1,0,0,0.0,0.0,0
1,0,0,0.508,23.0,0
1,0,0,0.399,1.0,0
1,0,0,0.322,1.0,0
1,0,0,0.464,5.0,0
1,0,0,0.949,56.0,0
1,0,0,0.172,26.0,0
1,0,0,0.399,1.0,0
1,0,0,0.394,12.0,0
1,0,0,0.0,2.0,0
1,0,0,0.0,6.0,0
1,0,0,0.0,3.0,0
1,0,0,0.0,3.0,0
1,0,0,0.094,5.0,0
1,0,0,0.564,14.0,0
1,0,0,0.0,5.0,0
1,0,0,0.0,5.0,0
1,0,0,0.973,16.0,0
1,0,0,0.0,4.0,0
1,0,0,0.0,5.0,0
1,0,0,0.375,12.0,0
1,0,0,0.43,70.0,0
1,0,0,0.0,4.0,0
1,0,0,0.332,-1,0
1,0,0,0.0,3.0,0
1,0,0,0.0,5.0,0
1,0,0,0.229,7.0,0
1,0,0,0.753,9.0,0
1,0,0,0.0,2.0,0
1,0,0,0.0,2.0,0
1,0,0,0.0,2.0,0
1,0,0,0.0,2.0,0
1,0,0,0.366,79.0,0
1,0,0,0.931,75.0,0
1,0,0,0.0,16.0,0
1,0,0,0.0,12.0,0
1,0,0,0.048,13.0,0
1,0,0,0.0,5.0,0
1,0,0,0.0,1.0,0
1,0,0,0.0,25.0,0
1,0,0,0.0,17.0,0
1,0,0,0.0,-1,0
1,0,0,0.0,5.0,0
1,0,0,0.677,5.0,0
1,0,0,0.977,30.0,0
1,0,0,0.0,4.0,0
1,0,0,0.381,15.0,0
1,0,0,0.0,3.0,0
1,0,0,0.0,4.0,0
1,0,0,0.0,5.0,0
1,0,0,0.0,1.0,0
1,0,0,0.069,21.0,0
1,0,0,0.0,5.0,0
1,0,0,1.132,1.0,0
1,0,0,0.176,8.0,0
1,0,0,0.0,8.0,0
1,0,0,0.0,5.0,0
1,0,0,0.0,3.0,0
1,0,0,0.0,2.0,0
1,0,0,0.0,-1,0
1,0,0,0.793,9.0,0
1,0,0,0.0,5.0,0
1,0,0,0.0,3.0,0
1,0,0,0.0,3.0,0
1,0,0,1.014,1.0,0
1,0,0,0.0,5.0,0
1,0,0,0.399,5.0,0
1,0,0,0.0,5.0,0
1,0,0,0.448,17.0,0
1,0,0,1.054,1.0,0
1,0,0,0.796,7.0,0
1,0,0,0.134,10.0,0
1,0,0,0.242,2.0,0
1,0,0,0.246,-1,0
1,0,0,0.0,18.0,0
1,0,0,0.0,17.0,0
1,0,0,1.004,14.0,0
1,0,0,0.0,5.0,0
1,0,0,0.845,26.0,0
1,0,0,0.0,6.0,0
1,0,0,0.0,3.0,0
1,0,0,0.0,4.0,0
1,0,0,0.0,3.0,0
1,0,0,0.0,5.0,0
1,0,0,1.001,6.0,0
1,0,0,0.0,5.0,0
1,0,0,0.33,27.0,0
1,0,0,0.0,4.0,0
1,0,0,0.0,3.0,0
1,0,0,1.018,11.0,0
1,0,0,0.0,3.0,0
1,0,0,0.0,3.0,0
1,0,0,0.0,-1,0
1,0,0,0.0,3.0,0
1,0,0,0.0,5.0,0
1,0,0,0.0,2.0,0
1,0,0,0.132,3.0,0
1,0,0,0.118,3.0,0
1,0,0,0.0,4.0,0
1,0,0,0.971,4.0,0
1,0,0,0.0,5.0,0
1,0,0,0.0,5.0,0
1,0,0,0.0,-1,0
1,0,0,0.0,4.0,0
1,0,0,0.0,2.0,0
1,0,0,0.0,2.0,0
1,0,0,0.0,33.0,0
1,0,0,0.0,3.0,0
1,0,0,0.687,62.0,0
1,0,0,0.0,2.0,0
1,0,0,0.0,2.0,0
1,0,0,0.471,37.0,0
1,0,0,0.57,9.0,0
1,0,0,0.0,2.0,0
1,0,0,0.0,2.0,0
1,0,0,0.0,2.0,0
1,0,0,0.297,29.0,0
1,0,0,0.0,5.0,0
1,0,0,0.646,14.0,0
1,0,0,0.829,6.0,0
1,0,0,0.985,9.0,0
1,0,0,0.0,2.0,0
1,0,0,0.0,2.0,0
1,0,0,0.992,20.0,0
1,0,0,0.125,-1,0
1,0,0,0.0,3.0,0
1,0,0,0.0,2.0,0
1,0,0,0.0,-1,0
1,0,0,0.0,1.0,0
1,0,0,0.0,2.0,0
1,0,0,0.005,4.0,0
1,0,0,0.435,7.0,0
1,0,0,0.0,5.0,0
1,0,0,0.0,5.0,0
1,0,0,0.05,14.0,0
1,0,0,0.129,12.0,0
1,0,0,0.015,1.0,0
1,0,0,0.339,6.0,0
1,0,0,0.0,3.0,0
1,0,0,1.186,1.0,0
1,0,0,0.0,2.0,0
1,0,0,0.0,2.0,0
1,0,1,0.0,-1,0
1,0,0,0.0,4.0,0
1,0,0,0.0,4.0,0
1,0,0,0.0,3.0,0
1,0,0,0.474,27.0,0
1,0,0,0.0,19.0,0
1,0,0,0.688,26.0,0
1,0,0,0.0,18.0,0
1,0,0,0.0,21.0,0
1,0,0,0.0,20.0,0
1,0,0,0.0,9.0,0
1,0,0,0.0,5.0,0
1,0,0,0.0,18.0,0
1,0,0,0.0,4.0,0
1,0,0,0.0,-1,0
1,0,0,0.0,3.0,0
1,0,0,0.958,1.0,0
1,0,0,1.046,3.0,0
1,0,0,0.0,3.0,0
1,0,0,0.0,4.0,0
1,0,0,0.0,2.0,0
1,0,0,0.0,5.0,0
1,0,0,0.442,9.0,0
1,0,0,0.0,-1,0
1,0,0,0.458,113.0,0
1,0,0,1.02,12.0,0
1,0,0,0.0,-1,0
1,0,0,0.0,5.0,0
1,0,0,0.0,5.0,0
1,0,0,0.0,21.0,0
1,0,0,0.487,6.0,0
1,0,0,0.174,7.0,0
1,0,0,0.246,8.0,0
1,0,0,0.0,4.0,0
1,0,0,0.0,2.0,0
1,0,0,0.0,3.0,0
1,0,0,0.0,2.0,0
1,0,0,0.725,8.0,0
1,0,0,0.0,5.0,0
1,0,0,0.0,21.0,0
1,0,0,0.0,2.0,0
1,0,0,0.129,22.0,0
1,0,0,0.0,3.0,0
1,0,0,0.0,3.0,0
1,0,0,1.053,1.0,0
1,0,0,0.0,2.0,0
1,0,0,0.0,2.0,0
1,0,0,0.0,11.0,0
1,0,0,0.0,20.0,0
1,0,0,0.755,9.0,0
1,0,0,1.023,-1,0
1,0,0,0.0,12.0,0
1,0,0,0.0,5.0,0
1,0,0,1.141,1.0,0
1,0,1,0.0,-1,0
1,0,0,0.0,3.0,0
1,0,0,0.0,4.0,0
1,0,0,0.0,3.0,0
1,0,0,1.072,1.0,0
1,0,0,0.0,5.0,0
1,0,0,0.0,25.0,0
1,0,0,0.0,17.0,0
1,0,0,0.374,15.0,0
1,0,0,0.0,40.0,0
1,0,0,0.648,18.0,0
1,0,0,0.0,2.0,0
1,0,0,0.0,17.0,0
1,0,0,0.0,5.0,0
1,0,0,0.0,3.0,0
1,0,0,0.96,8.0,0
1,0,0,0.388,27.0,0
1,0,0,0.365,18.0,0
1,0,0,0.0,4.0,0
1,0,0,1.021,1.0,0
1,0,0,0.417,25.0,0
1,0,0,0.0,1.0,0
1,0,0,0.0,29.0,0
1,0,0,0.0,5.0,0
1,0,0,0.0,-1,0
1,0,0,0.408,7.0,0
1,0,0,0.403,9.0,0
1,0,0,0.0,6.0,0
1,0,1,0.0,-1,0
1,0,0,0.395,13.0,0
1,0,0,0.0,4.0,0
1,0,0,0.0,20.0,0
1,0,0,0.0,-1,0
1,0,0,0.0,2.0,0
1,0,0,0.0,28.0,0
1,0,0,0.0,4.0,0
1,0,0,0.62,1.0,0
1,0,0,0.064,8.0,0
1,0,0,1.316,5.0,0
1,0,0,0.632,7.0,0
1,0,0,0.0,4.0,0
1,0,0,0.0,2.0,0
1,0,0,0.0,2.0,0
1,0,0,0.399,8.0,0
1,0,0,0.0,1.0,0
1,0,0,0.0,5.0,0
1,0,0,0.0,6.0,0
1,0,0,0.0,2.0,0
1,0,0,0.258,-1,0
1,0,0,0.0,21.0,0
1,0,0,0.0,1.0,0
1,0,0,0.399,5.0,0
1,0,0,0.0,2.0,0
1,0,0,0.457,-1,0
2,0,1,0.217,7.0,0
2,0,1,0.0,3.0,0
1,0,0,0.201,5.0,0
1,0,0,0.396,13.0,0
1,0,0,0.0,1.0,0
1,0,0,0.0,2.0,0
1,0,0,0.0,5.0,0
1,0,0,0.0,5.0,0
1,0,0,0.115,5.0,0
1,0,0,0.297,8.0,0
1,0,0,0.833,11.0,0
0,0,1,0.125,-1,0
0,0,1,0.104,-1,0
0,0,1,0.125,-1,0
0,0,1,0.156,-1,0
0,0,1,0.125,-1,0
0,0,1,0.125,-1,0
0,0,1,0.111,-1,0
0,0,1,0.125,-1,0
0,0,1,0.125,-1,0
0,0,1,0.125,-1,0
0,0,1,0.0,-1,0
0,0,1,0.125,-1,0
0,0,1,0.24,-1,0
0,0,1,0.125,-1,0
0,0,1,0.011,-1,0
0,0,1,0.062,-1,0
0,0,1,0.043,-1,0
0,0,1,0.1,-1,0
0,0,1,0.094,-1,0
0,0,1,0.125,-1,0
0,0,1,0.125,-1,0
0,0,1,0.125,-1,0
0,0,1,0.125,-1,0
0,0,1,0.125,-1,0
0,0,1,0.05,-1,0
0,0,1,0.05,-1,0
0,0,1,0.125,-1,0
0,0,1,0.15,-1,0
0,0,1,0.125,-1,0
0,0,1,0.125,-1,0
0,0,1,0.021,-1,0
0,0,1,0.125,-1,0
0,0,1,0.125,-1,0
0,0,1,0.109,-1,0
0,0,1,0.125,-1,0
0,0,1,0.125,-1,0
0,0,1,0.004,-1,0
0,0,1,0.03,-1,0
2,2,1,0.39,-1,0
3,3,1,0.39,-1,0
2,2,1,0.39,-1,0
2,2,1,0.39,-1,0
2,2,1,0.39,-1,0
2,2,1,0.39,-1,0
2,2,1,0.39,-1,0
2,2,1,0.39,-1,0
2,2,1,0.388,-1,0
2,2,1,0.306,-1,0
2,2,1,0.39,-1,0
2,2,1,0.373,-1,0
2,2,1,0.0,-1,0
2,2,1,0.363,-1,0
2,2,1,0.39,-1,0
2,2,1,0.357,-1,0
2,2,1,0.049,-1,0
2,2,1,0.283,-1,0
2,2,1,0.364,-1,0
2,2,1,0.39,-1,0
2,2,1,0.39,-1,0
2,2,1,0.39,-1,0
2,2,1,0.39,-1,0
2,2,1,0.39,-1,0
2,2,1,0.126,-1,0
2,2,1,0.126,-1,0
2,2,1,0.39,-1,0
2,2,1,0.39,-1,0
2,2,1,0.39,-1,0
2,2,1,0.31,-1,0
2,2,1,0.049,-1,0
2,2,1,0.39,-1,0
2,2,1,0.39,-1,0
2,2,1,0.39,-1,0
2,2,1,0.39,-1,0
2,2,0,0.0,-1,0
2,2,0,0.0,-1,0
2,2,0,0.0,-1,0
2,2,0,0.0,-1,0
3,3,1,0.0,-1,0
2,2,0,0.0,-1,0
2,2,0,0.0,-1,0
2,2,0,0.0,-1,0
2,2,0,0.0,-1,0
2,2,0,0.0,-1,0
2,2,0,0.0,-1,0
2,2,0,0.0,-1,0
2,2,0,0.0,-1,0
2,2,0,0.0,-1,0
2,2,0,0.0,-1,0
2,2,0,0.0,-1,0
2,2,0,0.0,-1,0
2,2,0,0.0,-1,0
2,2,0,0.0,-1,0
2,2,0,0.0,-1,0
2,2,0,0.0,-1,0
2,2,0,0.0,-1,0
2,2,0,0.0,-1,0
2,2,0,0.0,-1,0
2,2,0,0.0,-1,0
2,2,0,0.0,-1,0
2,2,0,0.0,-1,0
2,2,0,0.0,-1,0
2,2,0,0.0,-1,0
2,2,0,0.0,-1,0
2,2,0,0.0,-1,0
2,2,0,0.0,-1,0
2,2,0,0.0,-1,0
2,2,0,0.0,-1,0
2,2,0,0.0,-1,0
2,2,0,0.0,-1,0
2,2,0,0.0,-1,0
2,2,0,0.0,-1,0
2,2,0,0.0,-1,0
2,2,0,0.0,-1,0
2,2,0,0.0,-1,0
2,2,0,0.0,-1,0
2,2,0,0.0,-1,0
2,2,0,0.0,-1,0
2,2,0,0.0,-1,0
2,2,1,0.0,-1,0
2,2,1,0.0,-1,0
2,2,1,0.0,-1,0
2,2,1,0.0,-1,0
2,2,1,0.0,-1,0
2,2,1,0.0,-1,0
2,2,1,0.0,-1,0
2,2,1,0.0,-1,0
2,2,1,0.0,-1,0
2,2,1,0.0,-1,0
2,2,1,0.0,-1,0
2,2,1,0.0,-1,0
2,2,1,0.0,-1,0
2,2,1,0.0,-1,0
2,2,1,0.0,-1,0
2,2,1,0.0,-1,0
2,2,1,0.0,-1,0
2,2,1,0.0,-1,0
2,2,1,0.0,-1,0
2,2,1,0.0,-1,0
2,2,1,0.0,-1,0
2,2,1,0.0,-1,0
2,2,1,0.0,-1,0
2,2,1,0.0,-1,0
2,2,1,0.0,-1,0
2,2,1,0.0,-1,0
2,2,1,0.0,-1,0
2,2,1,0.0,-1,0
2,2,1,0.0,-1,0
2,2,1,0.0,-1,0
2,2,1,0.0,-1,0
2,2,1,0.0,-1,0
2,2,1,0.0,-1,0
2,2,1,0.0,-1,0
2,2,1,0.0,-1,0
2,2,1,0.0,-1,0
2,2,1,0.0,-1,0
3,1,1,0.0,-1,0
3,1,1,0.0,-1,0
3,1,1,0.0,-1,0
3,1,1,0.0,-1,0
3,1,1,0.0,-1,0
3,1,1,0.0,-1,0
3,1,1,0.0,-1,0
3,1,1,0.0,-1,0
3,1,1,0.0,-1,0
3,1,1,0.0,-1,0
3,1,1,0.0,-1,0
3,1,1,0.0,-1,0
3,1,1,0.0,-1,0
3,1,1,0.0,-1,0
3,1,1,0.0,-1,0
3,1,1,0.0,-1,0
3,1,1,0.0,-1,0
3,1,1,0.0,-1,0
3,1,1,0.0,-1,0
3,1,1,0.0,-1,0
3,1,1,0.0,-1,0
3,1,1,0.0,-1,0
3,1,1,0.0,-1,0
3,1,1,0.0,-1,0
3,1,1,0.0,-1,0
3,1,1,0.0,-1,0
3,1,1,0.0,-1,0
3,1,1,0.0,-1,0
3,1,1,0.0,-1,0
3,1,1,0.0,-1,0
4,1,1,0.0,-1,0
3,1,1,0.0,-1,0
3,1,1,0.0,-1,0
3,1,1,0.0,-1,0
3,1,1,0.0,-1,0
3,1,1,0.0,-1,0
3,1,1,0.0,-1,0
3,1,1,0.0,-1,0
3,1,1,0.0,-1,0
0,0,1,0.125,-1,0
0,0,1,0.125,-1,0
0,0,1,0.125,-1,0
0,0,1,0.0,-1,0
0,0,1,0.025,-1,0
0,0,1,0.042,-1,0
0,0,1,0.125,-1,0
0,0,1,0.188,-1,0
0,0,1,0.188,-1,0
0,0,1,0.114,-1,0
0,0,1,0.042,-1,0
0,0,1,0.25,-1,0
0,0,1,0.062,-1,0
0,0,1,0.036,-1,0
0,0,1,0.009,-1,0
0,0,1,0.1,-1,0
0,0,1,0.125,-1,0
0,0,1,0.042,-1,0
0,0,1,0.125,-1,0
0,0,1,0.071,-1,0
0,0,1,0.048,-1,0
0,0,1,0.011,-1,0
0,0,1,0.125,-1,0
0,0,1,0.125,-1,0
0,0,1,0.016,-1,0
0,0,1,0.167,-1,0
0,0,1,0.062,-1,0
0,0,1,0.25,-1,0
0,0,1,0.042,-1,0
0,0,1,0.062,-1,0
0,0,1,0.021,-1,0
0,0,1,0.125,-1,0
0,0,1,0.125,-1,0
0,0,1,0.083,-1,0
0,0,1,0.125,-1,0
0,0,1,0.125,-1,0
0,0,1,0.008,-1,0
0,0,1,0.25,-1,0
0,0,1,0.125,-1,0
0,0,1,0.02,-1,0
0,0,1,0.056,-1,0
0,0,1,0.017,-1,0
0,0,1,0.125,-1,0
0,0,1,0.125,-1,0
0,0,1,0.125,-1,0
0,0,1,0.125,-1,0
0,0,1,0.1,-1,0
0,0,1,0.001,-1,0
1,0,1,0.0,2.0,0
1,0,1,0.0,2.0,0
1,0,1,0.0,2.0,0
1,0,1,0.0,2.0,0
1,0,1,0.0,2.0,0
1,0,1,0.0,2.0,0
2,2,1,0.0,-1,0
1,0,1,0.0,2.0,0
1,0,1,0.0,2.0,0
1,0,1,0.0,2.0,0
1,0,1,0.0,2.0,0
2,2,1,0.0,-1,0
3,3,1,0.0,-1,0
1,0,1,0.0,2.0,0
2,2,1,0.0,-1,0
1,0,1,0.0,2.0,0
1,0,1,0.0,2.0,0
1,0,1,0.0,2.0,0
2,2,1,0.0,-1,0
1,0,1,0.0,2.0,0
2,2,1,0.0,-1,0
2,2,1,0.0,-1,0
2,2,1,0.0,-1,0
2,2,1,0.0,-1,0
1,0,1,0.0,2.0,0
2,2,1,0.0,-1,0
1,0,1,0.0,2.0,0
2,2,1,0.0,-1,0
2,2,1,0.0,-1,0
2,2,0,0.357,-1,0
2,2,0,0.33,-1,0
2,2,0,0.329,-1,0
2,2,0,0.368,-1,0
2,2,0,0.329,-1,0
2,2,0,0.319,-1,0
2,2,0,0.328,-1,0
2,2,0,0.328,-1,0
2,2,0,0.337,-1,0
2,2,0,0.287,-1,0
2,2,0,0.331,-1,0
2,2,0,0.354,-1,0
2,2,1,0.377,-1,0
2,2,0,0.276,-1,0
2,2,0,0.322,-1,0
2,2,0,0.279,-1,0
2,2,0,0.192,-1,0
2,2,0,0.327,-1,0
2,2,0,0.325,-1,0
2,2,0,0.262,-1,0
2,2,0,0.262,-1,0
2,2,0,0.327,-1,0
2,2,0,0.366,-1,0
2,2,0,0.286,-1,0
2,2,0,0.28,-1,0
2,2,0,0.357,-1,0
2,2,0,0.322,-1,0
2,2,0,0.286,-1,0
2,2,0,0.344,-1,0
2,2,0,0.265,-1,0
2,2,0,0.348,-1,0
2,2,0,0.319,-1,0
2,2,0,0.378,-1,0
2,2,0,0.351,-1,0
2,2,0,0.395,-1,0
2,2,0,0.157,-1,0
2,2,1,0.148,-1,0
2,2,1,0.0,-1,0
2,2,1,0.0,-1,0
2,2,1,0.0,-1,0
2,2,1,0.0,-1,0
2,2,1,0.0,-1,0
2,2,1,0.136,-1,0
2,2,1,0.0,-1,0
2,2,1,0.145,-1,0
2,2,1,0.0,-1,0
2,2,1,0.143,-1,0
2,2,1,0.011,-1,0
2,2,1,0.066,-1,0
2,2,1,0.044,-1,0
2,2,1,0.103,-1,0
2,2,1,0.109,-1,0
2,2,1,0.0,-1,0
2,2,1,0.157,-1,0
2,2,1,0.157,-1,0
2,2,1,0.0,-1,0
2,2,1,0.158,-1,0
2,2,1,0.0,-1,0
2,2,1,0.0,-1,0
2,2,1,0.132,-1,0
2,2,1,0.17,-1,0
2,2,1,0.0,-1,0
2,2,1,0.037,-1,0
2,2,1,0.025,-1,0
2,2,1,0.0,-1,0
2,2,1,0.0,-1,0
2,2,1,0.016,-1,0
2,2,1,0.254,-1,0
2,2,1,0.112,-1,0
2,2,1,0.03,-1,0
2,2,1,0.0,-1,0
2,2,1,0.001,-1,0
2,2,1,0.001,-1,0
2,2,1,0.0,-1,0
2,2,1,0.001,-1,0
2,2,1,0.0,-1,0
2,2,1,0.002,-1,0
2,2,1,0.002,-1,0
2,2,1,0.001,-1,0
2,2,1,0.002,-1,0
2,2,1,0.001,-1,0
2,2,1,0.002,-1,0
2,2,1,0.001,-1,0
2,2,1,0.001,-1,0
2,2,1,0.0,-1,0
2,2,1,0.002,-1,0
2,2,1,0.0,-1,0
2,2,1,0.0,-1,0
2,2,1,0.0,-1,0
2,2,1,0.0,-1,0
2,2,1,0.0,-1,0
2,2,1,0.001,-1,0
2,2,1,0.0,-1,0
2,2,1,0.003,-1,0
2,2,1,0.002,-1,0
2,2,1,0.002,-1,0
2,2,1,0.003,-1,0
2,2,1,0.002,-1,0
2,2,1,0.002,-1,0
2,2,1,0.003,-1,0
2,2,1,0.001,-1,0
2,2,1,0.0,-1,0
2,2,1,0.0,-1,0
2,2,1,0.0,-1,0
2,2,1,0.001,-1,0
2,2,1,0.0,-1,0
2,2,1,0.002,-1,0
2,2,1,0.0,-1,0
2,2,1,0.0,-1,0
1,1,1,0.031,7.0,0
1,1,1,0.246,7.0,0
1,1,1,0.246,7.0,0
1,1,1,0.024,10.0,0
2,1,1,0.013,7.0,0
1,1,1,0.246,10.0,0
1,1,1,0.016,1.0,0
1,1,1,0.25,6.0,0
1,1,1,0.25,7.0,0
1,1,1,0.371,5.0,0
1,1,1,0.32,3.0,0
1,1,1,0.038,6.0,0
1,1,1,0.318,3.0,0
1,1,1,0.034,8.0,0
1,1,1,0.036,18.0,0
1,1,1,0.332,3.0,0
1,1,1,0.036,27.0,0
1,1,1,0.013,26.0,0
1,1,1,0.003,75.0,0
1,1,1,0.026,3.0,0
1,1,1,0.036,107.0,0
1,1,1,0.246,7.0,0
1,1,1,0.04,14.0,0
1,1,1,0.04,1.0,0
1,1,1,0.246,6.0,0
1,1,1,0.039,3.0,0
1,1,1,0.126,8.0,0
1,1,1,0.126,8.0,0
1,1,1,0.033,16.0,0
1,1,1,0.028,10.0,0
1,1,1,0.246,6.0,0
1,1,1,0.03,7.0,0
2,1,1,0.31,78.0,0
2,1,1,0.025,4.0,0
1,1,1,0.315,78.0,0
1,1,1,0.354,9.0,0
2,1,1,0.438,106.0,0
1,1,1,0.0,17.0,0
1,0,0,1.003,1.0,0
8,8,1,0.0,19.0,0
8,8,1,0.0,19.0,0
8,8,1,0.0,19.0,0
7,7,1,0.0,19.0,0
8,8,1,0.0,19.0,0
8,8,1,0.0,19.0,0
6,6,1,0.0,19.0,0
8,8,1,0.0,19.0,0
8,8,1,0.0,19.0,0
8,8,1,0.0,19.0,0
8,8,1,0.0,19.0,0
13,13,1,0.0,19.0,0
8,8,1,0.0,19.0,0
8,8,1,0.0,19.0,0
8,8,1,0.0,19.0,0
8,8,1,0.0,19.0,0
8,8,1,0.0,19.0,0
8,8,1,0.0,19.0,0
8,8,1,0.0,19.0,0
8,8,1,0.0,19.0,0
8,8,1,0.0,19.0,0
8,8,1,0.0,19.0,0
8,8,1,0.0,19.0,0
8,8,1,0.0,19.0,0
7,7,1,0.0,19.0,0
8,8,1,0.0,19.0,0
8,8,1,0.0,19.0,0
7,7,1,0.0,19.0,0
8,8,1,0.0,19.0,0
8,8,1,0.0,19.0,0
0,0,1,0.124,-1,0
0,0,1,0.125,-1,0
0,0,1,0.16,-1,0
0,0,1,0.16,-1,0
0,0,1,0.118,-1,0
0,0,1,0.133,-1,0
0,0,1,0.163,-1,0
0,0,1,0.375,-1,0
0,0,1,0.164,-1,0
0,0,1,0.163,-1,0
0,0,1,0.163,-1,0
0,0,1,0.115,-1,0
0,0,1,0.155,-1,0
0,0,1,0.076,-1,0
0,0,1,0.159,-1,0
0,0,1,0.136,-1,0
0,0,1,0.145,-1,0
0,0,1,0.256,-1,0
0,0,1,0.143,-1,0
0,0,1,0.011,-1,0
0,0,1,0.066,-1,0
0,0,1,0.044,-1,0
0,0,1,0.103,-1,0
0,0,1,0.163,-1,0
0,0,1,0.115,-1,0
0,0,1,0.16,-1,0
0,0,1,0.158,-1,0
0,0,1,0.06,-1,0
0,0,1,0.17,-1,0
0,0,1,0.071,-1,0
0,0,1,0.042,-1,0
0,0,1,0.009,-1,0
0,0,1,0.541,-1,0
0,0,1,0.464,-1,0
0,0,1,0.055,-1,0
0,0,1,0.401,-1,0
0,0,1,0.17,-1,0
0,0,1,0.025,-1,0
0,0,1,0.472,-1,0
0,0,1,0.582,-1,0
0,0,1,0.505,-1,0
0,0,1,0.128,-1,0
0,0,1,0.416,-1,0
0,0,1,0.577,-1,0
0,0,1,0.065,-1,0
0,0,1,0.372,-1,0
0,0,1,0.152,-1,0
0,0,1,0.577,-1,0
0,0,1,0.427,-1,0
0,0,1,0.495,-1,0
0,0,1,0.493,-1,0
0,0,1,0.162,-1,0
0,0,1,0.164,-1,0
0,0,1,0.178,-1,0
0,0,1,0.124,-1,0
0,0,1,0.03,-1,0
0,0,1,0.0,-1,0
0,0,1,0.0,-1,0
0,0,1,0.0,-1,0
0,0,1,0.0,-1,0
0,0,1,0.0,-1,0
0,0,1,0.0,-1,0
0,0,1,0.0,-1,0
0,0,1,0.0,-1,0
0,0,1,0.0,-1,0
0,0,1,0.0,-1,0
0,0,1,0.0,-1,0
0,0,1,0.0,-1,0
0,0,1,0.0,-1,0
0,0,1,0.0,-1,0
0,0,1,0.0,-1,0
0,0,1,0.0,-1,0
0,0,1,0.0,-1,0
0,0,1,0.0,-1,0
0,0,1,0.0,-1,0
0,0,1,0.0,-1,0
0,0,1,0.0,-1,0
0,0,1,0.0,-1,0
0,0,1,0.0,-1,0
0,0,1,0.0,-1,0
0,0,1,0.0,-1,0
0,0,1,0.0,-1,0
0,0,1,0.0,-1,0
0,0,1,0.0,-1,0
0,0,1,0.0,-1,0
0,0,1,0.0,-1,0
0,0,1,0.0,-1,0
0,0,1,0.0,-1,0
0,0,1,0.0,-1,0
0,0,1,0.0,-1,0
0,0,1,0.0,-1,0
0,0,1,0.0,-1,0
0,0,1,0.0,-1,0
0,0,1,0.0,-1,0
0,0,1,0.0,-1,0
1,0,1,0.0,2.0,0
1,0,1,0.0,2.0,0
1,0,1,0.0,2.0,0
1,0,1,0.0,2.0,0
1,0,1,0.0,2.0,0
1,0,1,0.0,2.0,0
1,0,1,0.0,2.0,0
1,0,1,0.0,2.0,0
1,0,1,0.0,2.0,0
1,0,1,0.0,2.0,0
1,0,1,0.0,2.0,0
1,0,1,0.0,2.0,0
1,0,1,0.0,2.0,0
1,0,1,0.0,2.0,0
1,0,1,0.0,2.0,0
1,0,1,0.0,2.0,0
1,0,1,0.0,2.0,0
1,0,1,0.0,2.0,0
1,0,1,0.0,2.0,0
1,0,1,0.0,2.0,0
1,0,1,0.0,2.0,0
1,0,1,0.0,2.0,0
1,0,1,0.0,2.0,0
1,0,1,0.0,2.0,0
1,0,1,0.0,2.0,0
1,0,1,0.0,2.0,0
1,0,1,0.0,2.0,0
1,0,1,0.0,2.0,0
1,0,1,0.0,2.0,0
1,0,1,0.0,2.0,0
2,2,1,0.0,5.0,0
2,2,1,0.0,5.0,0
2,2,1,0.0,5.0,0
2,2,1,0.0,2.0,0
2,2,1,0.0,5.0,0
2,2,1,0.0,5.0,0
2,2,1,0.0,5.0,0
2,2,1,0.0,5.0,0
2,2,1,0.0,5.0,0
2,2,1,0.0,5.0,0
2,2,1,0.0,5.0,0
2,2,1,0.0,5.0,0
2,2,1,0.0,5.0,0
2,2,1,0.0,2.0,0
2,2,1,0.0,5.0,0
2,2,1,0.0,5.0,0
2,2,1,0.0,5.0,0
2,2,1,0.0,5.0,0
2,2,1,0.0,5.0,0
2,2,1,0.0,5.0,0
2,2,1,0.0,5.0,0
2,2,1,0.0,5.0,0
2,2,1,0.0,5.0,0
2,2,1,0.0,2.0,0
2,2,1,0.0,5.0,0
2,2,1,0.0,5.0,0
2,2,1,0.0,5.0,0
2,2,1,0.0,5.0,0
2,2,1,0.0,5.0,0
2,2,1,0.0,2.0,0
2,2,1,0.0,7.0,0
2,2,1,0.0,-1,0
2,2,1,0.0,5.0,0
2,2,1,0.0,5.0,0
2,2,1,0.0,5.0,0
2,2,1,0.0,5.0,0
2,2,1,0.0,-1,0
2,2,1,0.0,2.0,0
2,2,1,0.0,5.0,0
2,2,1,0.0,5.0,0
2,2,1,0.0,2.0,0
2,2,1,0.0,2.0,0
2,2,1,0.0,5.0,0
2,2,1,0.0,5.0,0
2,2,1,0.0,5.0,0
2,2,1,0.0,5.0,0
3,2,0,0.322,1.0,0
3,2,0,0.656,47.0,0
3,2,0,0.407,6.0,0
3,2,0,0.407,7.0,0
3,2,0,0.635,20.0,0
3,2,0,0.388,7.0,0
3,2,0,0.398,19.0,0
3,2,0,0.373,19.0,0
3,2,0,0.0,46.0,0
3,2,0,0.363,18.0,0
3,2,0,0.79,6.0,0
3,2,0,0.357,27.0,0
3,2,0,0.049,43.0,0
3,2,0,0.172,26.0,0
3,2,0,0.2,75.0,0
3,2,0,0.283,15.0,0
3,2,0,0.364,16.0,0
3,2,0,0.408,7.0,0
3,2,0,0.6,1.0,0
3,2,0,0.401,14.0,0
3,2,0,0.396,13.0,0
3,2,0,0.408,6.0,0
3,2,0,0.394,12.0,0
3,2,0,0.126,8.0,0
3,2,0,0.126,8.0,0
3,2,0,0.461,16.0,0
3,2,0,0.511,10.0,0
3,2,0,0.409,6.0,0
3,2,0,0.719,7.0,0
3,2,0,0.049,4.0,0
3,2,0,0.411,6.0,0
3,2,0,0.408,6.0,0
3,2,0,0.75,13.0,0
3,2,0,0.846,20.0,0
3,2,0,0.418,11.0,0
3,2,0,0.971,9.0,0
3,2,0,0.572,33.0,0
3,2,0,1.0,68.0,0
2,2,1,0.0,-1,0
2,2,1,0.0,-1,0
2,2,1,0.0,-1,0
2,2,1,0.0,-1,0
2,2,1,0.0,-1,0
2,2,1,0.0,-1,0
2,2,1,0.0,-1,0
2,2,1,0.0,-1,0
2,2,1,0.0,-1,0
2,2,1,0.0,-1,0
2,2,1,0.0,-1,0
2,2,1,0.0,-1,0
2,2,1,0.0,-1,0
2,2,1,0.0,-1,0
2,2,1,0.0,-1,0
2,2,1,0.0,-1,0
2,2,1,0.0,-1,0
2,2,1,0.0,-1,0
2,2,1,0.0,-1,0
2,2,1,0.0,-1,0
2,2,1,0.0,-1,0
2,2,1,0.0,-1,0
2,2,1,0.0,-1,0
2,2,1,0.0,-1,0
2,2,1,0.0,-1,0
2,2,1,0.0,-1,0
2,2,1,0.0,-1,0
2,2,1,0.0,-1,0
2,2,1,0.0,-1,0
2,2,1,0.0,-1,0
2,2,1,0.0,-1,0
2,2,1,0.0,-1,0
2,2,1,0.0,-1,0
2,2,1,0.0,-1,0
2,2,1,0.0,-1,0
3,3,1,0.0,-1,0
3,3,1,0.0,-1,0
3,3,1,0.0,-1,0
3,3,1,0.0,-1,0
3,3,1,0.0,-1,0
3,3,1,0.0,-1,0
3,3,1,0.0,-1,0
3,3,1,0.0,-1,0
3,3,1,0.0,-1,0
3,3,1,0.0,-1,0
3,3,1,0.0,-1,0
3,3,1,0.0,-1,0
3,3,1,0.0,-1,0
3,3,1,0.0,-1,0
3,3,1,0.0,-1,0
3,3,1,0.0,-1,0
3,3,1,0.0,-1,0
3,3,1,0.0,-1,0
3,3,1,0.0,-1,0
3,3,1,0.0,-1,0
3,3,1,0.0,-1,0
3,3,1,0.0,-1,0
3,3,1,0.0,-1,0
3,3,1,0.0,-1,0
3,3,1,0.0,-1,0
3,3,1,0.0,-1,0
3,3,1,0.0,-1,0
3,3,1,0.0,-1,0
3,3,1,0.0,-1,0
3,3,1,0.0,-1,0
3,3,1,0.0,-1,0
3,3,1,0.0,-1,0
3,3,1,0.0,-1,0
3,3,1,0.0,-1,0
3,3,1,0.0,-1,0
3,3,1,0.0,-1,0
3,3,1,0.0,-1,0
3,3,1,0.0,-1,0
3,3,1,0.0,-1,0
2,2,1,0.0,-1,0
2,2,1,0.0,-1,0
2,2,1,0.0,-1,0
2,2,1,0.0,-1,0
2,2,1,0.0,-1,0
2,2,1,0.0,-1,0
2,2,1,0.0,-1,0
2,2,1,0.0,-1,0
2,2,1,0.0,-1,0
2,2,1,0.0,-1,0
2,2,1,0.0,-1,0
2,2,1,0.0,-1,0
2,2,1,0.0,-1,0
2,2,1,0.0,-1,0
2,2,1,0.0,-1,0
2,2,1,0.0,-1,0
2,2,1,0.0,-1,0
2,2,1,0.0,-1,0
2,2,1,0.0,-1,0
2,2,1,0.0,-1,0
2,2,1,0.0,-1,0
2,2,1,0.0,-1,0
2,2,1,0.0,-1,0
2,2,1,0.0,-1,0
2,2,1,0.0,-1,0
2,2,1,0.0,-1,0
2,2,1,0.0,-1,0
2,2,1,0.0,-1,0
2,2,1,0.0,-1,0
2,2,1,0.0,-1,0
2,2,1,0.0,-1,0
2,2,1,0.0,-1,0
2,2,1,0.0,-1,0
2,2,1,0.0,-1,0
2,2,1,0.0,-1,0
2,2,1,0.0,-1,0
2,2,1,0.0,-1,0
2,2,1,0.0,-1,0
2,2,1,0.0,-1,0
2,2,1,0.0,-1,0
2,2,1,0.0,-1,0
2,2,1,0.0,-1,0
2,2,1,0.0,-1,0
2,2,1,0.0,-1,0
0,0,1,0.25,-1,0
0,0,1,0.125,-1,0
0,0,1,0.125,-1,0
0,0,1,0.214,-1,0
0,0,1,0.125,-1,0
0,0,1,0.125,-1,0
0,0,1,0.062,-1,0
0,0,1,0.333,-1,0
0,0,1,0.161,-1,0
0,0,1,0.062,-1,0
0,0,1,0.125,-1,0
0,0,1,0.125,-1,0
0,0,1,0.25,-1,0
0,0,1,0.1,-1,0
0,0,1,0.1,-1,0
0,0,1,0.062,-1,0
0,0,1,0.125,-1,0
0,0,1,0.125,-1,0
0,0,1,0.125,-1,0
0,0,1,0.045,-1,0
0,0,1,0.125,-1,0
0,0,1,0.125,-1,0
0,0,1,0.019,-1,0
0,0,1,0.125,-1,0
0,0,1,0.125,-1,0
0,0,1,0.125,-1,0
0,0,1,0.078,-1,0
0,0,1,0.062,-1,0
0,0,1,0.125,-1,0
0,0,1,0.125,-1,0
0,0,1,0.0,-1,0
0,0,1,0.172,-1,0
0,0,1,0.023,-1,0
0,0,1,0.125,-1,0
0,0,1,0.139,-1,0
0,0,1,0.0,-1,0
0,0,1,0.0,-1,0
0,0,1,0.2,-1,0
0,0,1,0.014,-1,0
0,0,1,0.029,-1,0
0,0,1,0.154,-1,0
0,0,1,0.062,-1,0
0,0,1,0.094,-1,0
0,0,1,0.125,-1,0
0,0,1,0.125,-1,0
0,0,1,0.266,-1,0
0,0,1,0.062,-1,0
0,0,1,0.172,-1,0
0,0,1,0.062,-1,0
0,0,1,0.002,-1,0
0,0,1,0.147,-1,0
0,0,1,0.021,-1,0
0,0,1,0.333,-1,0
0,0,1,0.172,-1,0
0,0,1,0.112,-1,0
0,0,1,0.009,-1,0
0,0,1,0.172,-1,0
0,0,1,0.125,-1,0
0,0,1,0.172,-1,0
0,0,1,0.135,-1,0
0,0,1,0.179,-1,0
2,2,1,0.13,-1,0
2,2,1,0.15,-1,0
2,2,1,0.338,-1,0
2,2,1,0.185,-1,0
2,2,1,0.312,-1,0
2,2,1,0.347,-1,0
2,2,1,0.374,-1,0
2,2,1,0.39,-1,0
2,2,1,0.306,-1,0
2,2,1,0.215,-1,0
2,2,1,0.39,-1,0
2,2,1,0.39,-1,0
2,2,1,0.351,-1,0
2,2,1,0.39,-1,0
2,2,1,0.39,-1,0
2,2,1,0.381,-1,0
2,2,1,0.39,-1,0
2,2,1,0.375,-1,0
2,2,1,0.332,-1,0
2,2,1,0.39,-1,0
2,2,1,0.39,-1,0
2,2,1,0.267,-1,0
2,2,1,0.297,-1,0
2,2,1,0.39,-1,0
2,2,1,0.39,-1,0
2,2,1,0.365,-1,0
2,2,1,0.129,-1,0
2,2,1,0.339,-1,0
2,2,1,0.134,-1,0
2,2,1,0.05,-1,0
2,2,1,0.39,-1,0
3,2,1,0.217,-1,0
2,2,1,0.39,-1,0
2,2,1,0.258,-1,0
2,2,1,0.39,-1,0
2,2,1,0.39,-1,0
2,2,1,0.39,-1,0
2,2,1,0.048,-1,0
3,3,1,0.0,-1,0
2,2,1,0.39,-1,0
2,2,1,0.297,-1,0
2,2,1,0.0,-1,0
2,2,1,0.39,-1,0
2,2,1,0.015,-1,0
2,2,1,0.129,-1,0
2,2,1,0.242,-1,0
2,2,1,0.176,-1,0
2,2,1,0.39,-1,0
2,2,1,0.33,-1,0
2,2,1,0.39,-1,0
2,2,1,0.246,-1,0
2,2,1,0.094,-1,0
2,2,1,0.39,-1,0
2,2,1,0.246,-1,0
2,2,1,0.005,-1,0
2,2,1,0.39,-1,0
2,2,1,0.069,-1,0
2,2,1,0.39,-1,0
2,2,1,0.39,-1,0
2,2,1,0.064,-1,0
2,2,1,0.39,-1,0
2,2,1,0.39,-1,0
2,2,1,0.39,-1,0
2,2,1,0.39,-1,0
2,2,1,0.39,-1,0
3,3,1,0.001,-1,0
3,3,1,0.004,-1,0
3,3,1,0.002,-1,0
3,3,1,0.0,-1,0
3,3,1,0.004,-1,0
3,3,1,0.004,-1,0
3,3,1,0.002,-1,0
3,3,1,0.002,-1,0
3,3,1,0.004,-1,0
3,3,1,0.004,-1,0
3,3,1,0.006,-1,0
3,3,1,0.002,-1,0
3,3,1,0.003,-1,0
3,3,1,0.008,-1,0
3,3,1,0.004,-1,0
3,3,1,0.006,-1,0
3,3,1,0.002,-1,0
3,3,1,0.003,-1,0
3,3,1,0.003,-1,0
3,3,1,0.003,-1,0
3,3,1,0.003,-1,0
3,3,1,0.003,-1,0
3,3,1,0.002,-1,0
3,3,1,0.001,-1,0
3,3,1,0.003,-1,0
3,3,1,0.001,-1,0
3,3,1,0.002,-1,0
2,2,0,0.0,-1,0
3,3,1,0.006,-1,0
3,3,1,0.001,-1,0
3,3,1,0.004,-1,0
3,3,1,0.003,-1,0
3,3,1,0.001,-1,0
2,2,0,0.0,-1,0
3,3,1,0.003,-1,0
3,3,1,0.003,-1,0
3,3,1,0.002,-1,0
3,3,1,0.005,-1,0
3,3,1,0.0,-1,0
2,2,0,0.0,-1,0
3,3,1,0.001,-1,0
3,3,1,0.007,-1,0
3,3,1,0.001,-1,0
3,3,1,0.004,-1,0
3,3,1,0.005,-1,0
3,3,1,0.003,-1,0
3,3,1,0.004,-1,0
3,3,1,0.001,-1,0
3,3,1,0.0,-1,0
3,3,1,0.004,-1,0
3,3,1,0.004,-1,0
3,3,1,0.003,-1,0
3,3,1,0.006,-1,0
3,3,1,0.0,-1,0
3,3,1,0.002,-1,0
3,3,1,0.001,-1,0
3,3,1,0.006,-1,0
3,3,1,0.003,-1,0
3,3,1,0.001,-1,0
3,3,1,0.003,-1,0
3,3,1,0.003,-1,0
3,3,1,0.001,-1,0
2,2,1,0.0,-1,0
2,2,1,0.0,-1,0
2,2,1,0.0,-1,0
2,2,1,0.0,-1,0
2,2,1,0.0,-1,0
2,2,1,0.0,-1,0
2,2,1,0.0,-1,0
2,2,1,0.0,-1,0
2,2,1,0.0,-1,0
2,2,1,0.0,-1,0
2,2,1,0.0,-1,0
2,2,1,0.0,-1,0
2,2,1,0.0,-1,0
2,2,1,0.0,-1,0
2,2,1,0.0,-1,0
2,2,1,0.0,-1,0
2,2,1,0.0,-1,0
2,2,1,0.0,-1,0
2,2,1,0.0,-1,0
2,2,1,0.0,-1,0
2,2,1,0.0,-1,0
2,2,1,0.0,-1,0
2,2,1,0.0,-1,0
2,2,1,0.0,-1,0
2,2,1,0.0,-1,0
2,2,1,0.0,-1,0
2,2,1,0.0,-1,0
2,2,1,0.0,-1,0
2,2,1,0.0,-1,0
2,2,1,0.0,-1,0
2,2,1,0.0,-1,0
2,2,1,0.0,-1,0
2,2,1,0.0,-1,0
2,2,1,0.0,-1,0
2,2,1,0.0,-1,0
2,2,1,0.0,-1,0
2,2,1,0.0,-1,0
2,2,1,0.0,-1,0
2,2,1,0.0,-1,0
2,2,1,0.0,-1,0
2,2,1,0.0,-1,0
2,2,1,0.0,-1,0
2,2,1,0.0,-1,0
2,2,1,0.0,-1,0
2,2,1,0.0,-1,0
2,2,1,0.0,-1,0
2,2,1,0.0,-1,0
2,2,1,0.0,-1,0
2,2,1,0.0,-1,0
2,2,1,0.0,-1,0
2,2,1,0.0,-1,0
2,2,1,0.0,-1,0
2,2,1,0.0,-1,0
2,2,1,0.0,-1,0
2,2,1,0.0,-1,0
2,2,1,0.0,-1,0
2,2,1,0.0,-1,0
2,2,1,0.0,-1,0
2,2,1,0.0,-1,0
2,2,1,0.0,-1,0
2,2,1,0.0,-1,0
2,2,1,0.0,-1,0
2,2,1,0.0,-1,0
2,2,1,0.0,-1,0
2,2,1,0.0,-1,0
2,2,1,0.0,-1,0
2,2,1,0.0,-1,0
2,2,1,0.0,-1,0
2,2,1,0.0,-1,0
2,2,1,0.0,-1,0
2,2,1,0.0,-1,0
3,1,1,0.0,-1,0
3,1,1,0.0,-1,0
3,1,1,0.0,-1,0
3,1,1,0.0,-1,0
3,1,1,0.0,-1,0
3,1,1,0.0,-1,0
3,1,1,0.0,-1,0
3,1,1,0.0,-1,0
3,1,1,0.0,-1,0
3,1,1,0.0,-1,0
3,1,1,0.0,-1,0
3,1,1,0.0,-1,0
3,1,1,0.0,-1,0
3,1,1,0.0,-1,0
3,1,1,0.0,-1,0
3,1,1,0.0,-1,0
3,1,1,0.0,-1,0
3,1,1,0.0,-1,0
3,1,1,0.0,-1,0
3,1,1,0.0,-1,0
3,1,1,0.0,-1,0
3,1,1,0.0,-1,0
3,1,1,0.0,-1,0
3,1,1,0.0,-1,0
3,1,1,0.0,-1,0
3,1,1,0.0,-1,0
3,1,1,0.0,-1,0
3,1,1,0.0,-1,0
3,1,1,0.0,-1,0
3,1,1,0.0,-1,0
3,1,1,0.0,-1,0
3,1,1,0.0,-1,0
3,1,1,0.0,-1,0
4,1,1,0.0,-1,0
3,1,1,0.0,-1,0
3,1,1,0.0,-1,0
3,1,1,0.0,-1,0
3,1,1,0.0,-1,0
3,1,1,0.0,-1,0
3,1,1,0.0,-1,0
3,1,1,0.0,-1,0
3,1,1,0.0,-1,0
3,1,1,0.0,-1,0
3,1,1,0.0,-1,0
3,1,1,0.0,-1,0
3,1,1,0.0,-1,0
3,1,1,0.0,-1,0
3,1,1,0.0,-1,0
3,1,1,0.0,-1,0
3,1,1,0.0,-1,0
3,1,1,0.0,-1,0
3,1,1,0.0,-1,0
3,1,1,0.0,-1,0
3,1,1,0.0,-1,0
3,1,1,0.0,-1,0
3,1,1,0.0,-1,0
3,1,1,0.0,-1,0
3,1,1,0.0,-1,0
3,1,1,0.0,-1,0
3,1,1,0.0,-1,0
3,1,1,0.0,-1,0
3,1,1,0.0,-1,0
3,1,1,0.0,-1,0
3,1,1,0.0,-1,0
3,1,1,0.0,-1,0
3,1,1,0.0,-1,0
3,1,1,0.0,-1,0
3,1,1,0.0,-1,0
3,1,1,0.0,-1,0
3,1,1,0.0,-1,0
3,1,1,0.0,-1,0
0,0,1,0.0,-1,0
0,0,1,0.0,-1,0
0,0,1,0.125,-1,0
0,0,1,0.0,-1,0
0,0,1,0.062,-1,0
0,0,1,0.125,-1,0
0,0,1,0.062,-1,0
0,0,1,0.0,-1,0
0,0,1,0.0,-1,0
0,0,1,0.25,-1,0
0,0,1,0.062,-1,0
0,0,1,0.062,-1,0
0,0,1,0.062,-1,0
0,0,1,0.042,-1,0
0,0,1,0.125,-1,0
0,0,1,0.125,-1,0
0,0,1,0.062,-1,0
0,0,1,0.062,-1,0
0,0,1,0.062,-1,0
0,0,1,0.062,-1,0
0,0,1,0.0,-1,0
0,0,1,0.075,-1,0
0,0,1,0.167,-1,0
0,0,1,0.125,-1,0
0,0,1,0.0,-1,0
0,0,1,0.0,-1,0
0,0,1,0.0,-1,0
0,0,1,0.062,-1,0
0,0,1,0.062,-1,0
0,0,1,0.062,-1,0
0,0,1,0.0,-1,0
0,0,1,0.0,-1,0
0,0,1,0.112,-1,0
0,0,1,0.014,-1,0
0,0,1,0.0,-1,0
0,0,1,0.083,-1,0
0,0,1,0.0,-1,0
0,0,1,0.0,-1,0
0,0,1,0.125,-1,0
0,0,1,0.0,-1,0
0,0,1,0.0,-1,0
0,0,1,0.062,-1,0
0,0,1,0.0,-1,0
0,0,1,0.0,-1,0
0,0,1,0.0,-1,0
0,0,1,0.0,-1,0
0,0,1,0.219,-1,0
0,0,1,0.0,-1,0
0,0,1,0.0,-1,0
0,0,1,0.0,-1,0
0,0,1,0.125,-1,0
0,0,1,0.062,-1,0
0,0,1,0.062,-1,0
0,0,1,0.062,-1,0
0,0,1,0.062,-1,0
0,0,1,0.125,-1,0
0,0,1,0.125,-1,0
0,0,1,0.125,-1,0
2,1,1,0.0,-1,0
2,1,1,0.0,-1,0
2,1,1,0.0,-1,0
2,1,1,0.0,-1,0
2,1,1,0.0,-1,0
2,1,1,0.0,-1,0
2,1,1,0.0,-1,0
2,1,1,0.0,-1,0
2,1,1,0.0,-1,0
2,1,1,0.0,-1,0
2,1,1,0.0,-1,0
2,1,1,0.0,-1,0
2,1,1,0.0,-1,0
2,1,1,0.0,-1,0
2,1,1,0.0,-1,0
2,1,1,0.0,-1,0
2,1,1,0.0,-1,0
2,1,1,0.0,-1,0
2,1,1,0.0,-1,0
2,1,1,0.0,-1,0
2,1,1,0.0,-1,0
2,1,1,0.0,-1,0
2,1,1,0.0,-1,0
2,1,1,0.0,-1,0
2,1,1,0.0,-1,0
2,1,1,0.0,-1,0
2,1,1,0.0,-1,0
2,1,1,0.0,-1,0
2,1,1,0.0,-1,0
2,1,1,0.0,-1,0
2,1,1,0.0,-1,0
2,1,1,0.0,-1,0
2,1,1,0.0,-1,0
2,2,1,0.0,-1,0
2,1,1,0.0,-1,0
2,1,1,0.0,-1,0
2,1,1,0.0,-1,0
2,1,1,0.0,-1,0
2,1,1,0.0,-1,0
2,1,1,0.0,-1,0
2,1,1,0.0,-1,0
2,1,1,0.0,-1,0
2,1,1,0.0,-1,0
2,2,1,0.0,-1,0
2,1,1,0.0,-1,0
2,1,1,0.0,-1,0
2,1,1,0.0,-1,0
2,1,1,0.0,-1,0
2,1,1,0.0,-1,0
2,1,1,0.0,-1,0
2,1,1,0.0,-1,0
2,1,1,0.0,-1,0
2,1,1,0.0,-1,0
2,1,1,0.0,-1,0
2,2,1,0.0,-1,0
2,2,1,0.0,-1,0
2,1,1,0.0,-1,0
2,1,1,0.0,-1,0
2,1,1,0.0,-1,0
2,1,1,0.0,-1,0
2,2,1,0.0,-1,0
2,1,1,0.0,-1,0
2,1,1,0.0,-1,0
2,1,1,0.0,-1,0
2,1,1,0.0,-1,0
2,1,1,0.0,-1,0
2,1,1,0.0,-1,0
2,1,1,0.0,-1,0
2,1,1,0.0,-1,0
2,1,1,0.0,-1,0
2,1,1,0.0,-1,0
2,1,1,0.0,-1,0
2,1,1,0.0,-1,0
2,1,1,0.0,-1,0
2,1,1,0.0,-1,0
2,1,1,0.0,-1,0
2,1,1,0.0,-1,0
2,1,1,0.0,-1,0
2,1,1,0.0,-1,0
2,1,1,0.0,-1,0
2,1,1,0.0,-1,0
2,1,1,0.0,-1,0
2,1,1,0.0,-1,0
2,1,1,0.0,-1,0
2,1,1,0.0,-1,0
2,1,1,0.0,-1,0
2,1,1,0.0,-1,0
2,1,1,0.0,-1,0
2,1,1,0.0,-1,0
2,1,1,0.0,-1,0
2,1,1,0.0,-1,0
2,1,1,0.0,-1,0
2,1,1,0.0,-1,0
2,1,1,0.0,-1,0
2,1,1,0.0,-1,0
2,1,1,0.0,-1,0
2,1,1,0.0,-1,0
2,1,1,0.0,-1,0
2,2,1,0.0,-1,0
2,2,1,0.0,-1,0
2,2,1,0.0,-1,0
3,3,1,0.0,-1,0
2,2,1,0.387,-1,0
2,2,1,0.456,-1,0
2,2,1,0.486,-1,0
2,2,1,0.376,-1,0
2,2,1,0.475,-1,0
2,2,1,0.0,-1,0
2,2,1,0.457,-1,0
2,2,1,0.458,-1,0
2,2,1,0.445,-1,0
3,3,1,0.0,-1,0
2,2,1,0.0,-1,0
2,2,1,0.448,-1,0
2,2,1,0.471,-1,0
3,2,1,0.0,-1,0
2,2,1,0.0,-1,0
1,0,1,0.42,2.0,0
1,0,1,0.372,2.0,0
1,0,1,0.375,2.0,0
2,2,1,0.485,-1,0
2,2,1,0.0,-1,0
1,0,1,0.375,2.0,0
2,2,1,0.0,-1,0
2,2,1,0.282,-1,0
2,2,1,0.0,-1,0
3,3,1,0.0,-1,0
2,2,1,0.0,-1,0
3,3,1,0.0,-1,0
2,2,1,0.422,-1,0
2,2,1,0.438,-1,0
3,3,1,0.0,-1,0
2,2,1,0.5,-1,0
2,2,1,0.0,-1,0
3,3,1,0.0,-1,0
3,2,1,0.0,-1,0
2,2,1,0.0,-1,0
2,2,1,0.0,-1,0
2,2,1,0.0,-1,0
2,2,1,0.0,-1,0
2,2,1,0.0,-1,0
2,2,1,0.0,-1,0
2,2,1,0.571,-1,0
2,2,1,0.047,-1,0
2,2,1,0.337,-1,0
2,2,1,0.479,-1,0
2,2,1,0.0,-1,0
2,2,1,0.41,-1,0
2,2,1,0.404,-1,0
3,3,1,0.0,-1,0
2,2,1,0.0,-1,0
2,2,1,0.335,-1,0
2,2,1,0.217,-1,0
2,2,1,0.0,-1,0
2,2,1,0.25,-1,0
2,2,1,0.0,-1,0
2,2,1,0.478,-1,0
2,2,1,0.0,-1,0
2,1,1,0.0,-1,0
2,2,1,0.463,-1,0
2,2,1,0.437,-1,0
2,2,1,0.477,-1,0
3,3,1,0.0,-1,0
1,0,1,0.408,2.0,0
2,2,1,0.0,-1,0
2,2,1,0.384,-1,0
2,2,1,0.487,-1,0
2,2,1,0.466,-1,0
2,2,1,0.583,-1,0
2,2,1,0.0,-1,0
2,2,1,0.437,-1,0
2,2,1,0.0,-1,0
2,2,1,0.0,-1,0
2,2,1,0.325,-1,0
2,2,1,0.45,-1,0
2,2,1,0.4,-1,0
2,2,1,0.0,-1,0
2,2,1,0.542,-1,0
2,2,1,0.0,-1,0
2,2,1,0.433,-1,0
2,2,1,0.0,-1,0
2,2,1,0.375,-1,0
2,2,1,0.583,-1,0
2,2,1,0.44,-1,0
2,2,1,0.0,-1,0
2,2,1,0.0,-1,0
2,2,1,0.46,-1,0
2,2,1,0.0,-1,0
2,2,1,0.271,-1,0
2,2,1,0.0,-1,0
2,2,1,0.461,-1,0
2,2,1,0.451,-1,0
2,2,1,0.292,-1,0
2,2,1,0.368,-1,0
2,2,1,0.589,-1,0
2,2,1,0.24,-1,0
2,2,1,0.444,-1,0
2,2,1,0.44,-1,0
2,2,1,0.238,-1,0
2,2,1,0.232,-1,0
2,2,0,0.237,-1,0
2,2,0,0.356,-1,0
2,2,0,0.403,-1,0
2,2,0,0.241,-1,0
2,2,0,0.37,-1,0
2,2,0,0.371,-1,0
2,2,0,0.363,-1,0
2,2,0,0.375,-1,0
2,2,0,0.373,-1,0
2,2,0,0.352,-1,0
2,2,0,0.011,-1,0
2,2,0,0.355,-1,0
2,2,0,0.337,-1,0
2,2,0,0.073,-1,0
2,2,0,0.368,-1,0
2,2,0,0.361,-1,0
2,2,0,0.364,-1,0
2,2,0,0.278,-1,0
2,2,0,0.336,-1,0
2,2,0,0.442,-1,0
2,2,0,0.345,-1,0
2,2,0,0.369,-1,0
2,2,0,0.287,-1,0
2,2,0,0.319,-1,0
2,2,0,0.332,-1,0
2,2,0,0.364,-1,0
2,2,0,0.336,-1,0
2,2,0,0.347,-1,0
2,2,0,0.275,-1,0
2,2,0,0.256,-1,0
2,2,0,0.347,-1,0
2,2,0,0.149,-1,0
2,2,0,0.329,-1,0
2,2,0,0.277,-1,0
2,2,1,0.312,-1,0
2,2,0,0.141,-1,0
2,2,0,0.405,-1,0
2,2,0,0.331,-1,0
2,2,1,0.353,-1,0
2,2,0,0.198,-1,0
2,2,0,0.266,-1,0
2,2,0,0.33,-1,0
2,2,0,0.365,-1,0
2,2,0,0.257,-1,0
2,2,1,0.315,-1,0
2,2,0,0.254,-1,0
2,2,0,0.184,-1,0
2,2,0,0.318,-1,0
2,2,0,0.367,-1,0
2,2,0,0.365,-1,0
2,2,0,0.344,-1,0
2,2,0,0.358,-1,0
2,2,0,0.334,-1,0
2,2,0,0.294,-1,0
2,2,0,0.375,-1,0
2,2,0,0.371,-1,0
2,2,0,0.186,-1,0
2,2,0,0.361,-1,0
2,2,0,0.136,-1,0
2,2,0,0.248,-1,0
2,2,0,0.261,-1,0
2,2,0,0.27,-1,0
2,2,0,0.189,-1,0
2,2,0,0.287,-1,0
2,2,0,0.184,-1,0
2,2,0,0.199,-1,0
2,2,0,0.348,-1,0
2,2,0,0.198,-1,0
2,2,0,0.304,-1,0
2,2,0,0.204,-1,0
2,2,1,0.228,-1,0
2,2,1,0.077,-1,0
2,2,1,0.107,-1,0
2,2,1,0.0,-1,0
2,2,1,0.128,-1,0
2,2,1,0.117,-1,0
2,2,1,0.091,-1,0
2,2,1,0.157,-1,0
2,2,1,0.076,-1,0
3,3,1,0.0,-1,0
2,2,1,0.0,-1,0
2,2,1,0.0,-1,0
2,2,1,0.111,-1,0
2,2,1,0.071,-1,0
2,2,1,0.0,-1,0
2,2,1,0.0,-1,0
2,2,1,0.066,-1,0
2,2,1,0.0,-1,0
2,2,1,0.0,-1,0
2,2,1,0.146,-1,0
2,2,1,0.047,-1,0
2,2,1,0.0,-1,0
2,2,1,0.134,-1,0
2,2,1,0.018,-1,0
2,2,1,0.0,-1,0
2,2,1,0.0,-1,0
3,3,1,0.108,-1,0
2,2,1,0.086,-1,0
2,2,1,0.0,-1,0
2,2,1,0.334,-1,0
2,2,1,0.0,-1,0
2,2,1,0.147,-1,0
2,2,1,0.024,-1,0
2,2,1,0.0,-1,0
2,2,1,0.074,-1,0
2,2,1,0.141,-1,0
3,3,1,0.0,-1,0
2,2,1,0.0,-1,0
2,2,1,0.119,-1,0
2,2,1,0.015,-1,0
2,2,1,0.03,-1,0
2,2,1,0.155,-1,0
2,2,1,0.081,-1,0
2,2,1,0.088,-1,0
2,2,1,0.0,-1,0
3,3,1,0.083,-1,0
2,2,1,0.125,-1,0
2,2,1,0.087,-1,0
2,2,1,0.082,-1,0
2,2,1,0.094,-1,0
2,2,1,0.147,-1,0
2,2,1,0.123,-1,0
2,2,1,0.002,-1,0
2,2,1,0.141,-1,0
2,2,1,0.021,-1,0
2,2,1,0.185,-1,0
2,2,1,0.15,-1,0
2,2,1,0.114,-1,0
2,2,1,0.0,-1,0
2,2,1,0.146,-1,0
2,2,1,0.172,-1,0
2,2,1,0.146,-1,0
2,2,1,0.142,-1,0
2,2,1,0.154,-1,0
2,2,1,0.0,-1,0
2,2,1,0.0,-1,0
2,2,1,0.001,-1,0
2,2,1,0.001,-1,0
2,2,1,0.001,-1,0
2,2,1,0.002,-1,0
2,2,1,0.002,-1,0
2,2,1,0.002,-1,0
2,2,1,0.003,-1,0
2,2,1,0.001,-1,0
2,2,1,0.002,-1,0
2,2,1,0.0,-1,0
2,2,1,0.002,-1,0
2,2,1,0.003,-1,0
2,2,1,0.0,-1,0
2,2,1,0.0,-1,0
2,2,1,0.0,-1,0
2,2,1,0.0,-1,0
2,2,1,0.0,-1,0
2,2,1,0.0,-1,0
2,2,1,0.0,-1,0
2,2,1,0.0,-1,0
2,2,1,0.001,-1,0
2,2,1,0.003,-1,0
2,2,1,0.0,-1,0
2,2,1,0.002,-1,0
2,2,1,0.0,-1,0
2,2,1,0.004,-1,0
2,2,1,0.001,-1,0
2,2,1,0.003,-1,0
2,2,1,0.003,-1,0
2,2,1,0.001,-1,0
2,2,1,0.001,-1,0
2,2,1,0.0,-1,0
2,2,1,0.0,-1,0
2,2,1,0.0,-1,0
2,2,1,0.0,-1,0
2,2,1,0.0,-1,0
2,2,1,0.0,-1,0
2,2,1,0.0,-1,0
2,2,1,0.002,-1,0
2,2,1,0.0,-1,0
2,2,1,0.001,-1,0
2,2,1,0.001,-1,0
2,2,1,0.001,-1,0
2,2,1,0.0,-1,0
2,2,1,0.0,-1,0
2,2,1,0.002,-1,0
2,2,1,0.001,-1,0
2,2,1,0.003,-1,0
2,2,1,0.0,-1,0
2,2,1,0.0,-1,0
2,2,1,0.0,-1,0
2,2,1,0.003,-1,0
2,2,1,0.001,-1,0
2,2,1,0.0,-1,0
2,2,1,0.0,-1,0
2,2,1,0.003,-1,0
2,2,1,0.003,-1,0
2,2,1,0.002,-1,0
2,2,1,0.002,-1,0
2,2,1,0.001,-1,0
2,2,1,0.001,-1,0
1,1,1,0.0,3.0,0
1,1,1,0.01,16.0,0
1,1,1,0.075,1.0,0
1,1,1,0.026,3.0,0
1,1,1,0.021,-1,0
1,1,1,0.093,1.0,0
1,1,1,0.104,25.0,0
1,1,1,0.058,1.0,0
1,1,1,0.246,15.0,0
1,1,1,0.019,14.0,0
1,1,1,0.077,1.0,0
1,1,1,0.107,-1,0
1,1,1,0.264,2.0,0
1,1,1,1.0,-1,0
1,1,1,0.117,-1,0
1,1,1,0.363,8.0,0
1,1,1,0.033,31.0,0
1,1,1,0.264,2.0,0
1,1,1,1.0,14.0,0
1,1,1,0.246,12.0,0
1,1,1,0.111,-1,0
1,1,1,0.246,17.0,0
1,1,1,0.256,1.0,0
1,1,1,0.256,1.0,0
1,1,1,0.246,29.0,0
1,1,1,0.254,1.0,0
1,1,1,0.246,11.0,0
1,1,1,0.036,18.0,0
1,1,1,0.012,1.0,0
1,1,1,0.134,10.0,0
1,1,1,0.05,14.0,0
1,1,1,0.255,1.0,0
1,1,1,0.005,1.0,0
1,1,1,0.038,1.0,0
1,1,1,0.086,-1,0
1,1,1,0.246,7.0,0
1,1,1,0.0,-1,0
1,1,1,0.048,1.0,0
1,1,1,0.255,1.0,0
1,1,1,0.074,1.0,0
1,1,1,0.004,26.0,0
1,1,1,0.0,3.0,0
1,1,1,0.0,-1,0
1,1,1,0.105,7.0,0
1,1,1,0.015,2.0,0
1,1,1,0.008,2.0,0
1,1,1,0.01,18.0,0
1,1,1,0.081,1.0,0
1,1,1,0.088,1.0,0
1,1,1,0.256,1.0,0
1,1,1,0.066,1.0,0
1,1,1,0.021,9.0,0
1,1,1,0.009,1.0,0
1,1,1,0.082,1.0,0
1,1,1,0.094,1.0,0
1,1,1,0.246,8.0,0
1,1,1,0.123,-1,0
1,1,1,0.005,4.0,0
1,1,1,0.251,11.0,0
1,1,1,0.005,1.0,0
1,1,1,1.0,1.0,0
1,1,1,0.003,35.0,0
1,1,1,0.064,1.0,0
1,1,1,0.057,2.0,0
2,2,1,0.346,2.0,0
2,2,1,0.364,2.0,0
2,2,1,0.367,2.0,0
2,2,1,0.373,2.0,0
2,2,1,0.213,2.0,0
2,2,1,0.355,2.0,0
2,2,1,0.309,2.0,0
2,2,1,0.318,2.0,0
2,2,1,0.337,2.0,0
2,2,1,0.317,2.0,0
2,2,1,0.368,2.0,0
2,2,1,0.361,2.0,0
2,2,1,0.364,2.0,0
2,2,1,0.27,2.0,0
2,2,1,0.413,2.0,0
2,2,1,0.324,2.0,0
2,2,1,0.336,2.0,0
2,2,1,0.341,2.0,0
2,2,1,0.369,2.0,0
2,2,1,0.321,2.0,0
2,2,1,0.342,2.0,0
2,2,1,0.362,2.0,0
2,2,1,0.271,2.0,0
2,2,1,0.287,2.0,0
2,2,1,0.319,2.0,0
2,2,1,0.312,2.0,0
2,2,1,0.332,2.0,0
2,2,1,0.364,2.0,0
2,2,1,0.336,2.0,0
2,2,1,0.347,2.0,0
2,2,1,0.273,2.0,0
2,2,1,0.256,2.0,0
2,2,1,0.314,2.0,0
2,2,1,0.141,2.0,0
2,2,1,0.405,2.0,0
2,2,1,0.331,2.0,0
2,2,1,0.258,2.0,0
2,2,1,0.258,2.0,0
2,2,1,0.219,2.0,0
2,2,1,0.32,2.0,0
2,2,1,0.353,2.0,0
2,2,1,0.359,2.0,0
2,2,1,0.281,2.0,0
2,2,1,0.271,2.0,0
2,2,1,0.333,2.0,0
2,2,1,0.345,2.0,0
2,2,1,0.198,2.0,0
2,2,1,0.264,2.0,0
2,2,1,0.33,2.0,0
2,2,1,0.359,2.0,0
2,2,1,0.257,2.0,0
2,2,1,0.312,2.0,0
2,2,1,0.301,2.0,0
2,2,1,0.315,2.0,0
2,2,1,0.254,2.0,0
2,2,1,0.162,2.0,0
2,2,1,0.314,2.0,0
2,2,1,0.276,2.0,0
2,2,1,0.296,2.0,0
2,2,1,0.363,2.0,0
2,2,1,0.221,2.0,0
2,2,1,0.333,2.0,0
2,2,1,0.344,2.0,0
2,2,1,0.353,2.0,0
2,2,1,0.331,2.0,0
2,2,1,0.293,2.0,0
2,2,1,0.347,2.0,0
2,2,1,0.366,2.0,0
2,2,1,0.189,2.0,0
2,2,1,0.336,2.0,0
2,2,1,0.361,2.0,0
2,2,1,0.132,2.0,0
2,2,1,0.248,2.0,0
2,2,1,0.309,2.0,0
2,2,1,0.049,2.0,0
2,2,1,0.13,2.0,0
2,2,1,0.335,2.0,0
2,2,1,0.256,2.0,0
2,2,1,0.27,2.0,0
2,2,1,0.193,2.0,0
2,2,1,0.285,2.0,0
2,2,1,0.153,2.0,0
2,2,1,0.184,2.0,0
2,2,1,0.412,2.0,0
2,2,1,0.228,2.0,0
2,2,1,0.32,2.0,0
2,2,1,0.278,2.0,0
2,2,1,0.199,2.0,0
2,2,1,0.344,2.0,0
2,2,1,0.314,2.0,0
2,2,1,0.226,2.0,0
2,2,1,0.242,2.0,0
2,2,1,0.316,2.0,0
2,2,1,0.198,2.0,0
2,2,1,0.105,2.0,0
2,2,1,0.299,2.0,0
2,2,1,0.198,2.0,0
2,2,1,0.213,2.0,0
7,7,1,0.04,19.0,0
7,7,1,0.075,19.0,0
7,7,1,0.13,19.0,0
7,7,1,0.093,19.0,0
7,7,1,0.104,19.0,0
7,7,1,0.144,19.0,0
7,7,1,0.228,19.0,0
7,7,1,0.153,19.0,0
7,7,1,0.107,19.0,0
7,7,1,0.117,19.0,0
7,7,1,0.283,19.0,0
7,7,1,0.165,19.0,0
7,7,1,0.152,19.0,0
6,6,1,0.283,19.0,0
7,7,1,0.167,19.0,0
7,7,1,0.111,19.0,0
7,7,1,0.283,19.0,0
7,7,1,0.158,19.0,0
7,7,1,0.15,19.0,0
7,7,1,0.146,19.0,0
7,7,1,0.047,19.0,0
7,7,1,0.134,19.0,0
7,7,1,0.018,19.0,0
8,8,1,0.108,19.0,0
7,7,1,0.079,19.0,0
7,7,1,0.086,19.0,0
7,7,1,0.158,19.0,0
6,6,1,0.248,19.0,0
6,6,1,0.173,19.0,0
7,7,1,0.024,19.0,0
6,6,1,0.0,19.0,0
7,7,1,0.16,19.0,0
11,11,1,0.0,19.0,0
7,7,1,0.211,19.0,0
7,7,1,0.015,19.0,0
7,7,1,0.03,19.0,0
7,7,1,0.081,19.0,0
7,7,1,0.088,19.0,0
7,7,1,0.132,19.0,0
7,7,1,0.127,19.0,0
7,7,1,0.094,19.0,0
6,6,1,0.178,19.0,0
7,7,1,0.123,19.0,0
7,7,1,0.002,19.0,0
7,7,1,0.149,19.0,0
7,7,1,0.021,19.0,0
7,7,1,0.283,19.0,0
6,6,1,0.176,19.0,0
7,7,1,0.011,19.0,0
7,7,1,0.177,19.0,0
7,7,1,0.172,19.0,0
6,6,1,0.177,19.0,0
7,7,1,0.142,19.0,0
7,7,1,0.181,19.0,0
0,0,1,0.0,-1,0
0,0,1,0.0,-1,0
0,0,1,0.0,-1,0
0,0,1,0.0,-1,0
0,0,1,0.0,-1,0
0,0,1,0.0,-1,0
0,0,1,0.0,-1,0
0,0,1,0.0,-1,0
0,0,1,0.0,-1,0
0,0,1,0.0,-1,0
0,0,1,0.0,-1,0
0,0,1,0.0,-1,0
0,0,1,0.0,-1,0
0,0,1,0.0,-1,0
0,0,1,0.0,-1,0
0,0,1,0.0,-1,0
0,0,1,0.0,-1,0
0,0,1,0.0,-1,0
0,0,1,0.0,-1,0
0,0,1,0.0,-1,0
0,0,1,0.0,-1,0
0,0,1,0.0,-1,0
0,0,1,0.0,-1,0
0,0,1,0.0,-1,0
0,0,1,0.0,-1,0
0,0,1,0.0,-1,0
0,0,1,0.0,-1,0
0,0,1,0.0,-1,0
0,0,1,0.0,-1,0
0,0,1,0.0,-1,0
0,0,1,0.0,-1,0
0,0,1,0.0,-1,0
0,0,1,0.0,-1,0
0,0,1,0.0,-1,0
0,0,1,0.0,-1,0
0,0,1,0.0,-1,0
0,0,1,0.0,-1,0
0,0,1,0.0,-1,0
0,0,1,0.0,-1,0
0,0,1,0.0,-1,0
0,0,1,0.0,-1,0
0,0,1,0.0,-1,0
0,0,1,0.0,-1,0
0,0,1,0.0,-1,0
0,0,1,0.0,-1,0
0,0,1,0.0,-1,0
0,0,1,0.0,-1,0
0,0,1,0.0,-1,0
0,0,1,0.0,-1,0
0,0,1,0.0,-1,0
0,0,1,0.0,-1,0
0,0,1,0.0,-1,0
0,0,1,0.0,-1,0
0,0,1,0.0,-1,0
0,0,1,0.0,-1,0
0,0,1,0.0,-1,0
0,0,1,0.0,-1,0
0,0,1,0.0,-1,0
0,0,1,0.0,-1,0
0,0,1,0.0,-1,0
0,0,1,0.0,-1,0
0,0,1,0.0,-1,0
0,0,1,0.0,-1,0
0,0,1,0.0,-1,0
0,0,1,0.0,-1,0
0,0,1,0.0,-1,0
0,0,1,0.0,-1,0
0,0,1,0.0,-1,0
0,0,1,0.0,-1,0
0,0,1,0.0,-1,0
0,0,1,0.0,-1,0
0,0,1,0.0,-1,0
0,0,1,0.0,-1,0
0,0,1,0.0,-1,0
0,0,1,0.0,-1,0
0,0,1,0.0,-1,0
0,0,1,0.0,-1,0
0,0,1,0.0,-1,0
0,0,1,0.0,-1,0
0,0,1,0.0,-1,0
0,0,1,0.0,-1,0
0,0,1,0.0,-1,0
0,0,1,0.0,-1,0
0,0,1,0.0,-1,0
0,0,1,0.0,-1,0
0,0,1,0.0,-1,0
0,0,1,0.0,-1,0
0,0,1,0.0,-1,0
0,0,1,0.0,-1,0
0,0,1,0.0,-1,0
0,0,1,0.0,-1,0
0,0,1,0.0,-1,0
0,0,1,0.0,-1,0
0,0,1,0.0,-1,0
0,0,1,0.0,-1,0
0,0,1,0.0,-1,0
0,0,1,0.0,-1,0
0,0,1,0.0,-1,0
0,0,1,0.0,-1,0
0,0,1,0.0,-1,0
0,0,1,0.04,-1,0
0,0,1,0.075,-1,0
0,0,1,0.13,-1,0
0,0,1,0.255,-1,0
0,0,1,0.093,-1,0
0,0,1,0.104,-1,0
0,0,1,0.174,-1,0
0,0,1,0.144,-1,0
0,0,1,0.077,-1,0
0,0,1,0.107,-1,0
0,0,1,0.16,-1,0
0,0,1,0.641,-1,0
0,0,1,0.117,-1,0
0,0,1,0.363,-1,0
0,0,1,0.165,-1,0
0,0,1,0.152,-1,0
0,0,1,0.586,-1,0
0,0,1,0.125,-1,0
0,0,1,0.111,-1,0
0,0,1,0.284,-1,0
0,0,1,0.119,-1,0
0,0,1,0.107,-1,0
0,0,1,0.066,-1,0
0,0,1,0.15,-1,0
0,0,1,0.146,-1,0
0,0,1,0.047,-1,0
0,0,1,0.136,-1,0
0,0,1,0.134,-1,0
0,0,1,0.019,-1,0
0,0,1,0.163,-1,0
0,0,1,0.125,-1,0
0,0,1,0.217,-1,0
0,0,1,0.079,-1,0
0,0,1,0.086,-1,0
0,0,1,0.158,-1,0
0,0,1,0.201,-1,0
0,0,1,0.455,-1,0
0,0,1,0.0,-1,0
0,0,1,0.173,-1,0
0,0,1,0.024,-1,0
0,0,1,0.16,-1,0
0,0,1,0.074,-1,0
0,0,1,0.141,-1,0
0,0,1,0.177,-1,0
0,0,1,0.181,-1,0
0,0,1,0.317,-1,0
0,0,1,0.341,-1,0
0,0,1,0.15,-1,0
0,0,1,0.588,-1,0
0,0,1,0.0,-1,0
0,0,1,0.0,-1,0
0,0,1,0.0,-1,0
0,0,1,0.0,-1,0
0,0,1,0.0,-1,0
0,0,1,0.0,-1,0
0,0,1,0.0,-1,0
0,0,1,0.0,-1,0
0,0,1,0.0,-1,0
0,0,1,0.0,-1,0
0,0,1,0.0,-1,0
0,0,1,0.0,-1,0
0,0,1,0.0,-1,0
0,0,1,0.0,-1,0
0,0,1,0.0,-1,0
0,0,1,0.0,-1,0
0,0,1,0.0,-1,0
0,0,1,0.0,-1,0
0,0,1,0.0,-1,0
0,0,1,0.0,-1,0
0,0,1,0.0,-1,0
0,0,1,0.0,-1,0
0,0,1,0.0,-1,0
0,0,1,0.0,-1,0
0,0,1,0.0,-1,0
0,0,1,0.0,-1,0
0,0,1,0.0,-1,0
0,0,1,0.0,-1,0
0,0,1,0.0,-1,0
0,0,1,0.0,-1,0
0,0,1,0.0,-1,0
0,0,1,0.0,-1,0
0,0,1,0.0,-1,0
0,0,1,0.0,-1,0
0,0,1,0.0,-1,0
0,0,1,0.0,-1,0
0,0,1,0.0,-1,0
0,0,1,0.0,-1,0
0,0,1,0.0,-1,0
0,0,1,0.0,-1,0
0,0,1,0.0,-1,0
0,0,1,0.0,-1,0
0,0,1,0.0,-1,0
0,0,1,0.0,-1,0
0,0,1,0.0,-1,0
0,0,1,0.0,-1,0
0,0,1,0.0,-1,0
0,0,1,0.0,-1,0
0,0,1,0.0,-1,0
0,0,1,0.0,-1,0
0,0,1,0.0,-1,0
0,0,1,0.0,-1,0
0,0,1,0.0,-1,0
0,0,1,0.0,-1,0
0,0,1,0.0,-1,0
0,0,1,0.0,-1,0
0,0,1,0.0,-1,0
0,0,1,0.0,-1,0
0,0,1,0.0,-1,0
0,0,1,0.0,-1,0
0,0,1,0.0,-1,0
0,0,1,0.0,-1,0
0,0,1,0.0,-1,0
0,0,1,0.0,-1,0
0,0,1,0.0,-1,0
0,0,1,0.0,-1,0
0,0,1,0.0,-1,0
1,1,1,0.0,-1,0
1,1,1,0.0,-1,0
1,1,1,0.0,-1,0
1,1,1,0.0,-1,0
1,1,1,0.0,-1,0
1,1,1,0.0,-1,0
1,1,1,0.0,-1,0
1,1,1,0.0,-1,0
1,1,1,0.0,-1,0
1,1,1,0.0,-1,0
1,1,1,0.0,-1,0
1,1,1,0.0,-1,0
1,1,1,0.0,-1,0
1,1,1,0.0,-1,0
1,1,1,0.0,-1,0
1,1,1,0.0,-1,0
1,1,1,0.0,-1,0
1,1,1,0.0,-1,0
1,1,1,0.0,-1,0
1,1,1,0.0,-1,0
1,1,1,0.0,-1,0
1,1,1,0.0,-1,0
1,1,1,0.0,-1,0
1,1,1,0.0,-1,0
1,1,1,0.0,-1,0
1,1,1,0.0,-1,0
1,1,1,0.0,-1,0
1,1,1,0.0,-1,0
1,1,1,0.0,-1,0
1,1,1,0.0,-1,0
1,1,1,0.0,-1,0
1,1,1,0.0,-1,0
1,1,1,0.0,-1,0
1,1,1,0.0,-1,0
1,1,1,0.0,-1,0
1,1,1,0.0,-1,0
1,1,1,0.0,-1,0
1,1,1,0.0,-1,0
1,1,1,0.0,-1,0
1,1,1,0.0,-1,0
1,1,1,0.0,-1,0
1,1,1,0.0,-1,0
1,1,1,0.0,-1,0
1,1,1,0.0,-1,0
1,1,1,0.0,-1,0
1,1,1,0.0,-1,0
1,1,1,0.0,-1,0
1,1,1,0.0,-1,0
1,1,1,0.0,-1,0
1,1,1,0.0,-1,0
1,1,1,0.0,-1,0
1,1,1,0.0,-1,0
1,1,1,0.0,-1,0
1,1,1,0.0,-1,0
1,1,1,0.0,-1,0
1,1,1,0.0,-1,0
1,1,1,0.0,-1,0
1,1,1,0.0,-1,0
1,1,1,0.0,-1,0
1,1,1,0.0,-1,0
1,1,1,0.0,-1,0
1,1,1,0.0,-1,0
1,1,1,0.0,-1,0
1,1,1,0.0,-1,0
1,1,1,0.0,-1,0
1,1,1,0.0,-1,0
1,1,1,0.0,-1,0
1,1,1,0.0,-1,0
1,1,1,0.0,-1,0
1,1,1,0.0,-1,0
1,1,1,0.0,-1,0
1,1,1,0.0,-1,0
1,1,1,0.0,-1,0
1,1,1,0.0,-1,0
1,1,1,0.0,-1,0
1,1,1,0.0,-1,0
1,1,1,0.0,-1,0
1,1,1,0.0,-1,0
1,1,1,0.0,-1,0
1,1,1,0.0,-1,0
1,1,1,0.0,-1,0
1,1,1,0.0,-1,0
1,1,1,0.0,-1,0
1,1,1,0.0,-1,0
1,1,1,0.0,-1,0
1,1,1,0.0,-1,0
1,1,1,0.0,-1,0
1,1,1,0.0,-1,0
1,1,1,0.0,-1,0
1,1,1,0.0,-1,0
1,1,1,0.0,-1,0
1,1,1,0.0,-1,0
1,1,1,0.0,-1,0
1,1,1,0.0,-1,0
1,1,1,0.0,-1,0
1,1,1,0.0,-1,0
1,1,1,0.0,-1,0
1,1,1,0.0,-1,0
1,1,1,0.0,-1,0
1,1,1,0.0,-1,0
1,1,1,0.0,-1,0
1,1,1,0.0,-1,0
1,1,1,0.0,-1,0
1,0,1,0.0,2.0,0
1,0,1,0.0,2.0,0
1,0,1,0.0,2.0,0
1,0,1,0.0,2.0,0
1,0,1,0.0,2.0,0
1,0,1,0.0,2.0,0
1,0,1,0.0,2.0,0
1,0,1,0.0,2.0,0
1,0,1,0.0,2.0,0
1,0,1,0.0,2.0,0
1,0,1,0.0,2.0,0
1,0,1,0.0,2.0,0
1,0,1,0.0,2.0,0
1,0,1,0.0,2.0,0
1,0,1,0.0,2.0,0
1,0,1,0.0,2.0,0
1,0,1,0.0,2.0,0
1,0,1,0.0,2.0,0
1,0,1,0.0,2.0,0
1,0,1,0.0,2.0,0
1,0,1,0.0,2.0,0
1,0,1,0.0,2.0,0
1,0,1,0.0,2.0,0
1,0,1,0.0,2.0,0
1,0,1,0.0,2.0,0
1,0,1,0.0,2.0,0
1,0,1,0.0,2.0,0
1,0,1,0.0,2.0,0
1,0,1,0.0,2.0,0
1,0,1,0.0,2.0,0
1,0,1,0.0,2.0,0
1,0,1,0.0,2.0,0
1,0,1,0.0,2.0,0
1,0,1,0.0,2.0,0
1,0,1,0.0,2.0,0
1,0,1,0.0,2.0,0
1,0,1,0.0,2.0,0
1,0,1,0.0,2.0,0
1,0,1,0.0,2.0,0
2,2,1,0.0,-1,0
1,0,1,0.0,2.0,0
1,0,1,0.0,2.0,0
1,0,1,0.0,2.0,0
1,0,1,0.0,2.0,0
1,0,1,0.0,2.0,0
1,0,1,0.0,2.0,0
1,0,1,0.0,2.0,0
1,0,1,0.0,2.0,0
1,0,1,0.0,2.0,0
1,0,1,0.0,2.0,0
1,0,1,0.0,2.0,0
1,0,1,0.0,2.0,0
1,0,1,0.0,2.0,0
1,0,1,0.0,2.0,0
1,0,1,0.0,2.0,0
1,0,1,0.0,2.0,0
1,0,1,0.0,2.0,0
1,0,1,0.0,2.0,0
1,0,1,0.0,2.0,0
1,0,1,0.0,2.0,0
1,0,1,0.0,2.0,0
1,0,1,0.0,2.0,0
1,0,1,0.0,2.0,0
1,0,1,0.0,2.0,0
1,0,1,0.0,2.0,0
1,0,1,0.0,2.0,0
1,0,1,0.0,2.0,0
1,0,1,0.0,2.0,0
1,0,1,0.0,2.0,0
1,0,1,0.0,2.0,0
1,0,1,0.0,2.0,0
1,0,1,0.0,2.0,0
1,0,1,0.0,2.0,0
1,0,1,0.0,2.0,0
1,0,1,0.0,2.0,0
1,0,1,0.0,2.0,0
1,0,1,0.0,2.0,0
1,0,1,0.0,2.0,0
1,0,1,0.0,2.0,0
1,0,1,0.0,2.0,0
1,0,1,0.0,2.0,0
1,0,1,0.0,2.0,0
1,0,1,0.0,2.0,0
1,0,1,0.0,2.0,0
1,0,1,0.0,2.0,0
1,0,1,0.0,2.0,0
2,2,1,0.0,-1,0
2,2,1,0.0,5.0,0
2,2,1,0.0,-1,0
2,2,1,0.0,-1,0
2,2,1,0.0,-1,0
2,2,1,0.0,5.0,0
2,2,1,0.0,-1,0
2,2,1,0.0,-1,0
2,2,1,0.0,2.0,0
2,2,1,0.0,2.0,0
2,2,1,0.0,-1,0
2,2,1,0.0,-1,0
2,2,1,0.0,5.0,0
2,2,1,0.0,5.0,0
2,2,1,0.0,5.0,0
2,2,1,0.0,-1,0
2,2,1,0.0,-1,0
2,2,1,0.0,5.0,0
2,2,1,0.0,-1,0
2,2,1,0.0,-1,0
2,2,1,0.0,5.0,0
2,2,1,0.0,-1,0
2,2,1,0.0,-1,0
2,2,1,0.0,-1,0
2,2,1,0.0,5.0,0
2,2,1,0.0,-1,0
2,2,1,0.0,2.0,0
2,2,1,0.0,2.0,0
2,2,1,0.0,-1,0
2,2,1,0.0,5.0,0
2,2,1,0.0,5.0,0
2,2,1,0.0,5.0,0
2,2,1,0.0,-1,0
2,2,1,0.0,5.0,0
2,2,1,0.0,-1,0
2,2,1,0.0,-1,0
2,2,1,0.0,18.0,0
2,2,1,0.0,-1,0
2,2,1,0.0,-1,0
2,2,1,0.0,-1,0
2,2,1,0.0,-1,0
2,2,1,0.0,-1,0
2,2,1,0.0,-1,0
2,2,1,0.0,-1,0
2,2,1,0.0,-1,0
2,2,1,0.0,-1,0
2,2,1,0.0,-1,0
2,2,1,0.0,-1,0
2,2,1,0.0,-1,0
2,2,1,0.0,-1,0
2,2,1,0.0,-1,0
2,2,1,0.0,5.0,0
2,2,1,0.0,5.0,0
2,2,1,0.0,-1,0
2,2,1,0.0,5.0,0
2,2,1,0.0,-1,0
2,2,1,0.0,-1,0
2,2,1,0.0,5.0,0
2,2,1,0.0,-1,0
2,2,1,0.0,-1,0
2,2,1,0.0,-1,0
2,2,1,0.0,-1,0
2,2,1,0.0,5.0,0
2,2,1,0.0,5.0,0
2,2,1,0.0,-1,0
2,2,1,0.0,5.0,0
2,2,1,0.0,-1,0
2,2,1,0.0,-1,0
2,2,1,0.0,5.0,0
2,2,1,0.0,-1,0
2,2,1,0.0,-1,0
2,2,1,0.0,-1,0
2,2,1,0.0,-1,0
2,2,1,0.0,-1,0
2,2,1,0.0,-1,0
2,2,1,0.0,-1,0
2,2,1,0.0,5.0,0
2,2,1,0.0,-1,0
2,2,1,0.0,-1,0
2,2,1,0.0,-1,0
2,2,1,0.0,-1,0
2,2,1,0.0,2.0,0
2,2,1,0.0,-1,0
2,2,1,0.0,5.0,0
2,2,1,0.0,-1,0
2,2,1,0.0,5.0,0
2,2,1,0.0,5.0,0
2,2,1,0.0,5.0,0
2,2,1,0.0,5.0,0
2,2,1,0.0,5.0,0
3,2,0,0.0,-1,0
3,2,0,0.646,14.0,0
3,2,0,0.0,2.0,0
3,2,0,0.374,15.0,0
3,2,0,0.215,-1,0
3,2,0,0.399,8.0,0
3,2,0,1.0,-1,0
3,2,0,0.0,5.0,0
3,2,0,0.351,-1,0
3,2,0,0.725,8.0,0
3,2,0,0.957,31.0,0
3,2,0,0.381,15.0,0
3,2,0,0.0,42.0,0
3,2,0,1.0,14.0,0
3,2,0,0.375,12.0,0
3,2,0,0.332,-1,0
3,2,0,0.564,14.0,0
3,2,0,0.567,17.0,0
3,2,0,0.417,25.0,0
3,2,0,0.267,6.0,0
3,2,0,0.297,29.0,0
3,2,0,0.396,13.0,0
3,2,0,0.48,11.0,0
3,2,0,0.365,18.0,0
3,2,0,0.129,22.0,0
3,2,0,0.339,6.0,0
3,2,0,0.134,10.0,0
3,2,0,0.05,14.0,0
3,2,0,0.0,3.0,0
3,2,0,0.408,7.0,0
3,2,0,0.125,-1,0
4,2,1,0.217,7.0,0
3,2,0,0.442,9.0,0
3,2,0,0.0,2.0,0
3,2,0,0.258,-1,0
3,2,0,0.435,7.0,0
3,2,0,0.688,26.0,0
3,2,1,0.0,-1,0
3,2,0,0.971,4.0,0
3,2,0,0.048,13.0,0
3,2,0,0.399,5.0,0
3,2,0,0.297,8.0,0
3,2,0,0.845,26.0,0
4,2,1,0.0,3.0,0
3,2,1,0.0,-1,0
3,2,0,0.632,7.0,0
3,2,0,0.015,1.0,0
3,2,0,0.129,12.0,0
3,2,0,0.648,18.0,0
3,2,0,0.242,2.0,0
3,2,0,0.176,8.0,0
3,2,0,0.399,5.0,0
3,2,0,0.403,9.0,0
3,2,0,0.973,16.0,0
3,2,0,0.246,8.0,0
3,2,0,0.094,5.0,0
3,2,0,0.96,8.0,0
3,2,0,0.246,-1,0
3,2,0,0.005,4.0,0
3,2,0,0.833,11.0,0
3,2,0,0.069,21.0,0
3,2,0,1.0,11.0,0
3,2,0,0.985,9.0,0
3,2,0,0.876,35.0,0
3,2,0,0.064,8.0,0
3,2,0,0.957,7.0,0
3,2,0,0.457,-1,0
3,2,0,0.174,7.0,0
3,2,0,0.958,1.0,0
3,2,0,0.829,6.0,0
3,2,0,0.977,30.0,0
3,2,0,1.0,3.0,0
2,2,1,0.0,-1,0
2,2,1,0.0,-1,0
2,2,1,0.0,-1,0
2,2,1,0.0,-1,0
2,2,1,0.0,-1,0
2,2,1,0.0,-1,0
2,2,1,0.0,-1,0
2,2,1,0.0,-1,0
2,2,1,0.0,-1,0
2,2,1,0.0,-1,0
2,2,1,0.0,-1,0
2,2,1,0.0,-1,0
2,2,1,0.0,-1,0
2,2,1,0.0,-1,0
2,2,1,0.0,-1,0
2,2,1,0.0,-1,0
2,2,1,0.0,-1,0
2,2,1,0.0,-1,0
2,2,1,0.0,-1,0
2,2,1,0.0,-1,0
2,2,1,0.0,-1,0
2,2,1,0.0,-1,0
2,2,1,0.0,-1,0
2,2,1,0.0,-1,0
2,2,1,0.0,-1,0
2,2,1,0.0,-1,0
2,2,1,0.0,-1,0
2,2,1,0.0,-1,0
2,2,1,0.0,-1,0
2,2,1,0.0,-1,0
2,2,1,0.0,-1,0
2,2,1,0.0,-1,0
2,2,1,0.0,-1,0
2,2,1,0.0,-1,0
2,2,1,0.0,-1,0
2,2,1,0.0,-1,0
2,2,1,0.0,-1,0
2,2,1,0.0,-1,0
2,2,1,0.0,-1,0
2,2,1,0.0,-1,0
2,2,1,0.0,-1,0
2,2,1,0.0,-1,0
2,2,1,0.0,-1,0
2,2,1,0.0,-1,0
2,2,1,0.0,-1,0
2,2,1,0.0,-1,0
2,2,1,0.0,-1,0
2,2,1,0.0,-1,0
2,2,1,0.0,-1,0
2,2,1,0.0,-1,0
2,2,1,0.0,-1,0
2,2,1,0.0,-1,0
2,2,1,0.0,-1,0
2,2,1,0.0,-1,0
2,2,1,0.0,-1,0
2,2,1,0.0,-1,0
2,2,1,0.0,-1,0
2,2,1,0.0,-1,0
2,2,1,0.0,-1,0
2,2,1,0.0,-1,0
2,2,1,0.0,-1,0
2,2,1,0.0,-1,0
2,2,1,0.0,-1,0
2,2,1,0.0,-1,0
4,4,1,0.0,-1,0
3,3,1,0.0,-1,0
3,3,1,0.0,-1,0
3,3,1,0.0,-1,0
3,3,1,0.0,-1,0
3,3,1,0.0,-1,0
3,3,1,0.0,-1,0
3,3,1,0.0,-1,0
3,3,1,0.0,-1,0
3,3,1,0.0,-1,0
3,3,1,0.0,-1,0
3,3,1,0.0,-1,0
3,3,1,0.0,-1,0
3,3,1,0.0,-1,0
3,3,1,0.0,-1,0
3,3,1,0.0,-1,0
3,3,1,0.0,-1,0
3,3,1,0.0,-1,0
3,3,1,0.0,-1,0
3,3,1,0.0,-1,0
3,3,1,0.0,-1,0
3,3,1,0.0,-1,0
3,3,1,0.0,-1,0
3,3,1,0.0,-1,0
3,3,1,0.0,-1,0
3,3,1,0.0,-1,0
3,3,1,0.0,-1,0
3,3,1,0.0,-1,0
3,3,1,0.0,-1,0
3,3,1,0.0,-1,0
3,3,1,0.0,-1,0
4,4,1,0.0,-1,0
3,3,1,0.0,-1,0
3,3,1,0.0,-1,0
3,3,1,0.0,-1,0
3,3,1,0.0,-1,0
3,3,1,0.0,-1,0
3,3,1,0.0,-1,0
3,3,1,0.0,-1,0
3,3,1,0.0,-1,0
3,3,1,0.0,-1,0
3,3,1,0.0,-1,0
3,3,1,0.0,-1,0
3,3,1,0.0,-1,0
3,3,1,0.0,-1,0
3,3,1,0.0,-1,0
3,3,1,0.0,-1,0
3,3,1,0.0,-1,0
3,3,1,0.0,-1,0
3,3,1,0.0,-1,0
3,3,1,0.0,-1,0
3,3,1,0.0,-1,0
3,3,1,0.0,-1,0
3,3,1,0.0,-1,0
3,3,1,0.0,-1,0
3,3,1,0.0,-1,0
3,3,1,0.0,-1,0
3,3,1,0.0,-1,0
3,3,1,0.0,-1,0
5,5,1,0.0,-1,0
3,3,1,0.0,-1,0
3,3,1,0.0,-1,0
1,0,0,0.0,23.0,0
1,0,0,0.0,23.0,0
1,0,0,0.0,23.0,0
1,0,0,0.0,23.0,0
1,0,0,0.0,23.0,0
1,0,0,0.0,23.0,0
1,0,0,0.0,23.0,0
1,0,0,0.0,23.0,0
1,0,0,0.0,23.0,0
1,0,0,0.0,23.0,0
1,0,0,0.0,23.0,0
1,0,0,0.0,23.0,0
1,0,0,0.0,23.0,0
1,0,0,0.0,1.0,0
1,0,0,0.0,23.0,0
1,0,0,0.0,23.0,0
1,0,0,0.0,23.0,0
1,0,0,0.0,23.0,0
1,0,0,0.0,23.0,0
1,0,0,0.0,23.0,0
1,0,0,0.0,23.0,0
1,0,0,0.0,23.0,0
1,0,0,0.0,23.0,0
1,0,0,0.0,23.0,0
1,0,0,0.0,23.0,0
1,0,0,0.0,23.0,0
1,0,0,0.0,23.0,0
1,0,0,0.0,23.0,0
1,0,0,0.0,23.0,0
1,0,0,0.0,23.0,0
1,0,0,0.0,23.0,0
1,0,0,0.0,23.0,0
1,0,0,0.0,23.0,0
1,0,0,0.0,23.0,0
1,0,0,0.0,23.0,0
1,0,0,0.0,23.0,0
1,0,0,0.0,23.0,0
1,0,0,0.0,23.0,0
1,0,0,0.0,23.0,0
1,0,0,0.0,23.0,0
1,0,0,0.0,23.0,0
1,0,0,0.0,23.0,0
1,0,0,0.0,23.0,0
1,0,0,0.0,23.0,0
1,0,0,0.0,23.0,0
1,0,0,0.0,23.0,0
1,0,0,0.0,23.0,0
1,0,0,0.0,23.0,0
1,0,0,0.0,23.0,0
1,0,0,0.0,23.0,0
1,0,0,0.0,23.0,0
1,0,0,0.0,23.0,0
1,0,0,0.0,23.0,0
1,0,0,0.0,23.0,0
1,0,0,0.0,23.0,0
1,0,0,0.0,23.0,0
1,0,0,0.0,23.0,0
1,0,0,0.0,23.0,0
1,0,0,0.0,23.0,0
1,0,0,0.0,23.0,0
1,0,0,0.0,23.0,0
1,0,0,0.0,23.0,0
1,0,0,0.0,23.0,0
1,0,0,0.0,23.0,0
1,0,0,0.0,23.0,0
1,0,0,0.0,23.0,0
1,0,0,0.0,23.0,0
1,0,0,0.0,23.0,0
1,0,0,0.0,23.0,0
1,0,0,0.0,23.0,0
1,0,0,0.0,23.0,0
1,0,0,0.0,23.0,0
1,0,0,0.0,23.0,0
1,0,0,0.0,23.0,0
1,0,0,0.0,23.0,0
1,0,0,0.0,23.0,0
1,0,0,0.0,23.0,0
1,0,0,0.0,23.0,0
1,0,0,0.0,23.0,0
1,0,0,0.0,23.0,0
1,0,0,0.0,23.0,0
1,0,0,0.0,23.0,0
1,0,0,0.0,23.0,0
1,0,0,0.0,23.0,0
1,0,0,0.0,23.0,0
1,0,0,0.0,23.0,0
1,0,0,0.0,23.0,0
1,0,0,0.0,23.0,0
1,0,0,0.0,23.0,0
1,0,0,0.0,23.0,0
1,0,0,0.0,23.0,0
1,0,0,0.0,23.0,0
1,0,0,0.0,23.0,0
1,0,0,0.0,23.0,0
1,0,0,0.0,23.0,0
1,0,0,0.0,23.0,0
1,0,0,0.0,23.0,0
1,0,0,0.0,23.0,0
1,0,0,0.0,23.0,0
1,0,0,0.0,23.0,0
1,0,0,0.0,23.0,0
1,0,0,0.0,23.0,0
1,0,0,0.0,23.0,0
1,0,0,0.0,23.0,0
1,0,0,0.0,23.0,0
1,0,0,0.0,23.0,0
1,0,0,0.0,23.0,0
1,0,0,0.0,23.0,0
1,0,0,0.0,23.0,0
1,0,0,0.0,23.0,0
1,0,0,0.0,23.0,0
1,0,0,0.0,23.0,0
1,0,0,0.0,23.0,0
1,0,0,0.0,23.0,0
1,0,0,0.0,23.0,0
1,0,0,0.0,23.0,0
1,0,0,0.0,23.0,0
1,0,0,0.0,23.0,0
1,0,0,0.0,23.0,0
1,0,0,0.0,23.0,0
1,0,0,0.0,23.0,0
1,0,0,0.0,23.0,0
1,0,0,0.0,23.0,0
1,0,0,0.0,23.0,0
1,0,0,0.0,23.0,0
1,0,0,0.0,23.0,0
1,0,0,0.0,23.0,0
1,0,0,0.0,23.0,0
1,0,0,0.0,23.0,0
1,0,0,0.0,23.0,0
1,0,0,0.0,23.0,0
1,0,0,0.0,23.0,0
1,0,0,0.0,23.0,0
1,0,0,0.0,23.0,0
1,0,0,0.0,23.0,0
1,0,0,0.0,23.0,0
1,0,0,0.0,23.0,0
2,2,1,0.0,-1,0
2,2,1,0.0,-1,0
1,1,1,0.0,-1,0
2,2,1,0.0,-1,0
2,2,1,0.0,-1,0
2,2,1,0.0,-1,0
2,2,1,0.0,-1,0
2,2,1,0.0,-1,0
2,2,1,0.0,-1,0
2,2,1,0.0,-1,0
2,2,1,0.0,-1,0
2,2,1,0.0,-1,0
2,2,1,0.0,-1,0
2,2,1,0.0,-1,0
2,2,1,0.0,-1,0
2,2,1,0.0,-1,0
2,2,1,0.0,-1,0
2,2,1,0.0,-1,0
2,2,1,0.0,-1,0
2,2,1,0.0,-1,0
2,2,1,0.0,-1,0
2,2,1,0.0,-1,0
2,2,1,0.0,-1,0
2,2,1,0.0,-1,0
2,2,1,0.0,-1,0
2,2,1,0.0,-1,0
2,2,1,0.0,-1,0
2,2,1,0.0,-1,0
2,2,1,0.0,-1,0
2,2,1,0.0,-1,0
2,2,1,0.0,-1,0
2,2,1,0.0,-1,0
2,2,1,0.0,-1,0
2,2,1,0.0,-1,0
2,2,1,0.0,-1,0
2,2,1,0.0,-1,0
2,2,1,0.0,-1,0
2,2,1,0.0,-1,0
2,2,1,0.0,-1,0
2,2,1,0.0,-1,0
2,2,1,0.0,-1,0
2,2,1,0.0,-1,0
3,3,1,0.0,-1,0
2,2,1,0.0,-1,0
2,2,1,0.0,-1,0
2,2,1,0.0,-1,0
2,2,1,0.0,-1,0
2,2,1,0.0,-1,0
2,2,1,0.0,-1,0
2,2,1,0.0,-1,0
2,2,1,0.0,-1,0
2,2,1,0.0,-1,0
2,2,1,0.0,-1,0
2,2,1,0.0,-1,0
2,2,1,0.0,-1,0
2,2,1,0.0,-1,0
2,2,1,0.0,-1,0
2,2,1,0.0,-1,0
2,2,1,0.0,-1,0
2,2,1,0.0,-1,0
2,2,1,0.0,-1,0
2,2,1,0.0,-1,0
2,2,1,0.0,-1,0
2,2,1,0.0,-1,0
2,2,1,0.0,-1,0
2,2,1,0.0,-1,0
2,2,1,0.0,-1,0
2,2,1,0.0,-1,0
2,2,1,0.0,-1,0
2,2,1,0.0,-1,0
1,1,1,0.132,-1,0
1,1,1,0.23,189.0,0
1,1,1,0.119,-1,0
1,1,1,0.524,59.0,0
1,1,1,0.07,2.0,0
1,1,1,0.095,133.0,0
1,1,1,0.141,244.0,0
1,1,1,0.118,-1,0
1,1,1,0.123,-1,0
1,1,1,0.105,-1,0
1,1,1,0.013,2.0,0
1,1,1,0.12,-1,0
1,1,1,0.131,-1,0
1,1,1,0.061,-1,0
1,1,1,0.029,-1,0
1,1,1,0.19,0.0,0
1,1,1,0.235,2.0,0
1,1,1,0.114,121.0,0
1,1,1,0.125,-1,0
1,1,1,0.082,116.0,0
1,1,1,0.145,-1,0
1,1,1,0.025,-1,0
1,1,1,0.076,2.0,0
1,1,1,0.155,233.0,0
1,1,1,0.103,-1,0
1,1,1,0.142,176.0,0
1,1,1,0.08,155.0,0
1,1,1,0.162,-1,0
1,1,1,0.04,-1,0
1,1,1,0.152,-1,0
1,1,1,0.109,98.0,0
1,1,1,0.114,70.0,0
1,1,1,0.124,-1,0
1,1,1,0.027,-1,0
1,1,1,0.109,108.0,0
1,1,1,0.155,-1,0
1,1,1,0.112,-1,0
1,1,1,0.125,2.0,0
1,1,1,0.141,-1,0
1,1,1,0.079,-1,0
1,1,1,0.127,-1,0
1,1,1,0.01,2.0,0
1,1,1,0.113,97.0,0
1,1,1,0.163,2.0,0
1,1,1,0.135,-1,0
1,1,1,0.161,-1,0
1,1,1,0.124,-1,0
1,1,1,0.087,-1,0
1,1,1,0.063,88.0,0
1,1,1,0.146,-1,0
1,1,1,0.137,-1,0
1,1,1,0.193,539.0,0
1,1,1,0.131,-1,0
1,1,1,0.083,103.0,0
1,1,1,0.085,188.0,0
1,1,1,0.135,-1,0
1,1,1,0.369,256.0,0
1,1,1,0.135,-1,0
1,1,1,0.144,-1,0
1,1,1,0.142,-1,0
1,1,1,0.19,18.0,0
1,1,1,0.141,-1,0
1,1,1,0.214,156.0,0
1,1,1,0.126,-1,0
1,1,1,0.135,-1,0
1,1,1,0.045,-1,0
1,1,1,0.156,-1,0
1,1,1,0.092,-1,0
1,1,1,0.136,-1,0
1,1,1,0.235,2.0,0
1,1,1,0.025,-1,0
1,1,1,0.112,-1,0
1,1,1,0.125,-1,0
1,1,1,0.036,104.0,0
1,1,1,0.105,-1,0
1,1,1,0.596,218.0,0
1,1,1,0.155,-1,0
1,1,1,0.131,42.0,0
1,1,1,0.139,-1,0
1,1,1,0.157,279.0,0
1,1,1,0.112,341.0,0
1,1,1,0.049,2.0,0
1,1,1,0.126,-1,0
1,1,1,0.055,101.0,0
1,1,1,0.062,92.0,0
1,1,1,0.191,0.0,0
1,1,1,0.146,-1,0
1,1,1,0.14,-1,0
1,1,1,0.15,-1,0
1,1,1,0.091,-1,0
1,1,1,0.091,-1,0
1,1,1,0.06,92.0,0
1,1,1,0.002,-1,0
1,1,1,0.025,2.0,0
1,1,1,0.073,-1,0
1,1,1,0.134,-1,0
1,1,1,0.111,-1,0
1,1,1,0.298,194.0,0
1,1,1,0.076,-1,0
1,1,1,0.135,-1,0
1,1,1,0.134,-1,0
1,1,1,0.135,-1,0
1,1,1,0.013,2.0,0
1,1,1,0.39,545.0,0
1,1,1,0.082,130.0,0
1,1,1,0.102,-1,0
1,1,1,0.154,2.0,0
1,1,1,0.151,-1,0
1,1,1,0.124,-1,0
1,1,1,0.157,-1,0
1,1,1,0.191,18.0,0
1,1,1,0.233,130.0,0
1,1,1,0.191,18.0,0
1,1,1,0.131,-1,0
1,1,1,0.105,255.0,0
1,1,1,0.084,118.0,0
1,1,1,0.168,167.0,0
1,1,1,0.064,2.0,0
1,1,1,0.145,-1,0
1,1,1,0.07,-1,0
1,1,1,0.025,2.0,0
1,1,1,0.024,-1,0
1,1,1,0.186,141.0,0
1,1,1,0.173,-1,0
1,1,1,0.127,-1,0
1,1,1,0.104,-1,0
1,1,1,0.127,-1,0
1,1,1,0.11,-1,0
1,1,1,0.012,-1,0
1,1,1,0.196,262.0,0
1,1,1,0.113,-1,0
1,1,1,0.19,17.0,0
1,1,1,0.123,-1,0
1,1,1,0.182,14.0,0
1,1,1,0.134,-1,0
1,1,1,0.171,-1,0
1,1,1,0.165,54.0,0
1,1,1,0.043,-1,0
1,1,1,0.096,-1,0
1,1,1,0.223,40.0,0
1,1,1,0.103,115.0,0
1,1,1,0.234,2.0,0
1,1,1,0.075,-1,0
1,1,1,0.166,0.0,0
1,1,1,0.162,-1,0
1,1,1,0.128,-1,0
1,1,1,0.149,-1,0
1,1,1,0.103,-1,0
1,1,1,0.157,-1,0
1,1,1,0.127,-1,0
1,1,1,0.036,-1,0
1,1,1,0.118,128.0,0
1,1,1,0.194,445.0,0
1,1,1,0.142,-1,0
1,1,1,0.185,126.0,0
1,1,1,0.097,-1,0
1,1,1,0.157,-1,0
1,1,1,0.031,97.0,0
1,1,1,0.095,259.0,0
1,1,1,0.106,-1,0
1,1,1,0.042,61.0,0
1,1,1,0.102,-1,0
1,1,1,0.067,90.0,0
1,1,1,0.272,156.0,0
1,1,1,0.115,179.0,0
1,1,1,0.099,-1,0
1,1,1,0.131,-1,0
1,1,1,0.135,-1,0
1,1,1,0.089,-1,0
1,1,1,0.139,-1,0
1,1,1,0.191,17.0,0
1,1,1,0.043,114.0,0
1,1,1,0.07,47.0,0
1,1,1,0.157,27.0,0
1,1,1,0.132,-1,0
1,1,1,0.03,71.0,0
1,1,1,0.118,-1,0
1,1,1,0.118,-1,0
1,1,1,0.192,396.0,0
1,1,1,0.104,-1,0
1,1,1,0.148,-1,0
1,1,1,0.141,-1,0
1,1,1,0.141,-1,0
1,1,1,0.074,97.0,0
1,1,1,0.137,-1,0
1,1,1,0.129,-1,0
1,1,1,0.009,2.0,0
1,1,1,0.083,129.0,0
1,1,1,0.172,-1,0
1,1,1,0.114,94.0,0
1,1,1,0.135,-1,0
1,1,1,0.128,-1,0
1,1,1,0.013,2.0,0
1,1,1,0.136,-1,0
1,1,1,0.13,-1,0
1,1,1,0.191,18.0,0
1,1,1,0.162,128.0,0
1,1,1,0.123,-1,0
1,1,1,0.129,-1,0
1,1,1,0.177,182.0,0
1,1,1,0.082,2.0,0
1,1,1,0.099,2.0,0
1,1,1,0.1,2.0,0
1,1,1,0.088,245.0,0
1,1,1,0.11,176.0,0
1,1,1,0.499,129.0,0
1,1,1,0.114,-1,0
1,1,1,0.146,-1,0
1,1,1,0.15,-1,0
1,1,1,0.1,173.0,0
1,1,1,0.142,2.0,0
1,1,1,0.11,121.0,0
2,0,1,0.0,10.0,0
2,0,1,0.0,10.0,0
2,0,1,0.0,10.0,0
2,0,1,0.0,10.0,0
2,0,1,0.0,10.0,0
2,0,1,0.0,10.0,0
2,0,1,0.0,10.0,0
2,0,1,0.0,10.0,0
2,0,1,0.0,10.0,0
2,0,1,0.0,10.0,0
2,0,1,0.0,10.0,0
2,0,1,0.0,10.0,0
2,0,1,0.0,10.0,0
2,0,1,0.0,10.0,0
2,0,1,0.0,10.0,0
2,0,1,0.0,10.0,0
2,0,1,0.0,10.0,0
2,0,1,0.0,10.0,0
2,0,1,0.0,10.0,0
2,0,1,0.0,10.0,0
2,0,1,0.0,10.0,0
2,0,1,0.0,10.0,0
2,0,1,0.0,10.0,0
2,0,1,0.0,10.0,0
2,0,1,0.0,10.0,0
2,0,1,0.0,10.0,0
2,0,1,0.0,10.0,0
2,0,1,0.0,10.0,0
2,0,1,0.0,10.0,0
2,0,1,0.0,10.0,0
2,0,1,0.0,10.0,0
2,0,1,0.0,10.0,0
2,0,1,0.0,10.0,0
2,0,1,0.0,10.0,0
2,0,1,0.0,10.0,0
2,0,1,0.0,10.0,0
2,0,1,0.0,10.0,0
2,0,1,0.0,10.0,0
2,0,1,0.0,10.0,0
2,0,1,0.0,10.0,0
2,0,1,0.0,10.0,0
2,0,1,0.0,10.0,0
2,0,1,0.0,10.0,0
2,0,1,0.0,10.0,0
2,0,1,0.0,10.0,0
2,0,1,0.0,10.0,0
2,0,1,0.0,10.0,0
2,0,1,0.0,10.0,0
2,0,1,0.0,10.0,0
2,0,1,0.0,10.0,0
2,0,1,0.0,10.0,0
2,0,1,0.0,10.0,0
2,0,1,0.0,10.0,0
2,0,1,0.0,10.0,0
2,0,1,0.0,10.0,0
2,0,1,0.0,10.0,0
2,0,1,0.0,10.0,0
2,0,1,0.0,10.0,0
2,0,1,0.0,10.0,0
2,0,1,0.0,10.0,0
2,0,1,0.0,10.0,0
2,0,1,0.0,10.0,0
2,0,1,0.0,10.0,0
2,0,1,0.0,10.0,0
2,0,1,0.0,10.0,0
2,0,1,0.0,10.0,0
2,0,1,0.0,10.0,0
2,0,1,0.0,10.0,0
2,0,1,0.0,10.0,0
2,0,1,0.0,10.0,0
2,0,1,0.0,10.0,0
2,0,1,0.0,10.0,0
2,0,1,0.0,10.0,0
2,0,1,0.0,10.0,0
2,0,1,0.0,10.0,0
2,0,1,0.0,10.0,0
2,0,1,0.0,10.0,0
2,0,1,0.0,10.0,0
2,0,1,0.0,10.0,0
2,0,1,0.0,10.0,0
2,0,1,0.0,10.0,0
2,0,1,0.0,10.0,0
2,0,1,0.0,10.0,0
2,0,1,0.0,10.0,0
2,0,1,0.0,10.0,0
2,0,1,0.0,10.0,0
2,0,1,0.0,10.0,0
2,0,1,0.0,10.0,0
2,0,1,0.0,10.0,0
2,0,1,0.0,10.0,0
2,0,1,0.0,10.0,0
2,0,1,0.0,10.0,0
2,0,1,0.0,10.0,0
2,0,1,0.0,10.0,0
2,0,1,0.0,10.0,0
2,0,1,0.0,10.0,0
2,0,1,0.0,10.0,0
2,0,1,0.0,10.0,0
2,0,1,0.0,10.0,0
2,0,1,0.0,10.0,0
2,0,1,0.0,10.0,0
2,0,1,0.0,10.0,0
2,0,1,0.0,10.0,0
2,0,1,0.0,10.0,0
2,0,1,0.0,10.0,0
2,0,0,0.0,10.0,0
2,0,1,0.0,10.0,0
2,0,1,0.0,10.0,0
2,0,1,0.0,10.0,0
2,0,1,0.0,10.0,0
2,0,1,0.0,10.0,0
2,0,1,0.0,10.0,0
2,0,1,0.0,10.0,0
2,0,1,0.0,10.0,0
2,0,1,0.0,10.0,0
2,0,1,0.0,10.0,0
2,0,1,0.0,10.0,0
2,0,0,0.0,10.0,0
2,0,1,0.0,10.0,0
2,0,1,0.0,10.0,0
2,0,1,0.0,10.0,0
2,0,1,0.0,10.0,0
2,0,1,0.0,10.0,0
2,0,1,0.0,10.0,0
2,0,1,0.0,10.0,0
2,0,1,0.0,10.0,0
2,0,1,0.0,10.0,0
2,0,1,0.0,10.0,0
2,0,1,0.0,10.0,0
2,0,1,0.0,10.0,0
2,0,1,0.0,10.0,0
2,0,1,0.0,10.0,0
2,0,1,0.0,10.0,0
2,0,1,0.0,10.0,0
2,0,1,0.0,10.0,0
2,0,1,0.0,10.0,0
2,0,1,0.0,10.0,0
2,0,1,0.0,10.0,0
2,0,1,0.0,10.0,0
2,0,1,0.0,10.0,0
2,0,1,0.0,10.0,0
2,0,1,0.0,10.0,0
2,0,1,0.0,10.0,0
2,0,1,0.0,10.0,0
2,0,1,0.0,10.0,0
2,0,1,0.0,10.0,0
2,0,1,0.0,10.0,0
2,0,1,0.0,10.0,0
2,0,1,0.0,10.0,0
2,0,1,0.0,10.0,0
2,0,1,0.0,10.0,0
2,0,1,0.0,10.0,0
2,0,1,0.0,10.0,0
2,0,1,0.0,10.0,0
2,0,1,0.0,10.0,0
2,0,1,0.0,10.0,0
2,0,1,0.0,10.0,0
2,0,1,0.0,10.0,0
2,0,1,0.0,10.0,0
2,0,1,0.0,10.0,0
2,0,1,0.0,10.0,0
2,0,1,0.0,10.0,0
2,0,1,0.0,10.0,0
2,0,1,0.0,10.0,0
2,0,1,0.0,10.0,0
2,0,1,0.0,10.0,0
2,0,1,0.0,10.0,0
2,0,1,0.0,10.0,0
2,0,1,0.0,10.0,0
2,0,1,0.0,10.0,0
2,0,1,0.0,10.0,0
2,0,1,0.0,10.0,0
2,0,1,0.0,10.0,0
2,0,1,0.0,10.0,0
2,0,1,0.0,10.0,0
2,0,1,0.0,10.0,0
2,0,1,0.0,10.0,0
2,0,1,0.0,10.0,0
2,0,1,0.0,10.0,0
2,0,1,0.0,10.0,0
2,0,1,0.0,10.0,0
2,0,1,0.0,10.0,0
2,0,1,0.0,10.0,0
2,0,1,0.0,10.0,0
2,0,1,0.0,10.0,0
2,0,1,0.0,10.0,0
2,0,1,0.0,10.0,0
2,0,1,0.0,10.0,0
2,0,1,0.0,10.0,0
2,0,1,0.0,10.0,0
2,0,1,0.0,10.0,0
2,0,1,0.0,10.0,0
2,0,1,0.0,10.0,0
2,0,1,0.0,10.0,0
2,0,1,0.0,10.0,0
2,0,1,0.0,10.0,0
2,0,1,0.0,10.0,0
2,0,1,0.0,10.0,0
2,0,0,0.0,10.0,0
2,0,1,0.0,10.0,0
2,0,1,0.0,10.0,0
2,0,1,0.0,10.0,0
2,0,1,0.0,10.0,0
2,0,1,0.0,10.0,0
2,0,1,0.0,10.0,0
2,0,1,0.0,10.0,0
2,0,1,0.0,10.0,0
2,0,1,0.0,10.0,0
2,0,1,0.0,10.0,0
2,0,1,0.0,10.0,0
2,0,1,0.0,10.0,0
2,0,1,0.0,10.0,0
2,0,1,0.0,10.0,0
2,0,1,0.0,10.0,0
2,0,1,0.0,10.0,0
2,0,1,0.0,10.0,0
2,0,1,0.0,10.0,0
2,0,1,0.0,10.0,0
2,0,1,0.0,10.0,0
2,0,1,0.0,10.0,0
2,0,1,0.0,10.0,0
2,0,1,0.0,10.0,0
2,0,1,0.0,10.0,0
2,0,1,0.0,10.0,0
2,0,1,0.0,10.0,0
2,0,1,0.0,10.0,0
2,0,1,0.0,10.0,0
2,0,1,0.0,10.0,0
2,0,1,0.0,10.0,0
2,0,1,0.0,10.0,0
2,0,1,0.0,10.0,0
2,0,1,0.0,10.0,0
2,0,1,0.0,10.0,0
2,0,1,0.0,10.0,0
7,7,0,0.062,-1,0
11,11,0,0.0,-1,0
8,8,0,0.043,-1,0
11,11,0,0.0,-1,0
11,11,0,0.0,-1,0
7,7,0,0.073,-1,0
7,7,0,0.062,-1,0
7,7,0,0.072,-1,0
8,8,0,0.021,-1,0
11,11,0,0.0,-1,0
7,7,0,0.072,-1,0
6,6,0,0.0,-1,0
8,8,0,0.0,-1,0
7,7,0,0.0,-1,0
8,8,0,0.0,-1,0
7,7,0,0.072,-1,0
7,7,0,0.072,-1,0
11,11,0,0.0,-1,0
7,7,0,0.018,-1,0
8,8,0,0.03,-1,0
11,11,0,0.0,-1,0
7,7,0,0.0,-1,0
7,7,0,0.072,-1,0
7,7,0,0.052,-1,0
7,7,0,0.072,-1,0
8,8,0,0.025,-1,0
11,11,0,0.0,-1,0
9,9,0,0.0,-1,0
7,7,0,0.072,-1,0
11,11,0,0.0,-1,0
7,7,0,0.021,-1,0
7,7,0,0.073,-1,0
6,6,0,0.0,-1,0
7,7,0,0.073,-1,0
11,11,0,0.0,-1,0
7,7,0,0.0,-1,0
11,11,0,0.0,-1,0
7,7,0,0.0,-1,0
8,8,0,0.072,-1,0
7,7,0,0.062,-1,0
5,5,0,0.073,-1,0
7,7,0,0.021,-1,0
7,7,0,0.062,-1,0
7,7,0,0.062,-1,0
8,8,0,0.072,-1,0
7,7,0,0.062,-1,0
7,7,0,0.073,-1,0
9,9,0,0.0,-1,0
6,6,0,0.0,-1,0
8,8,0,0.0,-1,0
7,7,0,0.072,-1,0
8,8,0,0.028,-1,0
7,7,0,0.072,-1,0
6,6,0,0.0,-1,0
11,11,0,0.0,-1,0
7,7,0,0.023,-1,0
6,6,0,0.0,-1,0
8,8,0,0.072,-1,0
11,11,0,0.0,-1,0
8,8,0,0.062,-1,0
8,8,0,0.072,-1,0
8,8,0,0.025,-1,0
8,8,0,0.062,-1,0
10,10,0,0.0,-1,0
7,7,0,0.073,-1,0
7,7,0,0.073,-1,0
6,6,0,0.0,-1,0
11,11,0,0.0,-1,0
7,7,0,0.062,-1,0
7,7,0,0.072,-1,0
11,11,0,0.0,-1,0
8,8,0,0.072,-1,0
7,7,0,0.042,-1,0
8,8,0,0.062,-1,0
7,7,0,0.0,-1,0
7,7,0,0.073,-1,0
7,7,0,0.0,-1,0
8,8,0,0.0,-1,0
7,7,0,0.072,-1,0
6,6,0,0.0,-1,0
7,7,0,0.0,-1,0
6,6,0,0.0,-1,0
7,7,0,0.062,-1,0
8,8,0,0.025,-1,0
8,8,0,0.025,-1,0
7,7,0,0.0,-1,0
8,8,0,0.025,-1,0
11,11,0,0.0,-1,0
11,11,0,0.0,-1,0
11,11,0,0.0,-1,0
11,11,0,0.0,-1,0
7,7,0,0.072,-1,0
7,7,0,0.072,-1,0
7,7,0,0.014,-1,0
9,9,0,0.0,-1,0
7,7,0,0.073,-1,0
5,5,0,0.072,-1,0
7,7,0,0.0,-1,0
11,11,0,0.0,-1,0
11,11,0,0.0,-1,0
7,7,0,0.073,-1,0
8,8,0,0.028,-1,0
11,11,0,0.0,-1,0
6,6,0,0.0,-1,0
11,11,0,0.0,-1,0
7,7,0,0.002,-1,0
11,11,0,0.0,-1,0
8,8,0,0.0,-1,0
11,11,0,0.0,-1,0
7,7,0,0.072,-1,0
11,11,0,0.0,-1,0
7,7,0,0.073,-1,0
10,10,0,0.0,-1,0
3,0,1,0.0,1.0,1
3,0,1,0.0,1.0,1
3,0,1,0.0,1.0,1
3,0,1,0.0,1.0,1
3,0,1,0.0,1.0,1
3,0,1,0.0,1.0,1
3,0,1,0.0,1.0,1
3,0,1,0.0,1.0,1
3,0,1,0.0,1.0,1
3,0,1,0.0,1.0,1
3,0,1,0.0,1.0,1
3,0,1,0.0,1.0,1
3,0,1,0.0,2.0,1
3,0,1,0.0,1.0,1
3,0,1,0.0,1.0,1
3,0,1,0.0,1.0,1
3,0,1,0.0,1.0,1
3,0,1,0.0,1.0,1
3,0,1,0.0,1.0,1
3,0,1,0.0,1.0,1
3,0,1,0.0,1.0,1
3,0,1,0.0,1.0,1
3,0,1,0.0,1.0,1
3,0,1,0.0,1.0,1
3,0,1,0.0,1.0,1
3,0,1,0.0,1.0,1
3,0,1,0.0,1.0,1
3,0,1,0.0,1.0,1
3,0,1,0.0,1.0,1
3,0,1,0.0,1.0,1
3,0,1,0.0,1.0,1
3,0,1,0.0,1.0,1
3,0,1,0.0,1.0,1
3,0,1,0.0,1.0,1
3,0,1,0.0,1.0,1
3,0,1,0.0,1.0,1
3,0,1,0.0,1.0,1
3,0,1,0.0,1.0,1
3,0,1,0.0,1.0,1
3,0,1,0.0,1.0,1
3,0,1,0.0,1.0,1
3,0,1,0.0,1.0,1
3,0,1,0.0,1.0,1
3,0,1,0.0,1.0,1
3,0,1,0.0,1.0,1
3,0,1,0.0,1.0,1
3,0,1,0.0,1.0,1
3,0,1,0.0,1.0,1
3,0,1,0.0,1.0,1
3,0,1,0.0,1.0,1
3,0,1,0.0,1.0,1
3,0,1,0.0,1.0,1
3,0,1,0.0,1.0,1
3,0,1,0.0,1.0,1
3,0,1,0.0,1.0,1
3,0,1,0.0,1.0,1
3,0,1,0.0,1.0,1
3,0,1,0.0,1.0,1
3,0,1,0.0,1.0,1
3,0,1,0.0,1.0,1
3,0,1,0.0,1.0,1
3,0,1,0.0,1.0,1
3,0,1,0.0,1.0,1
3,0,1,0.0,1.0,1
3,0,1,0.0,1.0,1
3,0,1,0.0,1.0,1
3,0,1,0.0,1.0,1
3,0,1,0.0,1.0,1
3,0,1,0.0,1.0,1
3,0,1,0.0,1.0,1
3,0,1,0.0,1.0,1
3,0,1,0.0,1.0,1
3,0,1,0.0,1.0,1
3,0,1,0.0,1.0,1
3,0,1,0.0,1.0,1
3,0,1,0.0,1.0,1
3,0,1,0.0,1.0,1
3,0,1,0.0,1.0,1
3,0,1,0.0,1.0,1
3,0,1,0.0,1.0,1
3,0,1,0.0,1.0,1
3,0,1,0.0,1.0,1
3,0,1,0.0,1.0,1
3,0,1,0.0,1.0,1
3,0,1,0.0,1.0,1
3,0,1,0.0,1.0,1
3,0,1,0.0,1.0,1
3,0,1,0.0,1.0,1
3,0,1,0.0,1.0,1
3,0,1,0.0,1.0,1
3,0,1,0.0,1.0,1
3,0,1,0.0,1.0,1
3,0,1,0.0,1.0,1
3,0,1,0.0,1.0,1
3,0,1,0.0,1.0,1
3,0,1,0.0,1.0,1
3,0,1,0.0,1.0,1
3,0,1,0.0,1.0,1
3,0,1,0.0,1.0,1
3,0,1,0.0,1.0,1
3,0,1,0.0,1.0,1
3,0,1,0.0,1.0,1
3,0,1,0.0,1.0,1
3,0,1,0.0,1.0,1
3,0,1,0.0,1.0,1
3,0,1,0.0,1.0,1
3,0,1,0.0,1.0,1
3,0,1,0.0,1.0,1
3,0,1,0.0,1.0,1
3,0,1,0.0,1.0,1
3,0,1,0.0,1.0,1
3,0,1,0.0,1.0,1
3,0,1,0.0,1.0,1
3,0,1,0.0,1.0,1
3,0,1,0.0,1.0,1
3,0,1,0.0,1.0,1
3,0,1,0.0,1.0,1
3,0,1,0.0,1.0,1
3,0,1,0.0,1.0,1
3,0,1,0.0,1.0,1
3,0,1,0.0,1.0,1
3,0,1,0.0,1.0,1
3,0,1,0.0,1.0,1
3,0,1,0.0,1.0,1
3,0,1,0.0,1.0,1
3,0,1,0.0,1.0,1
3,0,1,0.0,1.0,1
3,0,1,0.0,1.0,1
3,0,1,0.0,1.0,1
3,0,1,0.0,1.0,1
3,0,1,0.0,1.0,1
3,0,1,0.0,1.0,1
3,0,1,0.0,1.0,1
3,0,1,0.0,1.0,1
3,0,1,0.0,1.0,1
3,0,1,0.0,1.0,1
3,0,1,0.0,1.0,1
3,0,1,0.0,1.0,1
3,0,1,0.0,1.0,1
3,0,1,0.0,1.0,1
3,0,1,0.0,1.0,1
3,0,1,0.0,1.0,1
3,0,1,0.0,1.0,1
3,0,1,0.0,1.0,1
3,0,1,0.0,1.0,1
3,0,1,0.0,1.0,1
3,0,1,0.0,1.0,1
3,0,1,0.0,1.0,1
3,0,1,0.0,1.0,1
3,0,1,0.0,1.0,1
3,0,1,0.0,1.0,1
3,0,1,0.0,1.0,1
3,0,1,0.0,1.0,1
3,0,1,0.0,1.0,1
3,0,1,0.0,1.0,1
3,0,1,0.0,1.0,1
3,0,1,0.0,1.0,1
3,0,1,0.0,1.0,1
3,0,1,0.0,1.0,1
3,0,1,0.0,1.0,1
3,0,1,0.0,1.0,1
3,0,1,0.0,1.0,1
3,0,1,0.0,1.0,1
3,0,1,0.0,1.0,1
3,0,1,0.0,1.0,1
3,0,1,0.0,2.0,1
3,0,1,0.0,1.0,1
3,0,1,0.0,1.0,1
3,0,1,0.0,1.0,1
3,0,1,0.0,1.0,1
3,0,1,0.0,1.0,1
3,0,1,0.0,1.0,1
3,0,1,0.0,1.0,1
3,0,1,0.0,1.0,1
3,0,1,0.0,1.0,1
3,0,1,0.0,1.0,1
3,0,1,0.0,1.0,1
3,0,1,0.0,1.0,1
3,0,1,0.0,1.0,1
3,0,1,0.0,1.0,1
3,0,1,0.0,1.0,1
3,0,1,0.0,1.0,1
3,0,1,0.0,1.0,1
3,0,1,0.0,1.0,1
3,0,1,0.0,1.0,1
3,0,1,0.0,1.0,1
3,0,1,0.0,1.0,1
3,0,1,0.0,1.0,1
3,0,1,0.0,1.0,1
3,0,1,0.0,1.0,1
3,0,1,0.0,1.0,1
3,0,1,0.0,1.0,1
3,0,1,0.0,1.0,1
3,0,1,0.0,1.0,1
3,0,1,0.0,1.0,1
3,0,1,0.0,1.0,1
3,0,1,0.0,1.0,1
3,0,1,0.0,1.0,1
3,0,1,0.0,1.0,1
3,0,1,0.0,1.0,1
3,0,1,0.0,1.0,1
3,0,1,0.0,1.0,1
3,0,1,0.0,1.0,1
3,0,1,0.0,1.0,1
3,0,1,0.0,1.0,1
3,0,1,0.0,1.0,1
3,0,1,0.0,1.0,1
3,0,1,0.0,1.0,1
3,0,1,0.0,1.0,1
3,0,1,0.0,1.0,1
3,0,1,0.0,1.0,1
3,0,1,0.0,1.0,1
3,0,1,0.0,1.0,1
3,0,1,0.0,1.0,1
3,0,1,0.0,1.0,1
3,0,1,0.0,1.0,1
3,0,1,0.0,1.0,1
3,0,1,0.0,1.0,1
3,0,1,0.0,1.0,1
3,0,1,0.0,1.0,1
3,0,1,0.0,1.0,1
3,0,1,0.0,1.0,1
3,0,1,0.0,1.0,1
3,0,1,0.0,1.0,1
3,0,1,0.0,1.0,1
3,0,1,0.0,1.0,1
3,0,1,0.0,1.0,1
3,0,1,0.0,1.0,1
3,0,1,0.0,1.0,1
3,0,1,0.0,1.0,1
3,0,1,0.0,1.0,1
3,0,1,0.0,1.0,1
3,0,1,0.0,1.0,1
3,0,1,0.0,1.0,1
3,0,1,0.0,1.0,1
3,0,1,0.0,1.0,1
3,0,1,0.0,1.0,1
3,0,1,0.0,1.0,1
3,0,1,0.0,1.0,1
3,0,1,0.0,1.0,1
3,0,1,0.0,2.0,1
3,0,1,0.0,1.0,1
3,0,1,0.0,1.0,1
3,0,1,0.0,1.0,1
3,0,1,0.0,1.0,1
3,0,1,0.0,1.0,1
3,0,1,0.0,1.0,1
3,0,1,0.0,1.0,1
3,0,1,0.0,1.0,1
3,0,1,0.0,1.0,1
3,0,1,0.0,1.0,1
3,0,1,0.0,1.0,1
3,0,1,0.0,1.0,1
3,0,1,0.0,1.0,1
3,0,1,0.0,1.0,1
3,0,1,0.0,1.0,1
3,0,1,0.0,1.0,1
3,0,1,0.0,1.0,1
3,0,1,0.0,1.0,1
3,0,1,0.0,2.0,1
3,0,1,0.0,1.0,1
3,0,1,0.0,1.0,1
3,0,1,0.0,1.0,1
3,0,1,0.0,1.0,1
3,0,1,0.0,1.0,1
3,0,1,0.0,1.0,1
3,0,1,0.0,1.0,1
3,0,1,0.0,1.0,1
3,0,1,0.0,1.0,1
3,0,1,0.0,1.0,1
3,0,1,0.0,1.0,1
3,0,1,0.0,1.0,1
3,0,1,0.0,1.0,1
3,0,1,0.0,1.0,1
3,0,1,0.0,1.0,1
3,0,1,0.0,1.0,1
3,0,1,0.0,1.0,1
3,0,1,0.0,1.0,1
3,0,1,0.0,1.0,1
3,0,1,0.0,1.0,1
3,0,1,0.0,1.0,1
3,0,1,0.0,1.0,1
3,0,1,0.0,1.0,1
3,0,1,0.0,1.0,1
3,0,1,0.0,1.0,1
3,0,1,0.0,1.0,1
3,0,1,0.0,1.0,1
3,0,1,0.0,1.0,1
3,0,1,0.0,1.0,1
3,0,1,0.0,1.0,1
3,0,1,0.0,1.0,1
3,0,1,0.0,1.0,1
3,0,1,0.0,1.0,1
3,0,1,0.0,1.0,1
3,0,1,0.0,1.0,1
3,0,1,0.0,1.0,1
3,0,1,0.0,1.0,1
3,0,1,0.0,1.0,1
3,0,1,0.0,1.0,1
3,0,1,0.0,1.0,1
3,0,1,0.0,1.0,1
3,0,1,0.0,1.0,1
3,0,1,0.0,1.0,1
3,0,1,0.0,1.0,1
3,0,1,0.0,1.0,1
3,0,1,0.0,1.0,1
3,0,1,0.0,1.0,1
3,0,1,0.0,2.0,1
3,0,1,0.0,1.0,1
3,0,1,0.0,1.0,1
3,0,1,0.0,1.0,1
3,0,1,0.0,1.0,1
3,0,1,0.0,1.0,1
3,0,1,0.0,1.0,1
3,0,1,0.0,1.0,1
3,0,1,0.0,1.0,1
3,0,1,0.0,1.0,1
3,0,1,0.0,1.0,1
3,0,1,0.0,1.0,1
3,0,1,0.0,1.0,1
3,0,1,0.0,1.0,1
3,0,1,0.0,1.0,1
3,0,1,0.0,1.0,1
3,0,1,0.0,1.0,1
3,0,1,0.0,1.0,1
3,0,1,0.0,1.0,1
3,0,1,0.0,1.0,1
3,0,1,0.0,1.0,1
3,0,1,0.0,1.0,1
3,0,1,0.0,1.0,1
3,0,1,0.0,1.0,1
3,0,1,0.0,1.0,1
3,0,1,0.0,1.0,1
3,0,1,0.0,1.0,1
3,0,1,0.0,1.0,1
3,0,1,0.0,1.0,1
3,0,1,0.0,1.0,1
3,0,1,0.0,1.0,1
3,0,1,0.0,1.0,1
3,0,1,0.0,1.0,1
3,0,1,0.0,1.0,1
3,0,1,0.0,1.0,1
3,0,1,0.0,1.0,1
3,0,1,0.0,1.0,1
3,0,1,0.0,1.0,1
3,0,1,0.0,1.0,1
3,0,1,0.0,1.0,1
3,0,1,0.0,1.0,1
3,0,1,0.0,1.0,1
3,0,1,0.0,1.0,1
3,0,1,0.0,1.0,1
3,0,1,0.0,1.0,1
3,0,1,0.0,1.0,1
3,0,1,0.0,1.0,1
3,0,1,0.0,1.0,1
3,0,1,0.0,1.0,1
3,0,1,0.0,1.0,1
3,0,1,0.0,1.0,1
3,0,1,0.0,1.0,1
3,0,1,0.0,1.0,1
3,0,1,0.0,1.0,1
3,0,1,0.0,1.0,1
3,0,1,0.0,1.0,1
3,0,1,0.0,1.0,1
3,0,1,0.0,1.0,1
3,0,1,0.0,1.0,1
3,1,1,0.0,1.0,1
4,0,1,0.0,1.0,1
3,0,1,0.0,1.0,1
3,0,1,0.0,1.0,1
3,0,1,0.0,1.0,1
3,0,1,0.0,1.0,1
