1.177,195,0
2.667,199,0
1.127,88,0
2.667,199,0
1.021,90,0
1.007,0,0
1.085,123,0
1.111,55,0
1.108,179,0
1.091,55,0
1.641,195,0
1.183,33,0
42.667,0,0
2.667,199,0
1.102,78,0
1.024,0,0
1.167,0,0
42.667,0,0
1.032,0,0
1.882,123,0
1.141,55,0
1.1,73,0
1.075,137,0
6.4,142,0
1.221,90,0
1.134,55,0
42.667,0,0
42.667,0,0
1.295,195,0
1.174,77,0
1.003,123,0
1.041,123,0
1.005,53,0
1.191,16,0
1.086,137,0
1.097,123,0
128.0,142,0
1.217,5,0
1.085,123,0
1.014,122,0
42.667,0,0
1.117,195,0
8.533,86,0
1.017,127,0
2.667,199,0
1.136,123,0
16.0,99,0
1.326,123,0
1.171,123,0
1.068,195,0
341.333,0,0
1.034,137,0
1.164,16,0
1.208,195,0
1.026,123,0
1.005,57,0
1.03,123,0
16.0,131,0
1.007,127,0
42.667,0,0
42.667,0,0
1.056,77,0
1.129,123,0
1.096,99,0
1.058,46,0
1.117,55,0
1.118,194,0
341.333,0,0
1.074,195,0
1.11,123,0
1.133,55,0
1.19,195,0
1.004,127,0
1.178,3,0
341.333,0,0
1.143,123,0
1.019,88,0
42.667,0,0
1.112,0,0
1.12,0,0
2.667,199,0
1.084,123,0
1.004,92,0
341.333,0,0
1.005,77,0
1.117,55,0
1.102,123,0
1.236,99,0
1.822,78,0
1.245,195,0
1.061,195,0
1.102,78,0
1.066,120,0
1.016,195,0
1.167,123,0
1.221,195,0
1.277,195,0
1.128,55,0
1.157,123,0
1.114,195,0
1.143,123,0
1.064,5,0
1.085,195,0
1.376,195,0
1.178,179,0
1.011,123,0
1.225,195,0
1.08,195,0
1.03,16,0
1.231,195,0
2.667,199,0
341.333,0,0
1.171,149,0
1.153,123,0
1.021,0,0
1.08,123,0
1.029,123,0
1.091,89,0
1.106,195,0
1.075,55,0
2.667,199,0
1.35,55,0
1.136,55,0
1.14,55,0
1.239,195,0
1.05,123,0
1.014,127,0
1.133,55,0
1.006,123,0
1.42,195,0
341.333,0,0
1.01,120,0
18.286,132,0
1.021,0,0
21.333,164,0
16.0,100,0
1.002,121,0
1.842,232,0
1.11,123,0
1.515,120,0
21.333,116,0
1.645,24,0
21.333,100,0
21.333,116,0
1.177,192,0
1.018,0,0
1.01,0,0
1.05,164,0
1.136,123,0
128.0,199,0
18.286,164,0
18.286,132,0
21.333,116,0
21.333,245,0
21.333,100,0
18.286,100,0
3.2,199,0
21.333,116,0
18.286,11,0
16.0,104,0
1.118,51,0
1.087,64,0
1.135,199,0
16.0,116,0
21.333,148,0
18.286,84,0
16.0,192,0
21.333,199,0
25.6,116,0
18.286,100,0
25.6,100,0
25.6,244,0
18.286,116,0
18.286,116,0
21.333,100,0
16.0,116,0
1.022,0,0
1.286,215,0
21.333,100,0
25.6,116,0
1.002,86,0
21.333,116,0
21.333,248,0
1.15,123,0
2.977,142,0
16.0,116,0
1.017,0,0
18.286,100,0
16.0,100,0
1.198,83,0
1.744,0,0
18.286,233,0
25.6,152,0
25.6,133,0
25.6,173,0
1.049,120,0
1.156,169,0
18.286,112,0
16.0,100,0
1.007,0,0
18.286,139,0
16.0,148,0
16.0,192,0
16.0,84,0
3.657,131,0
18.286,116,0
1.017,80,0
1.155,144,0
18.286,132,0
1.15,123,0
21.333,213,0
21.333,100,0
21.333,108,0
25.6,197,0
1.01,120,0
21.333,100,0
341.333,0,0
1.018,0,0
25.6,179,0
18.286,116,0
16.0,100,0
18.286,196,0
128.0,199,0
1.011,104,0
18.286,100,0
16.0,100,0
21.333,102,0
341.333,0,0
21.333,100,0
1.11,53,0
16.0,100,0
1.488,64,0
341.333,0,0
1.009,192,0
1.031,0,0
1.033,0,0
1.02,0,0
16.0,84,0
18.286,100,0
2.124,16,0
21.333,165,0
1.001,121,0
18.286,120,0
18.286,121,0
21.333,116,0
16.0,154,0
18.286,132,0
1.143,248,0
18.286,100,0
1.167,116,0
21.333,116,0
16.0,213,0
1.542,168,0
25.6,116,0
21.333,165,0
7.529,232,0
1.005,123,0
1.096,160,0
1.136,123,0
18.286,100,0
341.333,0,0
18.286,100,0
16.0,125,0
21.333,51,0
21.333,148,0
21.333,149,0
21.333,116,0
1.515,122,0
25.6,132,0
1.028,1,0
18.286,84,0
18.286,84,0
18.286,84,0
1.066,1,0
21.333,116,0
21.333,100,0
21.333,132,0
21.333,199,0
21.333,165,0
1.063,80,0
4.303,40,0
18.286,132,0
21.333,116,0
18.286,117,0
32.0,2,0
1.843,64,0
128.0,199,0
1.049,128,0
1.61,200,0
8.0,199,0
21.333,100,0
16.0,118,0
18.286,84,0
1.183,162,0
1.033,0,0
1.013,0,0
21.333,134,0
16.0,157,0
21.333,164,0
18.286,244,0
1.231,22,0
32.0,1,0
18.286,100,0
21.333,100,0
1.004,123,0
21.333,199,0
21.333,214,0
341.333,0,0
21.333,100,0
25.6,161,0
25.6,132,0
18.286,100,0
1.744,128,0
1.347,0,0
32.0,199,0
16.0,116,0
341.333,0,0
13.128,83,0
21.333,164,0
16.0,84,0
18.286,233,0
341.333,0,0
21.333,100,0
18.286,128,0
16.0,84,0
1.055,120,0
16.0,208,0
1.001,122,0
16.0,189,0
18.286,84,0
16.0,132,0
25.6,132,0
1.336,56,0
1.067,116,0
1.01,123,0
21.333,136,0
42.667,0,0
1.085,123,0
21.333,119,0
18.286,100,0
21.333,96,0
2.667,199,0
1.123,53,0
1.003,0,0
25.6,132,0
21.333,184,0
1.488,64,0
21.333,116,0
25.6,100,0
4.923,131,0
21.333,101,0
21.333,100,0
21.333,100,0
1.965,152,0
1.208,53,0
12.488,112,0
1.181,64,0
18.286,132,0
18.286,174,0
25.6,149,0
1.116,123,0
21.333,100,0
16.0,116,0
21.333,132,0
16.0,245,0
1.042,0,0
18.286,228,0
18.286,180,0
1.129,123,0
16.0,100,0
1.016,0,0
1.05,192,0
5.505,83,0
1.101,162,0
1.123,123,0
18.286,116,0
21.333,132,0
21.333,100,0
21.333,124,0
1.106,162,0
1.009,0,0
1.076,176,0
0.512,1,0
0.996,1,0
0.472,1,0
0.999,1,0
0.515,1,0
0.521,1,0
0.75,1,0
0.533,1,0
0.528,1,0
0.997,1,0
1.0,1,0
0.988,1,0
0.504,1,0
0.984,1,0
1.0,1,0
1.0,1,0
0.999,1,0
0.999,1,0
0.994,1,0
0.507,1,0
0.964,1,0
0.964,1,0
0.523,1,0
0.977,1,0
0.75,1,0
0.75,1,0
1.0,1,0
0.986,1,0
0.507,1,0
0.988,1,0
0.5,1,0
0.542,1,0
0.515,1,0
1.0,1,0
0.998,1,0
0.75,1,0
1.0,1,0
0.998,1,0
0.931,1,0
0.523,1,0
0.995,1,0
0.942,1,0
0.972,1,0
0.972,1,0
0.75,1,0
0.998,1,0
0.998,1,0
0.999,1,0
1.015,96,0
1.136,96,0
1.136,96,0
1.136,96,0
42.667,96,0
1.157,96,0
1.085,96,0
1.153,96,0
1.136,96,0
1.019,96,0
1.326,96,0
1.007,96,0
128.0,96,0
1.084,96,0
1.085,96,0
1.08,96,0
1.029,96,0
1.03,96,0
1.034,96,0
1.097,96,0
1.102,96,0
1.024,96,0
1.129,96,0
1.006,96,0
1.167,96,0
1.167,96,0
1.041,96,0
1.026,96,0
1.11,96,0
1.16,96,0
1.114,96,0
1.143,96,0
1.143,96,0
1.056,96,0
1.066,96,0
1.134,96,0
1.011,96,0
1.03,96,0
1.171,96,0
1.019,96,0
1.003,96,0
1.017,96,0
1.112,96,0
1.215,96,0
1.055,96,0
1.455,96,0
1.05,96,0
0.887,90,0
0.626,28,0
0.706,147,0
0.929,227,0
0.935,80,0
0.729,209,0
0.932,149,0
0.953,176,0
0.622,150,0
0.621,110,0
0.801,132,0
0.812,37,0
0.637,136,0
0.691,14,0
0.628,168,0
0.885,67,0
0.887,68,0
0.72,51,0
0.745,49,0
0.743,148,0
0.757,37,0
0.958,194,0
0.969,93,0
0.877,198,0
0.901,82,0
0.615,126,0
0.813,248,0
0.82,116,0
0.606,217,0
0.731,25,0
0.666,28,0
0.606,153,0
0.873,59,0
0.833,11,0
0.628,156,0
0.934,123,0
0.378,58,0
0.676,183,0
0.62,43,0
0.93,110,0
0.945,239,0
0.626,229,0
0.653,251,0
0.829,228,0
0.767,240,0
0.605,111,0
0.905,149,0
0.969,69,0
0.892,60,0
0.898,2,0
0.608,148,0
0.512,203,0
0.7,180,0
0.801,237,0
0.942,61,0
0.843,188,0
0.958,141,0
1.0,141,0
1.0,141,0
0.994,141,0
0.999,141,0
0.99,141,0
0.964,141,0
0.993,141,0
0.967,141,0
0.973,141,0
1.0,141,0
1.0,141,0
0.995,141,0
0.989,141,0
0.99,141,0
0.982,141,0
1.0,141,0
0.998,141,0
0.994,141,0
0.99,141,0
0.981,141,0
0.963,141,0
0.972,141,0
0.971,141,0
0.962,141,0
0.984,141,0
0.99,141,0
0.986,141,0
0.979,141,0
0.982,141,0
0.992,141,0
0.9,141,0
0.956,141,0
0.99,141,0
0.998,141,0
0.996,141,0
1.0,141,0
0.994,141,0
0.999,141,0
0.956,141,0
0.962,141,0
0.986,141,0
0.997,141,0
0.987,141,0
0.998,141,0
0.962,141,0
0.944,141,0
1.0,141,0
0.999,141,0
0.995,141,0
1.0,137,0
1.0,137,0
1.0,137,0
1.0,137,0
1.0,137,0
1.0,137,0
1.0,137,0
1.0,137,0
128.0,137,0
1.0,137,0
1.0,137,0
1.0,137,0
1.0,137,0
1.0,137,0
1.0,137,0
1.0,137,0
1.0,137,0
1.0,137,0
1.01,137,0
1.0,137,0
1.0,137,0
1.0,137,0
1.025,137,0
21.333,137,0
1.0,137,0
1.0,137,0
1.0,137,0
1.0,137,0
1.0,137,0
1.0,137,0
5.505,137,0
13.128,137,0
1.0,137,0
1.0,137,0
1.0,137,0
1.0,137,0
1.0,137,0
1.0,137,0
1.0,137,0
1.0,137,0
1.0,137,0
1.0,137,0
1.026,137,0
1.0,137,0
1.0,137,0
1.0,137,0
1.0,137,0
1.0,137,0
1.882,137,0
1.0,137,0
1.0,137,0
0.875,0,0
0.75,0,0
0.844,0,0
0.792,0,0
0.906,0,0
0.792,0,0
0.792,0,0
0.844,0,0
0.844,0,0
0.875,0,0
0.973,0,0
0.792,0,0
0.792,0,0
0.792,0,0
0.833,0,0
1.0,0,0
0.792,0,0
0.792,0,0
0.792,0,0
0.792,0,0
0.792,0,0
0.792,0,0
0.792,0,0
0.792,0,0
0.792,0,0
0.949,0,0
0.75,0,0
0.625,0,0
0.792,0,0
0.594,0,0
0.792,0,0
0.961,0,0
0.792,0,0
0.75,0,0
0.792,0,0
0.792,0,0
0.792,0,0
0.98,0,0
0.958,0,0
0.958,0,0
0.958,0,0
0.958,0,0
0.958,0,0
0.958,0,0
0.958,0,0
0.837,0,0
0.958,0,0
0.992,0,0
0.992,0,0
0.656,0,0
0.792,0,0
0.968,0,0
0.99,0,0
0.988,0,0
0.792,0,0
0.792,0,0
0.792,0,0
0.792,0,0
0.978,0,0
0.998,0,0
1.0,141,0
1.0,141,0
1.0,141,0
1.0,141,0
1.0,141,0
1.0,141,0
1.048,0,0
1.0,141,0
1.0,141,0
1.0,141,0
1.0,141,0
1.066,0,0
1.028,0,0
1.0,141,0
1.066,0,0
1.0,141,0
1.0,141,0
1.0,141,0
1.063,0,0
1.0,141,0
1.066,0,0
1.07,0,0
1.066,0,0
1.066,0,0
1.0,141,0
1.023,0,0
1.0,141,0
1.066,0,0
1.08,0,0
1.0,100,0
1.0,100,0
1.0,100,0
1.0,100,0
1.0,100,0
1.0,100,0
1.0,100,0
1.0,100,0
1.0,100,0
1.0,100,0
1.0,100,0
1.0,100,0
1.0,100,0
1.0,100,0
1.0,100,0
1.0,100,0
1.0,100,0
1.0,100,0
1.0,100,0
1.0,100,0
1.0,100,0
1.0,100,0
1.0,100,0
1.0,100,0
1.0,100,0
1.0,100,0
1.0,100,0
1.0,100,0
1.0,100,0
1.0,100,0
1.0,100,0
1.0,100,0
1.0,100,0
1.0,100,0
1.0,100,0
1.0,100,0
1.0,100,0
1.0,100,0
1.0,100,0
1.0,100,0
1.0,100,0
1.0,100,0
1.0,100,0
1.0,100,0
1.0,100,0
1.0,100,0
1.0,100,0
1.0,100,0
0.801,91,0
0.979,91,0
0.931,91,0
0.977,91,0
0.984,91,0
0.946,91,0
0.861,91,0
128.0,91,0
0.985,91,0
0.937,91,0
0.982,91,0
0.944,91,0
0.89,91,0
0.994,91,0
0.883,91,0
0.955,91,0
1.01,91,0
0.992,91,0
1.024,91,0
1.025,91,0
0.906,91,0
0.95,91,0
0.968,91,0
0.947,91,0
0.947,91,0
0.966,91,0
1.002,91,0
0.835,91,0
0.921,91,0
0.988,91,0
0.924,91,0
1.0,91,0
0.622,91,0
0.921,91,0
0.995,91,0
0.956,91,0
1.026,91,0
0.965,91,0
0.826,91,0
0.941,91,0
0.941,91,0
0.988,91,0
1.882,91,0
0.871,91,0
0.919,91,0
0.976,9,0
0.878,9,0
0.912,9,0
0.987,9,0
0.911,9,0
0.991,9,0
0.866,9,0
0.873,9,0
0.952,9,0
0.88,9,0
0.889,9,0
0.876,9,0
0.976,9,0
0.974,9,0
0.98,9,0
0.918,9,0
0.919,0,0
0.92,9,0
0.931,9,0
0.991,9,0
0.992,9,0
0.966,9,0
0.971,9,0
0.866,9,0
0.944,9,0
0.943,9,0
0.864,9,0
0.92,9,0
0.906,9,0
0.889,9,0
0.968,9,0
0.954,0,0
0.874,9,0
0.982,9,0
0.741,9,0
0.89,9,0
0.866,9,0
0.983,9,0
0.902,9,0
0.952,9,0
0.994,9,0
0.93,9,0
0.863,9,0
0.983,9,0
0.991,9,0
0.959,9,0
0.964,9,0
0.873,9,0
0.984,9,0
0.963,9,0
1.008,123,0
1.136,155,0
1.136,187,0
1.017,65,0
1.003,11,0
1.136,187,0
2.032,232,0
2.098,107,0
2.098,123,0
1.153,17,0
1.136,167,0
1.019,75,0
1.326,135,0
1.007,21,0
1.084,155,0
1.085,58,0
1.08,187,0
2.098,139,0
2.098,235,0
1.03,63,0
1.015,207,0
1.097,91,0
1.102,11,0
1.024,251,0
1.129,75,0
1.006,169,0
1.167,59,0
1.167,187,0
1.041,235,0
1.026,171,0
1.11,139,0
1.014,187,0
1.146,115,0
1.032,71,0
1.143,214,0
1.143,108,0
1.01,44,0
1.016,28,0
1.011,232,0
1.001,202,0
1.013,241,0
1.171,76,0
1.005,220,0
1.003,69,0
1.017,108,0
1.112,89,0
1.215,156,0
1.055,28,0
1.003,122,0
42.667,0,0
1.08,232,0
1.136,232,0
1.136,232,0
2.56,232,0
1.157,232,0
1.085,232,0
1.08,232,0
1.153,232,0
1.08,232,0
1.326,232,0
1.08,232,0
128.0,232,0
1.08,232,0
1.08,232,0
1.08,232,0
1.097,232,0
1.08,232,0
1.08,232,0
1.129,232,0
1.08,232,0
1.167,232,0
1.167,232,0
1.08,232,0
1.08,232,0
1.08,232,0
1.143,232,0
1.143,232,0
1.08,232,0
1.08,232,0
1.13,232,0
1.08,232,0
1.08,232,0
1.171,232,0
1.08,232,0
1.08,232,0
1.08,232,0
1.082,232,0
1.215,232,0
1.08,232,0
1.08,232,0
1.008,93,0
0.989,93,0
1.136,93,0
1.136,93,0
1.004,93,0
0.75,93,0
1.136,93,0
42.667,93,0
1.002,93,0
1.157,93,0
1.085,93,0
1.005,93,0
1.136,93,0
1.011,93,0
1.007,93,0
1.007,93,0
1.008,93,0
1.085,93,0
1.001,93,0
1.008,93,0
1.001,93,0
1.002,93,0
1.002,93,0
1.097,93,0
0.921,93,0
1.001,93,0
1.024,93,0
0.986,93,0
0.977,93,0
1.0,93,0
1.085,93,0
1.183,93,0
0.964,93,0
0.985,93,0
1.157,93,0
0.985,93,0
0.976,93,0
0.906,93,0
1.277,93,0
1.008,93,0
0.838,93,0
1.016,93,0
1.129,93,0
0.75,93,0
1.004,93,0
1.004,93,0
1.003,93,0
1.001,93,0
1.005,93,0
1.032,93,0
0.804,93,0
1.076,93,0
1.106,93,0
0.81,93,0
0.952,93,0
0.991,93,0
1.091,93,0
1.003,93,0
0.977,93,0
0.994,93,0
1.012,93,0
1.177,93,0
1.225,93,0
0.988,93,0
1.004,93,0
1.0,93,0
0.878,93,0
1.005,93,0
0.992,0,0
0.989,0,0
0.968,0,0
0.999,0,0
0.997,0,0
0.963,0,0
0.996,0,0
0.948,0,0
0.999,0,0
0.984,0,0
0.939,0,0
0.995,0,0
0.944,0,0
0.997,0,0
0.986,0,0
0.973,0,0
0.982,0,0
0.99,0,0
0.998,0,0
0.994,0,0
0.995,0,0
0.937,0,0
0.997,0,0
0.977,0,0
0.996,0,0
0.978,0,0
0.981,0,0
0.96,0,0
0.995,0,0
0.945,0,0
0.963,0,0
0.913,0,0
0.99,0,0
0.948,0,0
0.991,0,0
0.949,0,0
0.996,0,0
0.997,0,0
0.998,0,0
0.99,0,0
0.992,0,0
0.997,0,0
0.997,0,0
0.986,0,0
0.993,0,0
0.993,0,0
0.998,0,0
0.972,0,0
0.976,0,0
0.997,0,0
1.001,85,0
0.911,85,0
1.0,85,0
0.75,85,0
0.991,85,0
0.996,85,0
1.0,85,0
0.926,85,0
0.923,85,0
1.0,85,0
0.668,85,0
1.0,85,0
0.997,85,0
0.998,85,0
0.998,85,0
0.971,85,0
0.971,85,0
0.971,85,0
0.971,85,0
0.971,85,0
0.971,85,0
0.971,85,0
0.971,85,0
0.998,85,0
0.94,85,0
0.989,85,0
0.75,85,0
1.003,85,0
1.003,85,0
1.003,85,0
1.157,232,0
1.085,232,0
1.071,232,0
1.004,232,0
1.153,232,0
1.136,232,0
1.061,232,0
1.326,232,0
1.001,232,0
1.003,232,0
1.085,232,0
1.005,232,0
1.0,232,0
1.053,232,0
1.074,232,0
1.005,232,0
1.006,232,0
1.221,232,0
1.085,232,0
1.016,232,0
1.191,232,0
1.008,232,0
1.129,232,0
1.098,232,0
1.004,232,0
1.167,232,0
1.167,232,0
1.113,232,0
1.023,232,0
1.326,232,0
1.002,232,0
16.0,232,0
1.032,232,0
1.032,232,0
1.171,232,0
1.025,232,0
1.021,232,0
1.066,232,0
1.034,232,0
1.001,232,0
2.522,232,0
1.026,232,0
1.017,232,0
1.013,232,0
1.391,232,0
1.001,232,0
1.005,232,0
1.0,232,0
2.681,232,0
29.0,55,0
29.0,53,0
29.0,123,0
29.0,123,0
29.0,123,0
29.0,123,0
29.0,123,0
29.0,0,0
128.0,142,0
29.0,123,0
29.0,123,0
29.0,123,0
29.0,123,0
29.0,127,0
29.0,127,0
29.0,123,0
29.0,137,0
29.0,123,0
29.0,195,0
29.0,123,0
29.0,0,0
29.0,123,0
29.0,123,0
29.0,123,0
29.0,0,0
29.0,123,0
29.0,123,0
29.0,123,0
29.0,122,0
29.0,195,0
29.0,123,0
29.0,123,0
29.0,120,0
29.0,77,0
29.0,120,0
29.0,123,0
29.0,127,0
29.0,16,0
29.0,123,0
29.0,88,0
29.0,57,0
29.0,123,0
29.0,127,0
29.0,0,0
29.0,123,0
29.0,0,0
29.0,123,0
1.001,104,0
1.009,104,0
1.0,104,0
1.001,104,0
1.003,104,0
1.003,104,0
1.001,104,0
1.001,104,0
1.002,104,0
1.0,104,0
1.001,104,0
1.001,104,0
1.003,104,0
1.0,104,0
1.0,104,0
1.002,104,0
1.002,104,0
1.004,104,0
1.003,104,0
1.001,104,0
1.005,104,0
1.001,104,0
1.008,104,0
1.003,104,0
1.002,104,0
1.003,104,0
1.007,104,0
1.001,104,0
1.008,104,0
1.006,104,0
1.003,104,0
1.001,104,0
1.0,104,0
1.006,104,0
1.002,104,0
1.0,104,0
1.002,104,0
1.008,104,0
1.002,104,0
1.0,104,0
1.002,104,0
1.001,104,0
1.002,104,0
1.0,104,0
1.001,104,0
1.001,104,0
0.998,233,0
0.75,233,0
0.688,233,0
0.781,233,0
0.812,233,0
0.688,233,0
0.75,233,0
0.688,233,0
0.75,233,0
0.688,233,0
0.75,233,0
0.917,233,0
0.906,233,0
0.75,233,0
0.75,233,0
0.75,233,0
0.75,233,0
0.938,233,0
0.994,233,0
0.92,233,0
0.875,233,0
0.951,233,0
0.951,233,0
0.875,233,0
0.75,233,0
0.875,233,0
0.875,233,0
0.688,233,0
0.75,233,0
0.625,233,0
0.75,233,0
0.688,233,0
0.688,233,0
0.998,233,0
0.875,233,0
0.75,233,0
0.75,233,0
0.996,233,0
0.913,233,0
0.875,233,0
1.0,233,0
0.844,233,0
0.979,233,0
0.979,233,0
0.75,233,0
0.688,233,0
0.75,233,0
0.992,233,0
0.746,233,0
0.825,233,0
0.812,233,0
1.011,1,0
1.043,1,0
1.0,1,0
1.157,1,0
1.085,1,0
1.014,1,0
1.003,1,0
1.153,1,0
1.136,1,0
1.326,1,0
1.0,1,0
1.003,1,0
1.085,1,0
1.003,1,0
1.002,1,0
1.0,1,0
1.0,1,0
1.001,1,0
1.0,1,0
1.097,1,0
1.074,1,0
1.004,1,0
1.003,1,0
1.001,1,0
1.217,1,0
1.129,1,0
1.0,1,0
1.102,1,0
1.004,1,0
1.167,1,0
1.167,1,0
1.001,1,0
1.001,1,0
1.015,1,0
1.11,1,0
1.002,1,0
1.032,1,0
1.171,1,0
1.143,1,0
1.001,1,0
1.143,1,0
1.0,1,0
1.001,1,0
1.007,1,0
1.026,1,0
1.001,1,0
1.0,1,0
1.013,1,0
1.171,1,0
1.0,1,0
1.005,1,0
1.001,1,0
1.001,1,0
1.082,1,0
1.0,1,0
1.001,1,0
0.999,1,0
0.906,1,0
0.792,1,0
0.938,1,0
0.875,1,0
0.539,1,0
0.95,1,0
1.0,1,0
1.0,1,0
0.958,1,0
0.544,1,0
0.562,1,0
1.0,1,0
0.505,1,0
0.539,1,0
0.511,1,0
0.525,1,0
0.515,1,0
0.996,1,0
0.99,1,0
1.0,1,0
0.896,1,0
0.474,1,0
1.0,1,0
1.0,1,0
0.963,1,0
1.0,1,0
0.75,1,0
0.998,1,0
1.0,1,0
0.964,1,0
0.542,1,0
0.875,1,0
1.0,1,0
0.92,1,0
0.922,1,0
1.0,1,0
0.958,1,0
0.995,1,0
1.0,1,0
0.986,1,0
1.0,1,0
1.0,1,0
1.0,1,0
0.481,1,0
1.0,1,0
0.896,1,0
1.0,1,0
0.932,1,0
1.0,1,0
1.002,96,0
1.014,96,0
1.022,96,0
1.04,96,0
1.031,96,0
1.012,96,0
1.055,96,0
1.003,96,0
1.035,96,0
1.018,96,0
1.116,96,0
1.347,96,0
1.021,96,0
1.231,96,0
1.177,96,0
1.15,96,0
2.124,96,0
1.15,96,0
1.017,96,0
1.087,96,0
1.085,96,0
1.843,96,0
1.042,96,0
1.136,96,0
1.028,96,0
1.385,96,0
1.007,96,0
1.0,96,0
1.11,96,0
1.009,96,0
13.128,96,0
1.181,96,0
1.096,96,0
1.005,96,0
1.033,96,0
1.018,96,0
1.129,96,0
1.01,96,0
1.003,96,0
1.013,96,0
1.022,96,0
1.336,96,0
1.02,96,0
1.01,96,0
1.076,96,0
1.01,96,0
1.542,96,0
1.373,96,0
1.208,96,0
1.515,96,0
1.016,96,0
1.063,96,0
1.006,96,0
1.155,96,0
0.951,80,0
0.594,80,0
0.749,80,0
0.963,80,0
0.619,80,0
0.645,80,0
0.795,80,0
0.738,80,0
0.61,80,0
0.601,80,0
0.53,80,0
0.726,80,0
0.602,80,0
0.474,80,0
0.696,80,0
0.946,41,0
0.495,80,0
0.643,80,0
0.648,80,0
0.607,80,0
0.816,80,0
0.924,179,0
0.475,80,0
0.65,80,0
0.71,80,0
0.604,80,0
0.953,80,0
0.885,1,0
0.815,80,0
0.336,80,0
0.823,80,0
0.632,80,0
0.596,80,0
0.634,80,0
0.611,80,0
0.862,80,0
0.946,80,0
0.621,80,0
0.613,80,0
0.466,80,0
0.509,80,0
0.886,80,0
0.667,80,0
0.824,80,0
0.437,80,0
0.476,80,0
0.736,80,0
0.505,80,0
0.472,80,0
0.84,80,0
0.999,141,0
0.913,141,0
0.99,141,0
0.952,141,0
1.0,141,0
0.982,141,0
0.943,141,0
0.922,141,0
0.962,141,0
0.938,141,0
0.92,141,0
0.925,141,0
0.975,141,0
0.972,141,0
0.997,141,0
0.946,141,0
0.927,141,0
0.944,141,0
0.971,141,0
1.0,141,0
0.942,141,0
0.967,141,0
0.95,141,0
0.984,141,0
1.0,141,0
0.917,141,0
0.964,141,0
0.981,141,0
0.938,141,0
0.998,141,0
0.999,141,0
1.0,141,0
1.0,141,0
0.781,141,0
0.991,141,0
1.0,141,0
1.0,141,0
0.962,141,0
1.0,141,0
0.938,141,0
1.0,141,0
1.0,141,0
0.927,141,0
0.927,141,0
0.953,141,0
0.891,141,0
0.994,141,0
0.949,141,0
0.991,141,0
1.0,141,0
0.969,141,0
1.0,141,0
0.989,141,0
0.944,141,0
0.977,141,0
1.0,141,0
0.917,141,0
0.997,141,0
0.962,141,0
8.0,137,0
1.0,137,0
25.6,137,0
7.529,137,0
1.0,137,0
25.6,137,0
1.0,137,0
1.0,137,0
1.0,137,0
1.023,137,0
25.6,137,0
1.0,137,0
1.0,137,0
1.0,137,0
1.0,137,0
21.333,137,0
2.124,137,0
1.0,137,0
1.0,137,0
1.0,137,0
1.0,137,0
1.0,137,0
1.0,137,0
21.333,137,0
1.0,137,0
1.0,137,0
1.0,137,0
1.385,137,0
1.0,137,0
1.0,137,0
1.0,137,0
1.0,137,0
1.0,137,0
1.0,137,0
1.0,137,0
1.0,137,0
1.0,137,0
1.0,137,0
1.0,137,0
1.0,137,0
1.0,137,0
1.0,137,0
1.0,137,0
1.336,137,0
1.0,137,0
1.0,137,0
1.0,137,0
1.0,137,0
1.542,137,0
1.373,137,0
1.0,137,0
1.0,137,0
1.515,137,0
1.0,137,0
1.0,137,0
1.047,137,0
1.0,137,0
1.0,137,0
4.303,137,0
0.708,0,0
0.708,0,0
0.833,0,0
0.708,0,0
0.833,0,0
0.833,0,0
0.833,0,0
0.708,0,0
0.708,0,0
0.708,0,0
0.844,0,0
0.708,0,0
0.944,0,0
0.708,0,0
0.708,0,0
0.594,0,0
0.594,0,0
0.594,0,0
0.973,0,0
0.969,0,0
0.875,0,0
0.958,0,0
1.0,0,0
0.708,0,0
0.708,0,0
0.708,0,0
0.938,0,0
0.708,0,0
0.708,0,0
0.833,0,0
0.708,0,0
0.708,0,0
0.708,0,0
0.708,0,0
0.875,0,0
0.833,0,0
0.708,0,0
0.708,0,0
0.781,0,0
0.844,0,0
0.708,0,0
0.594,0,0
0.594,0,0
0.75,0,0
0.781,0,0
0.75,0,0
1.0,139,0
1.0,139,0
1.0,139,0
1.0,139,0
1.0,139,0
1.0,139,0
1.0,139,0
1.0,139,0
1.0,139,0
1.0,139,0
1.0,139,0
1.0,139,0
1.0,139,0
1.0,139,0
1.0,139,0
1.0,139,0
1.0,139,0
1.0,139,0
1.0,139,0
1.0,139,0
1.0,139,0
1.0,139,0
1.0,139,0
1.0,139,0
1.0,139,0
1.0,139,0
1.0,139,0
1.0,139,0
1.0,139,0
1.0,139,0
1.0,139,0
1.0,139,0
1.0,139,0
1.0,139,0
1.0,139,0
1.0,139,0
1.0,139,0
1.0,139,0
1.0,139,0
1.0,139,0
1.0,139,0
1.0,139,0
1.0,139,0
1.0,139,0
1.0,139,0
1.0,139,0
1.0,139,0
1.0,139,0
1.0,139,0
1.0,139,0
1.0,139,0
1.0,139,0
1.0,139,0
1.0,139,0
1.0,139,0
1.0,139,0
1.0,139,0
1.0,139,0
1.0,139,0
1.0,139,0
1.0,139,0
1.0,139,0
1.0,139,0
1.0,139,0
1.0,139,0
1.0,139,0
1.0,139,0
1.0,139,0
1.0,139,0
1.0,139,0
1.0,139,0
1.0,139,0
1.0,139,0
1.0,139,0
1.0,139,0
1.0,139,0
1.0,139,0
1.0,139,0
1.0,139,0
1.0,139,0
1.0,139,0
1.0,139,0
1.0,139,0
1.0,139,0
1.0,139,0
1.0,139,0
1.0,139,0
1.0,139,0
1.0,139,0
1.0,139,0
1.0,139,0
1.0,139,0
1.0,139,0
1.0,139,0
1.0,139,0
1.0,139,0
1.0,139,0
1.0,139,0
1.044,0,0
1.076,0,0
1.011,0,0
1.059,0,0
1.047,0,0
1.039,0,0
1.058,0,0
1.018,0,0
1.052,0,0
1.035,0,0
1.039,0,0
1.082,0,0
1.049,0,0
1.033,0,0
1.061,0,0
1.033,0,0
1.068,0,0
1.051,0,0
1.069,0,0
1.057,0,0
1.01,0,0
1.049,0,0
1.034,0,0
1.036,0,0
1.0,141,0
1.003,0,0
1.003,0,0
1.028,0,0
1.018,0,0
1.027,0,0
1.041,0,0
1.056,0,0
1.042,0,0
1.0,141,0
1.0,141,0
1.0,141,0
1.035,0,0
1.075,0,0
1.0,141,0
1.041,0,0
1.022,0,0
1.032,0,0
1.062,0,0
1.042,0,0
1.004,0,0
1.033,0,0
1.07,0,0
1.024,0,0
1.049,0,0
1.048,0,0
1.051,0,0
1.007,0,0
1.032,0,0
1.003,0,0
1.004,0,0
1.035,0,0
1.01,0,0
1.048,0,0
1.028,0,0
1.039,0,0
1.049,0,0
1.014,0,0
1.043,0,0
1.002,0,0
1.0,141,0
1.079,0,0
1.022,0,0
1.058,0,0
1.042,0,0
1.003,0,0
1.025,0,0
1.014,0,0
1.008,0,0
1.005,0,0
1.022,0,0
1.04,0,0
1.036,0,0
1.081,0,0
1.044,0,0
1.031,0,0
1.017,0,0
1.01,0,0
1.075,0,0
1.004,0,0
1.014,0,0
1.043,0,0
1.063,0,0
1.041,0,0
1.076,0,0
1.009,0,0
1.035,0,0
1.049,0,0
1.049,0,0
1.018,0,0
1.046,0,0
1.056,0,0
1.025,0,0
1.033,0,0
1.033,0,0
1.01,0,0
1.077,0,0
0.964,100,0
0.958,100,0
0.781,100,0
0.966,100,0
0.958,100,0
0.708,100,0
1.0,100,0
0.708,100,0
1.0,100,0
0.812,100,0
0.994,100,0
1.0,100,0
0.625,100,0
0.962,100,0
0.938,100,0
1.0,100,0
1.0,100,0
0.875,100,0
0.625,100,0
0.875,100,0
0.625,100,0
0.938,100,0
0.625,100,0
0.625,100,0
1.0,100,0
0.625,100,0
0.972,100,0
0.875,100,0
0.781,100,0
0.625,100,0
0.781,100,0
0.977,100,0
0.969,100,0
1.0,100,0
0.812,100,0
0.625,100,0
0.812,100,0
1.0,100,0
0.625,100,0
0.958,100,0
0.984,100,0
0.972,100,0
0.812,100,0
1.0,100,0
0.875,100,0
1.0,100,0
0.833,100,0
1.0,100,0
0.75,100,0
0.75,100,0
0.875,100,0
0.985,100,0
0.625,100,0
0.562,100,0
0.875,100,0
1.0,100,0
0.854,100,0
0.833,100,0
0.644,91,0
0.805,91,0
0.688,91,0
0.567,91,0
0.625,91,0
0.75,91,0
0.662,91,0
0.925,91,0
1.0,91,0
0.997,91,0
0.558,91,0
0.549,91,0
0.625,91,0
0.603,91,0
0.58,91,0
0.574,91,0
0.594,91,0
0.557,91,0
0.554,91,0
0.598,91,0
0.638,91,0
0.614,91,0
0.797,91,0
0.57,91,0
0.833,91,0
0.977,91,0
5.505,91,0
1.005,91,0
0.601,91,0
0.77,91,0
0.598,91,0
1.001,91,0
0.853,91,0
0.78,91,0
0.572,91,0
0.744,91,0
0.885,91,0
0.996,91,0
0.861,91,0
0.752,91,0
0.626,91,0
0.688,91,0
0.846,91,0
0.6,91,0
0.8,91,0
0.856,91,0
0.621,91,0
0.986,91,0
0.542,91,0
0.608,91,0
1.0,91,0
0.598,91,0
0.858,91,0
0.829,91,0
0.984,9,0
0.994,9,0
0.871,9,0
0.934,9,0
0.904,9,0
0.857,9,0
0.866,9,0
0.846,9,0
0.825,9,0
0.924,9,0
0.922,9,0
0.994,9,0
0.872,9,0
0.853,9,0
0.893,0,0
0.896,0,0
0.905,9,0
0.867,9,0
0.867,9,0
0.966,9,0
0.983,9,0
0.866,0,0
0.881,9,0
0.988,9,0
0.908,9,0
0.987,9,0
0.975,9,0
0.965,9,0
0.784,9,0
0.954,9,0
0.883,9,0
0.877,9,0
0.916,9,0
0.972,9,0
0.988,9,0
0.879,9,0
0.857,9,0
0.799,9,0
0.971,9,0
0.928,9,0
0.953,9,0
0.806,9,0
0.859,9,0
0.992,9,0
0.919,9,0
0.81,9,0
0.892,9,0
0.733,9,0
0.866,9,0
0.971,9,0
0.851,9,0
1.011,235,0
1.001,251,0
2.098,204,0
1.022,123,0
1.001,139,0
2.098,156,0
1.031,43,0
2.098,29,0
1.055,235,0
1.002,91,0
2.098,220,0
2.098,90,0
2.098,61,0
1.347,90,0
1.021,202,0
1.231,154,0
1.177,27,0
2.098,92,0
2.124,26,0
1.021,203,0
1.123,108,0
0.999,190,0
1.017,108,0
1.042,251,0
1.136,75,0
1.008,75,0
1.001,14,0
1.11,124,0
1.007,172,0
1.001,219,0
1.008,171,0
1.037,139,0
1.181,59,0
1.096,60,0
1.002,92,0
1.001,171,0
1.004,13,0
1.018,172,0
1.129,109,0
1.005,253,0
1.003,171,0
1.002,158,0
1.004,221,0
1.022,236,0
1.336,91,0
1.02,74,0
1.01,44,0
1.076,204,0
1.01,174,0
1.184,91,0
1.002,12,0
1.208,29,0
1.016,238,0
1.032,88,0
1.06,88,0
1.063,88,0
1.127,88,0
1.108,88,0
1.072,88,0
1.157,88,0
1.087,88,0
1.12,88,0
1.153,88,0
1.087,88,0
1.015,88,0
1.069,88,0
1.025,88,0
1.064,88,0
1.139,88,0
1.15,88,0
1.153,88,0
1.09,88,0
1.33,88,0
1.028,88,0
1.055,88,0
1.32,88,0
1.1,88,0
1.088,88,0
1.088,88,0
1.11,88,0
1.136,88,0
1.123,88,0
1.136,88,0
1.087,88,0
1.027,88,0
1.07,88,0
1.139,88,0
1.07,88,0
1.071,88,0
1.127,88,0
1.044,88,0
1.024,88,0
1.073,88,0
1.033,88,0
1.126,88,0
1.017,88,0
1.1,88,0
1.141,88,0
1.097,88,0
1.136,88,0
1.087,88,0
1.049,88,0
1.969,88,0
1.133,88,0
1.071,88,0
1.29,88,0
1.169,88,0
1.169,88,0
1.264,88,0
1.246,88,0
1.106,88,0
1.02,88,0
1.11,88,0
1.043,88,0
1.107,88,0
1.113,88,0
1.069,88,0
1.08,88,0
1.137,88,0
1.059,88,0
1.031,88,0
1.106,88,0
1.146,88,0
1.093,88,0
1.045,88,0
1.028,88,0
1.143,88,0
1.095,88,0
1.133,88,0
1.088,88,0
1.045,88,0
1.167,88,0
1.107,88,0
1.134,88,0
1.14,88,0
1.211,88,0
1.04,88,0
1.122,88,0
1.171,88,0
1.086,88,0
1.376,88,0
1.043,88,0
1.112,88,0
1.084,88,0
1.09,88,0
1.088,88,0
1.049,88,0
1.128,88,0
1.113,88,0
1.142,88,0
1.201,88,0
1.08,232,0
1.08,232,0
1.08,232,0
1.08,232,0
1.08,232,0
1.08,232,0
1.08,232,0
1.08,232,0
1.08,232,0
1.08,232,0
1.234,232,0
1.234,232,0
1.15,232,0
2.124,232,0
1.15,232,0
1.08,232,0
1.234,232,0
1.123,232,0
1.08,232,0
1.385,232,0
1.08,232,0
1.08,232,0
1.11,232,0
13.128,232,0
1.234,232,0
1.096,232,0
1.08,232,0
1.08,232,0
1.08,232,0
1.08,232,0
1.08,232,0
1.08,232,0
1.336,232,0
1.08,232,0
1.08,232,0
1.234,232,0
1.08,232,0
1.542,232,0
1.373,232,0
1.208,232,0
1.515,232,0
1.08,232,0
1.234,232,0
1.08,232,0
1.234,232,0
0.574,176,0
0.682,224,0
0.584,80,0
0.443,192,0
0.917,192,0
0.368,80,0
0.456,80,0
0.463,96,0
0.453,32,0
0.689,240,0
0.359,64,0
0.421,192,0
0.403,144,0
0.591,16,0
0.564,144,0
0.48,128,0
0.462,64,0
0.422,224,0
0.388,112,0
0.468,96,0
0.794,240,0
0.785,80,0
0.571,128,0
0.507,64,0
0.52,0,0
0.599,16,0
0.477,112,0
0.55,0,0
0.484,112,0
0.522,208,0
0.57,128,0
0.605,80,0
0.595,160,0
0.476,80,0
0.621,224,0
0.396,112,0
0.921,128,0
0.941,240,0
0.786,32,0
0.698,192,0
0.814,176,0
0.556,80,0
0.89,64,0
0.343,96,0
0.451,80,0
0.462,112,0
0.48,240,0
0.442,48,0
0.694,240,0
0.68,208,0
0.705,16,0
0.445,64,0
0.869,80,0
0.59,128,0
0.497,32,0
0.449,160,0
0.788,208,0
0.727,160,0
0.343,96,0
0.512,0,0
0.566,96,0
0.424,160,0
0.922,224,0
0.47,112,0
0.976,192,0
0.809,144,0
0.473,208,0
0.474,224,0
0.313,64,0
0.501,176,0
0.353,64,0
0.8,32,0
0.525,192,0
0.456,80,0
0.866,32,0
0.898,48,0
0.463,16,0
0.719,160,0
0.308,64,0
0.318,64,0
0.95,16,0
0.7,192,0
0.604,0,0
0.964,208,0
0.64,208,0
0.444,64,0
0.84,32,0
0.345,112,0
0.46,224,0
0.948,240,0
0.814,32,0
0.839,112,0
0.441,48,0
0.993,48,0
0.338,80,0
0.893,112,0
0.748,144,0
0.403,176,0
0.747,48,0
21.333,93,0
1.0,93,0
1.231,93,0
1.177,93,0
1.15,93,0
2.124,93,0
1.15,93,0
1.014,93,0
1.087,93,0
1.085,93,0
1.11,93,0
1.136,93,0
1.136,93,0
1.01,93,0
1.004,93,0
1.136,93,0
1.031,93,0
1.021,93,0
1.123,93,0
0.966,93,0
1.007,93,0
1.843,93,0
1.042,93,0
1.136,93,0
0.826,93,0
0.75,93,0
21.333,93,0
1.385,93,0
1.004,93,0
1.11,93,0
1.009,93,0
1.001,93,0
1.515,93,0
1.155,93,0
1.011,93,0
1.006,93,0
1.049,93,0
4.303,93,0
0.993,0,0
0.953,0,0
0.98,0,0
0.997,0,0
0.946,0,0
0.991,0,0
0.993,0,0
0.986,0,0
0.966,0,0
0.975,0,0
0.95,0,0
0.943,0,0
0.967,0,0
0.987,0,0
0.952,0,0
0.982,0,0
0.996,0,0
0.912,0,0
0.97,0,0
0.992,0,0
0.985,0,0
0.959,0,0
0.989,0,0
0.955,0,0
0.995,0,0
0.9,0,0
0.948,0,0
0.966,0,0
0.992,0,0
0.999,0,0
0.984,0,0
0.951,0,0
0.993,0,0
0.989,0,0
0.987,0,0
0.982,0,0
0.947,0,0
0.986,0,0
0.998,0,0
0.978,0,0
0.966,0,0
0.922,0,0
0.924,0,0
0.995,0,0
0.998,0,0
0.989,0,0
0.884,0,0
0.938,0,0
0.999,0,0
0.987,0,0
0.944,0,0
0.976,0,0
0.999,0,0
1.0,0,0
0.95,0,0
1.0,2,0
1.0,2,0
1.0,2,0
1.0,2,0
1.0,2,0
1.0,2,0
1.0,2,0
1.0,2,0
1.0,2,0
1.0,2,0
1.0,2,0
1.0,2,0
1.0,2,0
1.0,2,0
1.0,2,0
1.0,2,0
1.0,2,0
1.0,2,0
1.0,2,0
1.0,2,0
1.0,2,0
1.0,2,0
1.0,2,0
1.0,2,0
1.0,2,0
1.0,2,0
1.0,2,0
1.0,2,0
1.0,2,0
1.0,2,0
1.0,2,0
1.0,2,0
1.0,2,0
1.0,2,0
1.0,2,0
1.0,2,0
1.0,2,0
1.0,2,0
1.0,2,0
1.0,2,0
1.0,2,0
1.0,2,0
1.0,2,0
1.0,2,0
1.0,2,0
1.0,2,0
1.0,2,0
1.0,2,0
1.0,2,0
1.0,2,0
1.0,2,0
1.0,2,0
1.0,2,0
1.0,2,0
1.0,2,0
1.0,2,0
1.0,2,0
1.0,2,0
1.0,2,0
1.0,2,0
1.0,2,0
1.0,2,0
1.0,2,0
1.0,2,0
1.0,2,0
1.0,2,0
1.0,2,0
1.0,2,0
1.0,2,0
1.0,2,0
1.0,2,0
1.0,2,0
1.0,2,0
1.0,2,0
1.0,2,0
1.0,2,0
1.0,2,0
1.0,2,0
1.0,2,0
1.0,2,0
1.0,2,0
1.0,2,0
1.0,2,0
1.0,2,0
1.0,2,0
1.0,2,0
1.0,2,0
1.0,2,0
1.0,2,0
1.0,2,0
1.0,2,0
1.0,2,0
1.0,2,0
1.0,2,0
1.0,2,0
1.0,2,0
1.0,2,0
1.0,2,0
1.0,2,0
1.0,2,0
1.0,2,0
1.0,2,0
1.0,2,0
1.0,2,0
0.824,85,0
0.877,85,0
0.998,85,0
0.998,85,0
0.751,85,0
1.0,85,0
0.894,85,0
0.998,85,0
0.996,85,0
0.708,85,0
0.936,85,0
1.0,85,0
0.998,85,0
1.0,85,0
1.0,85,0
0.998,85,0
1.0,85,0
0.998,85,0
1.0,85,0
1.0,85,0
1.0,85,0
1.0,85,0
1.0,85,0
0.998,85,0
0.998,85,0
1.0,85,0
0.998,85,0
0.998,85,0
1.0,85,0
0.998,85,0
0.732,85,0
1.0,85,0
0.906,85,0
0.983,85,0
0.998,85,0
0.736,85,0
0.654,85,0
0.841,85,0
0.998,85,0
0.994,85,0
0.995,85,0
0.998,85,0
1.0,85,0
1.0,85,0
0.998,85,0
0.998,85,0
1.0,85,0
0.998,85,0
0.998,85,0
1.0,85,0
0.998,85,0
1.0,85,0
0.998,85,0
0.998,85,0
0.998,85,0
0.93,85,0
0.761,85,0
0.743,85,0
0.998,85,0
1.0,85,0
1.0,85,0
0.708,85,0
0.928,85,0
0.998,85,0
0.998,85,0
1.0,85,0
1.0,85,0
1.0,85,0
0.998,85,0
1.0,85,0
1.0,85,0
0.998,85,0
1.0,85,0
0.746,85,0
0.75,85,0
1.0,85,0
0.998,85,0
0.998,85,0
0.683,85,0
1.0,85,0
0.997,85,0
0.997,85,0
0.998,85,0
0.834,85,0
0.998,85,0
0.997,85,0
16.0,232,0
1.744,232,0
16.0,232,0
16.0,232,0
16.0,232,0
1.002,232,0
16.0,232,0
16.0,232,0
16.0,232,0
16.0,232,0
1.055,232,0
16.0,232,0
1.005,232,0
1.014,232,0
16.0,232,0
16.0,232,0
16.0,232,0
1.15,232,0
16.0,232,0
16.0,232,0
2.667,232,0
2.667,232,0
16.0,232,0
1.007,232,0
1.014,232,0
1.085,232,0
1.11,232,0
16.0,232,0
16.0,232,0
1.123,232,0
16.0,232,0
1.008,232,0
1.09,232,0
16.0,232,0
16.0,232,0
16.0,232,0
1.067,232,0
16.0,232,0
2.943,232,0
1.034,232,0
1.001,232,0
1.181,232,0
16.0,232,0
16.0,232,0
16.0,232,0
16.0,232,0
16.0,232,0
16.0,232,0
1.003,232,0
1.022,232,0
16.0,232,0
1.085,232,0
16.0,232,0
1.004,232,0
1.032,232,0
1.003,232,0
16.0,232,0
16.0,232,0
16.0,232,0
1.184,232,0
1.156,232,0
16.0,232,0
1.001,232,0
16.0,232,0
16.0,232,0
1.208,232,0
16.0,232,0
16.0,232,0
16.0,232,0
16.0,232,0
16.0,232,0
16.0,232,0
16.0,232,0
1.515,232,0
16.0,232,0
16.0,232,0
16.0,232,0
16.0,232,0
2.626,232,0
16.0,232,0
1.033,232,0
16.0,232,0
1.08,232,0
1.004,232,0
1.009,232,0
1.009,232,0
4.303,232,0
29.0,199,0
29.0,64,0
29.0,244,0
29.0,232,0
29.0,86,0
29.0,100,0
29.0,120,0
29.0,0,0
29.0,123,0
29.0,0,0
29.0,100,0
29.0,0,0
29.0,22,0
29.0,192,0
29.0,123,0
29.0,100,0
29.0,16,0
29.0,123,0
29.0,0,0
29.0,215,0
29.0,64,0
29.0,123,0
29.0,123,0
29.0,164,0
29.0,123,0
29.0,123,0
29.0,123,0
29.0,1,0
29.0,184,0
29.0,48,0
29.0,0,0
29.0,53,0
29.0,0,0
29.0,121,0
29.0,83,0
29.0,83,0
29.0,64,0
29.0,160,0
29.0,123,0
29.0,122,0
29.0,0,0
29.0,0,0
29.0,123,0
29.0,0,0
29.0,86,0
29.0,0,0
29.0,0,0
29.0,56,0
29.0,0,0
29.0,120,0
29.0,176,0
29.0,120,0
29.0,168,0
29.0,56,0
29.0,121,0
29.0,53,0
29.0,120,0
29.0,0,0
29.0,0,0
29.0,80,0
29.0,120,0
29.0,144,0
29.0,40,0
1.001,104,0
1.011,104,0
1.011,104,0
1.009,104,0
1.012,104,0
1.006,104,0
1.011,104,0
1.003,104,0
1.005,104,0
1.008,104,0
1.001,104,0
1.011,104,0
1.008,104,0
1.007,104,0
1.005,104,0
1.001,104,0
1.001,104,0
1.004,104,0
1.0,104,0
1.001,104,0
0.477,104,0
1.008,104,0
1.001,104,0
1.003,104,0
1.001,104,0
1.0,104,0
1.0,104,0
1.001,104,0
1.048,191,0
1.003,104,0
1.0,104,0
1.007,104,0
1.007,104,0
1.006,104,0
1.008,104,0
1.002,104,0
1.001,104,0
1.009,104,0
1.005,104,0
0.467,104,0
1.013,104,0
1.002,104,0
1.008,104,0
1.001,104,0
1.017,104,0
0.475,104,0
1.0,104,0
1.001,104,0
1.004,104,0
1.0,104,0
0.469,104,0
1.001,104,0
1.007,104,0
0.844,233,0
1.0,233,0
0.781,233,0
0.917,233,0
0.958,233,0
0.708,233,0
1.0,233,0
1.0,233,0
0.708,233,0
0.75,233,0
1.0,233,0
0.708,233,0
0.825,233,0
0.792,233,0
0.688,233,0
0.562,233,0
0.688,233,0
0.938,233,0
0.688,233,0
1.0,233,0
0.708,233,0
0.875,233,0
0.938,233,0
0.688,233,0
0.562,233,0
0.969,233,0
0.562,233,0
0.75,233,0
0.781,233,0
0.981,233,0
0.812,233,0
1.0,233,0
0.688,233,0
0.991,233,0
0.75,233,0
0.917,233,0
0.969,233,0
0.875,233,0
0.575,233,0
0.792,233,0
0.833,233,0
0.708,233,0
0.812,233,0
0.6,233,0
0.988,233,0
0.688,233,0
0.688,233,0
0.781,233,0
0.781,233,0
0.562,233,0
0.917,233,0
64.0,83,0
64.0,83,0
64.0,83,0
64.0,83,0
64.0,83,0
64.0,83,0
64.0,83,0
64.0,83,0
64.0,83,0
64.0,83,0
64.0,83,0
64.0,83,0
64.0,83,0
32.0,5,0
64.0,83,0
64.0,83,0
64.0,83,0
64.0,83,0
64.0,83,0
64.0,83,0
64.0,83,0
64.0,83,0
64.0,83,0
64.0,83,0
64.0,83,0
64.0,83,0
64.0,83,0
64.0,83,0
64.0,83,0
64.0,83,0
64.0,83,0
64.0,83,0
64.0,83,0
64.0,83,0
64.0,83,0
64.0,83,0
64.0,83,0
64.0,83,0
64.0,83,0
64.0,83,0
64.0,83,0
64.0,83,0
64.0,83,0
64.0,83,0
64.0,83,0
64.0,83,0
64.0,83,0
64.0,83,0
64.0,83,0
64.0,83,0
64.0,83,0
64.0,83,0
64.0,83,0
64.0,83,0
64.0,83,0
64.0,83,0
64.0,83,0
64.0,83,0
64.0,83,0
64.0,83,0
64.0,83,0
64.0,83,0
64.0,83,0
64.0,83,0
64.0,83,0
64.0,83,0
64.0,83,0
64.0,83,0
64.0,83,0
64.0,83,0
64.0,83,0
64.0,83,0
64.0,83,0
64.0,83,0
64.0,83,0
64.0,83,0
64.0,83,0
64.0,83,0
64.0,83,0
64.0,83,0
64.0,83,0
64.0,83,0
64.0,83,0
64.0,83,0
64.0,83,0
64.0,83,0
64.0,83,0
64.0,83,0
64.0,83,0
64.0,83,0
64.0,83,0
64.0,83,0
64.0,83,0
64.0,83,0
64.0,83,0
64.0,83,0
64.0,83,0
64.0,83,0
64.0,83,0
64.0,83,0
64.0,83,0
64.0,83,0
64.0,83,0
64.0,83,0
64.0,83,0
64.0,83,0
64.0,83,0
64.0,83,0
64.0,83,0
64.0,83,0
64.0,83,0
64.0,83,0
64.0,83,0
64.0,83,0
64.0,83,0
64.0,83,0
64.0,83,0
64.0,83,0
64.0,83,0
64.0,83,0
64.0,83,0
64.0,83,0
64.0,83,0
64.0,83,0
64.0,83,0
64.0,83,0
64.0,83,0
64.0,83,0
64.0,83,0
64.0,83,0
64.0,83,0
64.0,83,0
64.0,83,0
64.0,83,0
64.0,83,0
64.0,83,0
1.28,1,0
1.488,1,0
1.002,0,0
1.055,1,0
1.007,1,0
1.116,1,0
1.282,1,0
1.002,1,0
1.231,1,0
1.014,1,0
1.15,1,0
1.15,1,0
1.017,1,0
1.005,1,0
1.012,1,0
1.085,1,0
1.11,1,0
1.136,1,0
1.001,1,0
1.017,1,0
1.414,1,0
1.0,1,0
1.001,1,0
1.02,1,0
1.11,1,0
2.653,1,0
1.007,1,0
1.021,1,0
1.0,1,0
1.0,1,0
1.0,1,0
1.181,1,0
1.096,1,0
1.002,1,0
1.0,1,0
1.004,1,0
1.018,1,0
1.129,1,0
1.003,1,0
1.002,1,0
1.004,1,0
1.022,1,0
1.02,1,0
1.001,1,0
1.029,1,0
1.002,1,0
16.0,1,0
1.184,1,0
1.0,1,0
1.208,1,0
1.515,1,0
1.016,1,0
1.02,1,0
2.667,1,0
1.006,1,0
1.032,1,0
4.303,1,0
0.132,69,1
0.23,69,1
0.119,69,1
0.524,69,1
0.07,69,1
0.095,69,1
0.141,69,1
0.118,69,1
0.123,69,1
0.105,69,1
0.013,69,1
0.12,69,1
0.131,69,1
0.061,69,1
0.029,69,1
0.19,69,1
0.235,69,1
0.114,69,1
0.125,69,1
0.082,69,1
0.145,69,1
0.025,69,1
0.076,69,1
0.155,69,1
0.103,69,1
0.142,69,1
0.08,69,1
0.162,69,1
0.04,69,1
0.152,69,1
0.109,69,1
0.114,69,1
0.124,69,1
0.027,69,1
0.109,69,1
0.155,69,1
0.112,69,1
0.125,69,1
0.141,69,1
0.079,69,1
0.127,69,1
0.01,69,1
0.113,69,1
0.163,69,1
0.135,69,1
0.161,69,1
0.124,69,1
0.087,69,1
0.063,69,1
0.146,69,1
0.137,69,1
0.193,69,1
0.131,69,1
0.083,69,1
0.085,69,1
0.135,69,1
0.369,69,1
0.135,69,1
0.144,69,1
0.142,69,1
0.19,69,1
0.141,69,1
0.214,69,1
0.126,69,1
0.135,69,1
0.045,69,1
0.156,69,1
0.092,69,1
0.136,69,1
0.235,69,1
0.025,69,1
0.112,69,1
0.063,69,1
0.095,69,1
0.119,69,1
0.011,69,1
0.191,69,1
0.021,69,1
0.138,69,1
0.056,69,1
0.209,69,1
0.128,69,1
0.063,69,1
0.135,69,1
0.032,69,1
0.124,69,1
0.076,69,1
0.145,69,1
0.046,69,1
0.111,69,1
0.45,69,1
0.207,69,1
0.159,69,1
0.122,69,1
0.136,69,1
0.136,69,1
0.125,69,1
0.036,69,1
0.105,69,1
0.596,69,1
0.155,69,1
0.131,69,1
0.139,69,1
0.157,69,1
0.112,69,1
0.049,69,1
0.126,69,1
0.055,69,1
0.062,69,1
0.191,69,1
0.146,69,1
0.14,69,1
0.15,69,1
0.091,69,1
0.091,69,1
0.06,69,1
0.002,69,1
0.025,69,1
0.073,69,1
0.134,69,1
0.111,69,1
0.298,69,1
0.076,69,1
0.135,69,1
0.134,69,1
0.135,69,1
0.013,69,1
0.39,69,1
0.082,69,1
0.102,69,1
0.154,69,1
0.151,69,1
0.124,69,1
0.157,69,1
0.191,69,1
0.233,69,1
0.191,69,1
0.131,69,1
0.105,69,1
0.084,69,1
0.168,69,1
0.064,69,1
0.234,69,1
0.075,69,1
0.166,69,1
0.162,69,1
0.128,69,1
0.149,69,1
0.103,69,1
0.157,69,1
0.127,69,1
0.036,69,1
0.118,69,1
0.194,69,1
0.142,69,1
0.185,69,1
0.097,69,1
0.157,69,1
0.031,69,1
0.095,69,1
0.106,69,1
0.042,69,1
0.102,69,1
0.067,69,1
0.272,69,1
0.115,69,1
0.099,69,1
0.131,69,1
0.135,69,1
0.089,69,1
0.139,69,1
0.191,69,1
0.043,69,1
0.07,69,1
0.157,69,1
0.132,69,1
0.03,69,1
0.118,69,1
0.118,69,1
0.192,69,1
0.104,69,1
0.148,69,1
0.141,69,1
0.141,69,1
0.074,69,1
0.137,69,1
0.129,69,1
0.009,69,1
0.083,69,1
0.172,69,1
0.114,69,1
0.135,69,1
0.128,69,1
0.013,69,1
0.136,69,1
0.13,69,1
0.191,69,1
0.162,69,1
0.123,69,1
0.129,69,1
0.177,69,1
0.082,69,1
0.099,69,1
0.1,69,1
0.088,69,1
0.11,69,1
0.499,69,1
0.114,69,1
0.146,69,1
0.15,69,1
0.1,69,1
0.142,69,1
0.11,69,1
128.0,176,0
1.08,176,0
3.122,176,0
1.274,176,0
128.0,176,0
1.08,176,0
128.0,176,0
1.08,176,0
128.0,176,0
128.0,176,0
1.08,176,0
128.0,176,0
1.977,176,0
128.0,176,0
1.27,176,0
1.556,176,0
128.0,176,0
128.0,176,0
1.965,176,0
128.0,176,0
128.0,176,0
4.452,176,0
1.08,176,0
1.27,176,0
128.0,176,0
128.0,176,0
4.303,176,0
128.0,176,0
1.27,176,0
1.27,176,0
2.065,176,0
128.0,176,0
128.0,176,0
128.0,176,0
4.031,176,0
1.954,176,0
128.0,176,0
1.27,176,0
128.0,176,0
2.04,176,0
128.0,176,0
128.0,176,0
1.114,176,0
1.08,176,0
128.0,176,0
1.08,176,0
1.237,176,0
1.08,176,0
1.992,176,0
128.0,176,0
128.0,176,0
128.0,176,0
128.0,176,0
128.0,176,0
2.236,176,0
1.237,176,0
1.237,176,0
1.08,176,0
1.342,176,0
1.27,176,0
3.048,176,0
1.237,176,0
5.953,176,0
1.947,176,0
128.0,176,0
1.117,176,0
1.08,176,0
128.0,176,0
1.088,176,0
1.969,176,0
1.274,176,0
3.71,176,0
128.0,176,0
1.148,176,0
1.977,176,0
128.0,176,0
1.442,176,0
128.0,176,0
2.016,176,0
1.08,176,0
2.96,176,0
2.008,176,0
1.08,176,0
128.0,176,0
128.0,176,0
1.08,176,0
128.0,176,0
1.211,176,0
128.0,176,0
1.274,176,0
1.274,176,0
128.0,176,0
1.27,176,0
128.0,176,0
44.043,176,0
1.08,176,0
3.048,176,0
1.772,176,0
128.0,176,0
128.0,176,0
1.08,176,0
128.0,176,0
128.0,176,0
1.274,176,0
1.089,176,0
128.0,176,0
128.0,176,0
128.0,176,0
128.0,176,0
128.0,176,0
128.0,176,0
128.0,176,0
1.274,176,0
128.0,176,0
128.0,176,0
2.193,176,0
2.008,176,0
128.0,176,0
128.0,176,0
128.0,176,0
3.22,176,0
128.0,176,0
1.414,176,0
2.0,176,0
2.065,176,0
128.0,176,0
128.0,176,0
128.0,176,0
128.0,176,0
128.0,176,0
105.026,176,0
128.0,176,0
128.0,176,0
128.0,176,0
1.274,176,0
1.08,176,0
128.0,176,0
1.151,176,0
1.237,176,0
128.0,176,0
1.274,176,0
128.0,176,0
170.667,176,0
128.0,176,0
2.415,176,0
1.08,176,0
128.0,176,0
1.274,176,0
128.0,176,0
128.0,176,0
128.0,176,0
1.08,176,0
128.0,176,0
1.903,176,0
128.0,176,0
1.316,176,0
128.0,176,0
128.0,176,0
128.0,176,0
128.0,176,0
1.08,176,0
1.753,176,0
1.274,176,0
128.0,176,0
1.274,176,0
2.96,176,0
1.08,176,0
4.0,176,0
128.0,176,0
128.0,176,0
1.274,176,0
128.0,176,0
8.533,176,0
1.278,176,0
1.274,176,0
128.0,176,0
128.0,176,0
128.0,176,0
128.0,176,0
1.08,176,0
1.181,176,0
128.0,176,0
1.08,176,0
2.024,176,0
128.0,176,0
2.381,176,0
1.184,176,0
128.0,176,0
128.0,176,0
128.0,176,0
2.276,176,0
1.08,176,0
128.0,176,0
128.0,176,0
128.0,176,0
128.0,176,0
1.237,176,0
170.667,176,0
1.08,176,0
128.0,176,0
128.0,176,0
128.0,176,0
1.274,176,0
128.0,176,0
2.024,176,0
128.0,176,0
128.0,176,0
128.0,176,0
128.0,176,0
1.947,176,0
128.0,176,0
4.197,176,0
1.274,176,0
1.08,176,0
1.134,176,0
1.08,176,0
128.0,176,0
1.893,176,0
1.08,176,0
1.515,176,0
128.0,176,0
1.237,176,0
128.0,176,0
128.0,176,0
3.012,176,0
1.08,176,0
128.0,176,0
128.0,176,0
1.274,176,0
128.0,176,0
1.27,176,0
1.556,176,0
2.312,176,0
0.998,0,0
0.998,0,0
0.999,0,0
1.0,0,0
1.0,0,0
1.0,0,0
0.998,0,0
0.997,0,0
0.998,0,0
0.998,0,0
0.997,0,0
0.994,0,0
0.999,0,0
1.0,0,0
1.0,0,0
0.998,0,0
0.998,0,0
0.997,0,0
0.999,0,0
1.0,0,0
0.997,0,0
1.0,0,0
0.998,0,0
0.999,0,0
0.997,0,0
1.0,0,0
0.998,0,0
0.998,0,0
0.996,0,0
0.997,0,0
0.999,0,0
1.0,0,0
0.992,0,0
1.0,0,0
0.996,0,0
0.997,0,0
0.997,0,0
1.0,0,0
0.999,0,0
1.0,0,0
0.999,0,0
0.999,0,0
1.0,0,0
0.997,0,0
0.999,0,0
0.997,0,0
1.0,0,0
0.997,0,0
0.996,0,0
0.997,0,0
1.0,0,0
1.0,0,0
1.0,0,0
1.0,0,0
1.0,0,0
0.997,0,0
1.0,0,0
0.997,0,0
0.998,0,0
1.0,0,0
0.999,0,0
0.994,0,0
0.999,0,0
0.998,0,0
0.998,0,0
1.0,0,0
0.999,0,0
0.998,0,0
0.999,0,0
0.995,0,0
1.0,0,0
0.998,0,0
0.996,0,0
1.0,0,0
1.0,0,0
1.0,0,0
0.999,0,0
0.997,0,0
1.0,0,0
0.995,0,0
1.0,0,0
1.0,0,0
1.0,0,0
1.0,0,0
1.0,0,0
1.0,0,0
1.0,0,0
0.997,0,0
0.998,0,0
0.996,0,0
0.996,0,0
1.0,0,0
1.0,0,0
1.0,0,0
0.997,0,0
1.0,0,0
0.999,0,0
0.998,0,0
0.997,0,0
1.0,0,0
1.0,0,0
1.0,0,0
0.999,0,0
0.994,0,0
1.0,0,0
0.998,0,0
0.997,0,0
0.998,0,0
0.997,0,0
1.0,0,0
1.0,0,0
1.0,0,0
0.999,0,0
1.243,172,0
1.153,142,0
1.399,157,0
1.471,23,0
1.422,56,0
1.035,182,0
2.901,119,0
1.231,18,0
1.041,97,0
1.156,33,0
3.448,26,0
1.126,241,0
1.515,228,0
1.146,146,0
2.306,186,0
1.252,125,0
1.28,1,0
1.152,138,0
1.311,170,0
1.246,56,0
1.463,46,0
1.422,204,0
1.073,90,0
1.34,156,0
1.43,53,0
1.067,72,0
1.064,221,0
1.143,170,0
1.094,148,0
1.407,91,0
1.166,102,0
1.378,128,0
1.299,98,0
2.473,151,0
64.0,245,0
1.463,77,0
1.151,147,0
1.022,95,0
1.027,40,0
1.347,173,0
1.306,128,0
1.277,247,0
1.333,246,0
1.123,246,0
1.354,172,0
2.738,181,0
1.414,147,0
1.324,78,0
1.488,47,0
1.488,87,0
1.058,122,0
1.463,118,0
1.058,105,0
1.069,92,0
1.088,227,0
1.021,73,0
1.239,169,0
1.32,104,0
1.239,209,0
1.123,95,0
1.354,145,0
1.092,36,0
1.422,32,0
1.414,141,0
1.13,226,0
1.211,57,0
64.0,72,0
1.362,79,0
1.176,106,0
2.745,116,0
1.369,82,0
1.43,61,0
1.103,183,0
1.264,210,0
1.293,56,0
1.079,21,0
1.082,148,0
1.182,93,0
1.399,10,0
1.438,155,0
1.438,120,0
1.293,31,0
1.316,208,0
1.471,247,0
1.347,170,0
1.369,167,0
1.471,49,0
1.463,194,0
1.11,1,0
1.1,23,0
1.369,133,0
2.188,78,0
1.12,58,0
1.422,234,0
1.293,107,0
1.376,27,0
1.407,208,0
1.414,80,0
1.493,29,0
9.615,125,0
1.252,129,0
1.247,241,0
1.362,185,0
1.113,98,0
2.943,107,0
1.062,46,0
1.32,194,0
1.041,250,0
1.483,227,0
1.043,121,0
1.221,30,0
1.446,180,0
3.459,26,0
1.064,137,0
1.143,235,0
1.438,99,0
1.422,162,0
1.316,42,0
1.089,101,0
1.488,51,0
1.438,124,0
1.052,82,0
1.299,101,0
1.463,176,0
1.27,66,0
1.48,192,0
1.164,230,0
1.267,242,0
1.196,166,0
1.052,82,0
1.438,215,0
3.459,223,0
1.116,94,0
1.438,2,0
1.103,116,0
1.146,12,0
1.115,191,0
1.32,9,0
1.091,117,0
1.073,105,0
1.471,100,0
1.463,148,0
1.082,137,0
1.446,252,0
1.199,231,0
1.129,18,0
1.43,127,0
1.119,88,0
1.061,144,0
1.004,175,0
2.688,254,0
1.391,166,0
1.362,45,0
1.334,41,0
1.03,116,0
128.0,209,0
1.094,57,0
1.312,24,0
1.446,150,0
1.138,130,0
1.146,116,0
1.061,150,0
1.243,195,0
1.088,132,0
2.207,76,0
1.011,201,0
1.103,182,0
1.438,238,0
1.28,85,0
1.391,251,0
1.091,198,0
1.025,210,0
1.251,123,0
1.027,255,0
1.157,34,0
1.196,82,0
1.15,43,0
1.399,136,0
1.164,36,0
1.027,106,0
1.107,101,0
1.414,24,0
1.088,120,0
3.205,2,0
1.309,247,0
1.369,95,0
1.407,168,0
1.185,104,0
1.214,105,0
1.041,6,0
2.76,113,0
1.414,225,0
1.354,71,0
1.073,197,0
1.049,205,0
1.11,210,0
1.326,73,0
1.391,60,0
1.141,43,0
1.055,122,0
1.123,157,0
1.2,236,0
1.354,186,0
1.208,221,0
1.055,207,0
2.354,166,0
1.094,23,0
1.267,136,0
1.008,181,0
1.096,212,0
1.123,35,0
1.12,194,0
1.438,14,0
1.32,199,0
1.138,80,0
1.407,65,0
1.061,35,0
1.128,205,0
1.064,135,0
1.515,153,0
1.302,33,0
1.11,120,0
1.311,136,0
1.106,83,0
1.267,176,0
1.258,190,0
1.103,78,0
1.249,233,0
1.422,51,0
1.422,27,0
1.094,60,0
1.258,76,0
1.239,90,0
1.422,37,0
1.097,31,0
1.078,35,0
1.422,115,0
1.321,80,0
1.323,7,0
1.362,86,0
1.15,233,0
1.188,246,0
1.091,99,0
1.273,156,0
1.493,172,0
1.276,125,0
3.519,5,0
1.471,178,0
1.091,96,0
1.255,167,0
3.448,139,0
1.227,42,0
1.018,248,0
1.222,86,0
1.293,241,0
1.407,238,0
1.202,64,0
1.438,252,0
1.094,206,0
4.047,145,0
1.165,232,0
1.094,135,0
1.182,153,0
1.025,42,0
1.391,114,0
1.267,31,0
1.064,25,0
1.092,21,0
1.399,136,0
1.422,42,0
1.258,204,0
1.369,23,0
1.094,22,0
1.34,246,0
1.48,57,0
1.182,18,0
1.094,253,0
1.193,170,0
1.149,32,0
1.825,212,0
1.07,186,0
1.309,204,0
1.455,175,0
1.076,114,0
1.174,242,0
1.391,150,0
1.164,234,0
2.174,199,0
1.113,222,0
1.239,79,0
1.073,56,0
1.471,116,0
1.28,205,0
1.414,97,0
1.255,151,0
1.43,242,0
1.027,211,0
1.208,69,0
1.191,74,0
1.362,148,0
1.126,98,0
1.393,149,0
1.085,135,0
1.533,110,0
1.303,39,0
1.121,183,0
1.386,165,0
1.054,126,0
1.28,215,0
1.038,133,0
1.079,74,0
1.446,30,0
1.21,109,0
1.414,194,0
1.309,154,0
1.438,178,0
1.168,199,0
1.196,170,0
1.243,235,0
1.167,94,0
1.399,243,0
1.067,91,0
1.073,119,0
1.414,50,0
1.272,88,0
1.115,68,0
1.471,179,0
1.28,91,0
1.106,42,0
1.125,161,0
1.076,61,0
1.362,251,0
1.299,133,0
1.227,13,0
3.325,71,0
1.391,200,0
1.391,180,0
1.191,237,0
4.357,40,0
1.11,25,0
1.455,55,0
1.243,35,0
1.178,187,0
1.082,41,0
1.032,89,0
1.171,167,0
1.213,219,0
1.446,121,0
1.323,246,0
1.052,172,0
1.117,192,0
1.097,18,0
1.145,174,0
1.174,139,0
1.376,3,0
1.515,68,0
4.357,20,0
1.094,255,0
1.097,7,0
1.391,177,0
1.185,94,0
1.293,218,0
1.306,173,0
1.438,90,0
2.695,85,0
1.076,70,0
1.925,135,0
1.167,174,0
1.303,184,0
1.446,154,0
1.477,223,0
1.313,128,0
