0,0,0,0,0,0,0,0,141461,4194304,4096,4,0,3858432,51200,1024,35840,0,2097152,8192,4096,2,5,0.286,7,7,7,7,7,7,0,1,1,1,0,0,0.998,0,7,0.998,0.062,0,-1.000,7.950,4.808,3.323,3.437,7.950,235,8,0,198,3,0,0,0,0,0,96,232,0,0,0,0,93,129,237,16,0,0,0,129,237,44,194,58,0,233,4,0,0,0,13,92,147,150,184,44,194,58,0,3,197,129,192,76,0,0,0,185,226,5,0,0,186,99,177,84,172,48,16,64,10,12,5,0.417,-1,1,129,1
0,0,0,0,0,0,0,0,86709,4194304,4096,4,0,3817472,20480,1024,36864,2048,4194304,8192,4096,2,10,0.167,11,12,11,11,12,11,0,1,1,1,0,0,0.998,3,12,0.998,0.000,0,-1.000,7.951,4.888,2.105,3.401,7.951,235,8,0,80,3,0,0,0,0,0,96,232,0,0,0,0,93,129,237,16,0,0,0,129,237,72,35,58,0,233,4,0,0,0,87,162,202,253,184,72,35,58,0,3,197,129,192,76,0,0,0,185,13,6,0,0,186,157,30,232,102,48,16,64,17,19,5,0.263,-1,1,30,1
1,0,0,0,0,0,0,1,2736720,4194304,4096,5,1,6762496,763904,1024,1943552,0,2097152,8192,4096,2,6,0.250,8,8,8,8,8,8,0,1,1,1,0,0,0.999,0,8,0.999,0.043,0,-1.000,7.948,4.943,3.623,3.722,7.948,235,8,0,36,21,0,0,0,0,0,96,232,0,0,0,0,93,129,237,16,0,0,0,129,237,212,18,103,0,233,4,0,0,0,95,176,160,132,184,212,18,103,0,3,197,129,192,76,0,0,0,185,10,6,0,0,186,101,189,40,45,48,16,64,18,20,5,0.250,-1,1,550,1
0,0,0,0,0,0,0,0,104135,4194304,4096,4,0,3821568,19456,1024,37888,1536,4194304,8192,4096,2,10,0.167,11,12,11,11,12,11,0,1,1,1,0,0,1.000,3,11,1.000,0.000,0,-1.000,7.940,4.900,2.100,3.398,7.940,235,8,0,78,3,0,0,0,0,0,96,232,0,0,0,0,93,129,237,16,0,0,0,129,237,68,57,58,0,233,4,0,0,0,211,58,141,32,184,68,57,58,0,3,197,129,192,76,0,0,0,185,247,5,0,0,186,185,98,168,12,48,16,64,17,19,5,0.263,-1,1,30,1
0,0,0,0,0,0,0,0,95560,4194304,4096,4,0,3817472,19456,1024,34304,1536,4194304,8192,4096,2,10,0.167,11,12,11,11,12,11,0,1,1,1,0,0,1.000,3,11,1.000,0.000,0,-1.000,7.950,4.911,2.077,3.400,7.950,235,8,0,80,3,0,0,0,0,0,96,232,0,0,0,0,93,129,237,16,0,0,0,129,237,136,40,58,0,233,4,0,0,0,213,193,141,253,184,136,40,58,0,3,197,129,192,76,0,0,0,185,0,6,0,0,186,235,225,151,162,48,16,64,16,18,5,0.278,-1,1,30,1
0,0,0,0,0,0,0,0,305536,4194304,4096,4,0,4034560,94208,4096,163840,0,2097152,8192,4096,2,5,0.286,7,7,7,7,7,7,0,1,1,1,0,0,1.000,0,5,1.000,0.073,0,-1.000,7.942,2.733,3.444,3.415,7.942,235,8,0,160,4,0,0,0,0,0,96,232,0,0,0,0,93,129,237,16,0,0,0,129,237,208,114,61,0,233,4,0,0,0,124,165,211,5,184,208,114,61,0,3,197,129,192,76,0,0,0,185,211,5,0,0,186,58,53,224,121,48,16,64,12,14,5,0.357,-1,1,141,1
0,0,0,0,0,0,0,0,164088,4194304,4096,4,0,3887104,67584,1024,43520,0,2097152,8192,4096,2,5,0.286,7,7,7,7,7,7,0,1,1,1,0,0,0.998,0,7,0.998,0.062,0,-1.000,7.950,4.746,3.333,3.444,7.950,235,8,0,248,3,0,0,0,0,0,96,232,0,0,0,0,93,129,237,16,0,0,0,129,237,148,51,59,0,233,4,0,0,0,105,182,254,146,184,148,51,59,0,3,197,129,192,76,0,0,0,185,244,5,0,0,186,95,228,58,239,48,16,64,10,12,5,0.417,-1,1,165,1
0,0,0,0,0,0,0,1,3240184,4194304,4096,5,0,7090176,1161216,1024,2016256,0,2097152,8192,4096,2,5,0.286,7,7,7,7,7,7,0,1,1,1,0,0,0.997,0,7,0.997,0.072,0,-1.000,7.950,5.728,3.665,3.614,7.950,235,8,0,24,22,0,0,0,0,0,96,232,0,0,0,0,93,129,237,16,0,0,0,129,237,200,15,108,0,233,4,0,0,0,36,207,139,199,184,200,15,108,0,3,197,129,192,76,0,0,0,185,223,5,0,0,186,162,134,166,186,48,16,64,12,14,5,0.357,-1,1,755,1
1,0,0,0,0,0,0,1,121485,4194304,4096,5,0,3837952,19968,1024,36864,0,2097152,8192,4096,2,6,0.250,8,8,8,8,8,8,0,1,1,1,0,0,0.998,0,8,0.998,0.021,0,-1.000,7.949,3.868,3.370,3.430,7.949,235,8,0,148,3,0,0,0,0,0,96,232,0,0,0,0,93,129,237,16,0,0,0,129,237,156,116,58,0,233,4,0,0,0,91,122,16,179,184,156,116,58,0,3,197,129,192,76,0,0,0,185,227,5,0,0,186,1,215,14,142,48,16,64,12,14,5,0.357,-1,1,43,1
0,0,0,0,0,0,0,0,92381,4194304,4096,4,0,3821568,16896,1024,32768,1536,4194304,8192,4096,2,10,0.167,11,12,11,11,12,11,0,1,1,1,0,0,0.998,3,12,0.998,0.000,0,-1.000,7.949,4.892,2.096,3.390,7.949,235,8,0,78,3,0,0,0,0,0,96,232,0,0,0,0,93,129,237,16,0,0,0,129,237,180,51,58,0,233,4,0,0,0,42,110,124,134,184,180,51,58,0,3,197,129,192,76,0,0,0,185,5,6,0,0,186,56,254,92,174,48,16,64,17,19,5,0.263,-1,1,30,1
0,0,0,0,0,0,0,1,290116,4194304,4096,5,1,4038656,86528,1024,189952,0,2097152,8192,4096,2,5,0.286,7,7,7,7,7,7,0,1,1,1,0,0,0.997,0,7,0.997,0.072,0,-1.000,7.950,4.040,3.471,3.500,7.950,235,8,0,248,4,0,0,0,0,0,96,232,0,0,0,0,93,129,237,16,0,0,0,129,237,28,126,61,0,233,4,0,0,0,223,216,17,253,184,28,126,61,0,3,197,129,192,76,0,0,0,185,251,5,0,0,186,229,177,9,153,48,16,64,10,12,5,0.417,-1,1,19,1
1,0,0,0,0,0,0,1,46090,4194304,8192,4,0,3817472,4096,8192,17408,0,2097152,8192,8192,2,4,0.333,6,6,6,6,6,6,0,1,1,1,0,0,0.994,1,6,0.994,0.000,0,-1.000,7.944,5.614,2.306,3.377,7.944,235,8,0,114,3,0,0,0,0,0,96,232,0,0,0,0,93,129,237,16,0,0,0,129,237,204,17,58,0,233,4,0,0,0,240,74,71,105,184,204,17,58,0,3,197,129,192,76,0,0,0,185,7,6,0,0,186,142,125,201,152,48,16,64,8,10,5,0.500,-1,1,34,1
0,0,0,0,0,0,0,1,0,4194304,4096,5,1,3809280,5632,1024,25600,0,2097152,8192,4096,2,6,0.250,8,8,8,8,8,8,0,1,1,1,0,0,0.999,1,8,0.999,0.000,0,-1.000,7.941,3.455,3.265,3.364,7.941,235,8,0,106,3,0,0,0,0,0,96,232,0,0,0,0,93,129,237,16,0,0,0,129,237,128,5,58,0,233,4,0,0,0,122,90,76,76,184,128,5,58,0,3,197,129,192,76,0,0,0,185,3,6,0,0,186,8,146,39,248,48,16,64,7,9,5,0.556,-1,1,34,1
0,0,0,0,0,0,0,0,0,4194304,4096,4,0,3801088,8192,4096,20480,0,2097152,8192,4096,2,5,0.286,7,7,7,7,7,7,0,1,1,1,0,0,1.000,1,4,1.000,0.000,0,-1.000,7.946,1.895,3.259,3.406,7.946,235,8,0,112,3,0,0,0,0,0,96,232,0,0,0,0,93,129,237,16,0,0,0,129,237,72,230,57,0,233,4,0,0,0,71,191,119,215,184,72,230,57,0,3,197,129,192,76,0,0,0,185,244,5,0,0,186,13,114,5,224,48,16,64,10,12,5,0.417,-1,1,28,1
0,0,0,0,0,0,0,0,85351,4194304,4096,4,0,4157440,52224,1024,14848,332800,4194304,8192,4096,2,7,0.222,8,9,8,8,9,8,0,1,1,1,0,0,0.999,2,8,1.000,0.000,0,-1.000,7.947,2.927,2.223,3.171,7.947,235,8,0,148,3,0,0,0,0,0,96,232,0,0,0,0,93,129,237,16,0,0,0,129,237,244,85,63,0,233,4,0,0,0,52,252,116,158,184,244,85,63,0,3,197,129,192,76,0,0,0,185,5,6,0,0,186,50,109,198,45,48,16,64,8,10,5,0.500,-1,1,20,1
0,0,0,0,0,0,0,1,6268317,4194304,4096,5,1,10301440,1693696,1024,4558848,0,2097152,8192,4096,2,5,0.286,7,7,7,7,7,7,0,1,1,1,0,0,0.998,0,7,0.998,0.072,0,-1.000,7.942,5.148,3.876,3.886,7.942,235,8,0,236,44,0,0,0,0,0,96,232,0,0,0,0,93,129,237,16,0,0,0,129,237,80,19,157,0,233,4,0,0,0,222,101,162,15,184,80,19,157,0,3,197,129,192,76,0,0,0,185,233,5,0,0,186,204,78,202,203,48,16,64,18,20,5,0.250,-1,1,753,1
0,0,0,0,0,0,0,0,0,4194304,4096,4,0,4018176,155648,1024,82432,0,2097152,8192,4096,2,5,0.286,7,7,7,7,7,7,0,1,1,1,0,0,0.998,0,7,0.998,0.072,0,-1.000,7.947,3.452,3.478,3.425,7.947,235,8,0,188,4,0,0,0,0,0,96,232,0,0,0,0,93,129,237,16,0,0,0,129,237,28,53,61,0,233,4,0,0,0,24,180,234,237,184,28,53,61,0,3,197,129,192,76,0,0,0,185,244,5,0,0,186,118,2,245,177,48,16,64,12,14,5,0.357,-1,1,218,1
0,0,0,0,0,0,0,0,53866,4194304,4096,4,0,3809280,11776,1024,25600,1536,4194304,8192,4096,2,10,0.167,11,12,11,11,12,11,0,1,1,1,0,0,0.997,3,12,0.997,0.000,0,-1.000,7.934,4.875,2.026,3.388,7.934,235,8,0,64,3,0,0,0,0,0,96,232,0,0,0,0,93,129,237,16,0,0,0,129,237,0,0,58,0,233,4,0,0,0,46,117,2,105,184,0,0,58,0,3,197,129,192,76,0,0,0,185,255,5,0,0,186,156,77,32,211,48,16,64,16,18,5,0.278,-1,1,30,1
0,0,0,0,0,0,0,1,485761,4194304,4096,5,0,4648960,199168,1024,244224,0,2097152,8192,4096,2,5,0.286,7,7,7,7,7,7,0,1,1,1,0,0,0.999,0,7,0.999,0.018,0,-1.000,7.946,3.592,3.186,3.222,7.946,235,8,0,2,6,0,0,0,0,0,96,232,0,0,0,0,93,129,237,16,0,0,0,129,237,236,213,70,0,233,4,0,0,0,62,57,129,62,184,236,213,70,0,3,197,129,192,76,0,0,0,185,229,5,0,0,186,44,243,115,21,48,16,64,11,13,5,0.385,-1,1,153,1
1,0,0,0,0,0,0,1,814043,4194304,4096,5,1,4546560,116224,1024,667136,0,2097152,8192,4096,2,6,0.250,8,8,8,8,8,8,0,1,1,1,0,0,1.000,0,7,1.000,0.030,0,-1.000,7.951,3.990,3.195,3.397,7.951,235,8,0,158,6,0,0,0,0,0,96,232,0,0,0,0,93,129,237,16,0,0,0,129,237,140,73,69,0,233,4,0,0,0,220,38,110,7,184,140,73,69,0,3,197,129,192,76,0,0,0,185,250,5,0,0,186,154,215,13,81,48,16,64,10,12,5,0.417,-1,1,22,1
0,0,0,0,0,0,0,0,119888,4194304,4096,4,0,3837952,28160,1024,54784,1536,4194304,8192,4096,2,10,0.167,11,12,11,11,12,11,0,1,1,1,0,0,0.997,3,12,0.997,0.000,0,-1.000,7.951,4.895,2.077,3.410,7.951,235,8,0,96,3,0,0,0,0,0,96,232,0,0,0,0,93,129,237,16,0,0,0,129,237,24,109,58,0,233,4,0,0,0,217,86,164,206,184,24,109,58,0,3,197,129,192,76,0,0,0,185,244,5,0,0,186,79,15,169,175,48,16,64,19,21,5,0.238,-1,1,30,1
1,0,0,0,0,0,0,1,228116,16777216,4096,6,1,4059136,43008,1024,133120,0,524288,16384,4096,2,5,0.286,7,7,7,7,7,7,0,1,1,1,0,0,1.000,1,5,1.000,0.000,0,-1.000,7.954,7.373,3.280,3.473,7.954,235,8,0,80,5,0,0,0,0,0,96,232,0,0,0,0,93,129,237,16,0,0,0,129,237,160,217,61,0,233,4,0,0,0,181,141,168,79,184,160,217,61,0,3,197,129,192,76,0,0,0,185,243,5,0,0,186,203,202,112,198,48,16,64,12,14,5,0.357,-1,1,62,1
0,0,0,0,0,0,0,0,0,4194304,4096,4,0,4009984,145408,1024,80384,0,2097152,8192,4096,2,5,0.286,7,7,7,7,7,7,0,1,1,1,0,0,0.998,0,7,0.998,0.072,0,-1.000,7.938,3.454,3.439,3.423,7.938,235,8,0,170,4,0,0,0,0,0,96,232,0,0,0,0,93,129,237,16,0,0,0,129,237,208,17,61,0,233,4,0,0,0,75,15,47,198,184,208,17,61,0,3,197,129,192,76,0,0,0,185,9,6,0,0,186,113,226,0,182,48,16,64,12,14,5,0.357,-1,1,218,1
1,0,0,0,0,0,0,1,594129,16777216,4096,6,1,4800512,99328,1024,487424,0,524288,16384,4096,2,5,0.286,7,7,7,7,7,7,0,1,1,1,0,0,0.999,0,7,0.999,0.052,0,-1.000,7.948,6.036,3.377,3.494,7.948,235,8,0,66,11,0,0,0,0,0,96,232,0,0,0,0,93,129,237,16,0,0,0,129,237,208,40,73,0,233,4,0,0,0,222,31,236,188,184,208,40,73,0,3,197,129,192,76,0,0,0,185,242,5,0,0,186,204,120,13,159,48,16,64,13,15,5,0.333,-1,1,225,1
0,0,0,0,0,0,0,0,0,4194304,4096,4,0,4284416,339456,1024,136192,0,1048576,262144,4096,2,5,0.286,7,7,7,7,7,7,0,1,1,1,0,0,0.997,0,7,0.997,0.072,0,-1.000,7.951,5.291,3.527,3.480,7.951,235,8,0,116,6,0,0,0,0,0,96,232,0,0,0,0,93,129,237,16,0,0,0,129,237,196,62,65,0,233,4,0,0,0,177,139,140,56,184,196,62,65,0,3,197,129,192,76,0,0,0,185,24,6,0,0,186,103,248,207,8,48,16,64,12,14,5,0.357,-1,1,359,1
1,0,0,0,0,0,0,1,92673,4194304,4096,5,0,3805184,3584,1024,26112,0,2097152,8192,4096,2,6,0.250,8,8,8,8,8,8,0,1,1,1,0,0,0.997,0,7,1.000,0.025,0,-1.000,7.949,3.420,3.261,3.410,7.949,235,8,0,108,3,0,0,0,0,0,96,232,0,0,0,0,93,129,237,16,0,0,0,129,237,72,237,57,0,233,4,0,0,0,238,70,25,168,184,72,237,57,0,3,197,129,192,76,0,0,0,185,249,5,0,0,186,92,201,224,77,48,16,64,12,14,5,0.357,-1,1,43,1
0,0,0,0,0,0,0,0,66614,4194304,4096,4,0,3809280,12288,1024,27136,2048,4194304,8192,4096,2,10,0.167,11,12,11,11,12,11,0,1,1,1,0,0,0.998,3,12,0.998,0.000,0,-1.000,7.949,4.876,2.056,3.393,7.949,235,8,0,66,3,0,0,0,0,0,96,232,0,0,0,0,93,129,237,16,0,0,0,129,237,140,2,58,0,233,4,0,0,0,160,144,163,99,184,140,2,58,0,3,197,129,192,76,0,0,0,185,255,5,0,0,186,190,203,31,181,48,16,64,17,19,5,0.263,-1,1,30,1
1,0,0,0,0,0,0,1,0,4194304,4096,5,1,23343104,10805760,1024,8640000,0,2097152,8192,4096,2,7,0.222,9,9,9,9,9,9,0,1,1,1,0,0,0.998,1,9,0.998,0.000,0,-1.000,7.946,4.628,3.736,4.628,7.946,235,8,0,172,148,0,0,0,0,0,96,232,0,0,0,0,93,129,237,16,0,0,0,129,237,72,17,100,1,233,4,0,0,0,96,121,191,40,184,72,17,100,1,3,197,129,192,76,0,0,0,185,247,5,0,0,186,126,134,247,36,48,16,64,20,22,5,0.227,-1,1,54,1
0,0,0,0,0,0,0,0,1689401,4194304,4096,4,0,5451776,1332224,1024,321536,0,2097152,8192,4096,2,5,0.286,7,7,7,7,7,7,0,1,1,1,0,0,0.996,0,7,0.996,0.072,0,-1.000,7.951,3.944,3.513,3.536,7.951,235,8,0,156,12,0,0,0,0,0,96,232,0,0,0,0,93,129,237,16,0,0,0,129,237,128,11,83,0,233,4,0,0,0,224,128,212,61,184,128,11,83,0,3,197,129,192,76,0,0,0,185,9,6,0,0,186,254,65,177,114,48,16,64,14,16,5,0.312,-1,1,97,1
0,0,0,0,0,0,0,0,0,4194304,4096,4,0,5496832,1122304,1536,90112,0,2097152,16384,4096,2,9,0.182,11,11,11,11,11,11,0,1,1,1,0,0,0.997,3,11,0.997,0.000,0,-1.000,7.908,4.279,1.714,3.654,7.908,235,8,0,238,11,0,0,0,0,0,96,232,0,0,0,0,93,129,237,16,0,0,0,129,237,112,189,83,0,233,4,0,0,0,13,29,69,125,184,112,189,83,0,3,197,129,192,76,0,0,0,185,250,5,0,0,186,99,138,216,30,48,16,64,11,13,5,0.385,-1,1,202,1
0,0,0,0,0,0,0,1,80981,486539264,4096,5,0,3805184,2560,1024,23552,0,4000000,8192,4096,2,5,0.286,7,7,7,7,7,7,0,1,1,1,0,0,0.999,0,7,0.999,0.021,0,-1.000,7.950,4.335,3.106,3.368,7.950,235,8,0,104,3,0,0,0,0,0,96,232,0,0,0,0,93,129,237,16,0,0,0,129,237,0,246,57,0,233,4,0,0,0,222,141,240,202,184,0,246,57,0,3,197,129,192,76,0,0,0,185,235,5,0,0,186,204,54,172,20,48,16,64,9,11,5,0.455,-1,1,44,1
0,0,0,0,0,0,0,0,224466,4194304,4096,4,0,3923968,28672,4096,139264,0,2097152,8192,4096,2,5,0.286,7,7,7,7,7,7,0,1,1,1,0,0,1.000,0,5,1.000,0.073,0,-1.000,7.938,4.004,3.362,3.372,7.938,235,8,0,240,3,0,0,0,0,0,96,232,0,0,0,0,93,129,237,16,0,0,0,129,237,140,196,59,0,233,4,0,0,0,11,125,173,86,184,140,196,59,0,3,197,129,192,76,0,0,0,185,254,5,0,0,186,49,154,63,224,48,16,64,13,15,5,0.333,-1,1,128,1
1,0,0,0,0,0,0,1,69956,4194304,8192,4,0,3842048,8192,8192,27648,0,2097152,8192,8192,2,4,0.333,6,6,6,6,6,6,0,1,1,1,0,0,0.992,1,6,0.992,0.000,0,-1.000,7.937,5.832,2.304,3.380,7.937,235,8,0,162,3,0,0,0,0,0,96,232,0,0,0,0,93,129,237,16,0,0,0,129,237,212,108,58,0,233,4,0,0,0,196,29,233,174,184,212,108,58,0,3,197,129,192,76,0,0,0,185,236,5,0,0,186,66,52,44,108,48,16,64,8,10,5,0.500,-1,1,58,1
0,0,0,0,0,0,0,0,0,4194304,4096,4,0,3792896,12288,4096,28672,0,2097152,8192,4096,2,5,0.286,7,7,7,7,7,7,0,1,1,1,0,0,1.000,0,5,1.000,0.073,0,-1.000,7.943,3.702,3.173,3.371,7.943,235,8,0,144,3,0,0,0,0,0,96,232,0,0,0,0,93,129,237,16,0,0,0,129,237,208,198,57,0,233,4,0,0,0,89,23,121,5,184,208,198,57,0,3,197,129,192,76,0,0,0,185,243,5,0,0,186,207,219,3,59,48,16,64,10,12,5,0.417,-1,1,38,1
0,0,0,0,0,0,0,0,89416,4194304,4096,4,0,3821568,19968,1024,35840,1536,4194304,8192,4096,2,10,0.167,11,12,11,11,12,11,0,1,1,1,0,0,0.996,3,12,0.996,0.000,0,-1.000,7.951,4.894,2.108,3.399,7.951,235,8,0,78,3,0,0,0,0,0,96,232,0,0,0,0,93,129,237,16,0,0,0,129,237,160,42,58,0,233,4,0,0,0,68,1,200,209,184,160,42,58,0,3,197,129,192,76,0,0,0,185,5,6,0,0,186,194,107,252,104,48,16,64,16,18,5,0.278,-1,1,30,1
1,0,0,0,0,0,0,1,51738,16777216,4096,6,1,3784704,16384,1024,9728,0,524288,16384,4096,2,5,0.286,7,7,7,7,7,7,0,1,1,1,0,0,0.997,1,7,0.997,0.000,0,-1.000,7.949,4.411,3.222,3.383,7.949,235,8,0,54,3,0,0,0,0,0,96,232,0,0,0,0,93,129,237,16,0,0,0,129,237,56,157,57,0,233,4,0,0,0,30,155,38,110,184,56,157,57,0,3,197,129,192,76,0,0,0,185,15,6,0,0,186,12,130,69,177,48,16,64,11,13,5,0.385,-1,1,20,1
0,0,0,0,0,0,0,0,108110,4194304,4096,4,0,3821568,20480,1024,37376,1536,4194304,8192,4096,2,10,0.167,11,12,11,11,12,11,0,1,1,1,0,0,0.997,3,12,0.997,0.000,0,-1.000,7.955,4.878,2.106,3.406,7.955,235,8,0,82,3,0,0,0,0,0,96,232,0,0,0,0,93,129,237,16,0,0,0,129,237,104,45,58,0,233,4,0,0,0,22,192,255,103,184,104,45,58,0,3,197,129,192,76,0,0,0,185,249,5,0,0,186,68,222,24,251,48,16,64,17,19,5,0.263,-1,1,30,1
1,0,0,0,0,0,0,1,682666,4194304,4096,5,1,4526080,352768,1024,291328,0,2097152,8192,4096,2,6,0.250,8,8,8,8,8,8,0,1,1,1,0,0,1.000,0,7,1.000,0.028,0,-1.000,7.954,4.556,3.693,3.463,7.954,235,8,0,138,7,0,0,0,0,0,96,232,0,0,0,0,93,129,237,16,0,0,0,129,237,72,249,68,0,233,4,0,0,0,130,110,40,106,184,72,249,68,0,3,197,129,192,76,0,0,0,185,9,6,0,0,186,208,198,238,204,48,16,64,15,17,5,0.294,-1,1,624,1
0,0,0,0,0,0,0,0,0,4194304,4096,5,0,11264000,4730368,1536,2393600,0,2097152,32768,4096,2,12,0.143,12,14,12,12,14,12,0,1,1,1,0,0,0.999,4,14,0.999,0.000,0,-1.000,7.949,5.098,2.063,3.839,7.949,235,8,0,82,45,0,0,0,0,0,96,232,0,0,0,0,93,129,237,16,0,0,0,129,237,232,193,171,0,233,4,0,0,0,119,0,111,60,184,232,193,171,0,3,197,129,192,76,0,0,0,185,248,5,0,0,186,189,79,74,214,48,16,64,15,17,5,0.294,-1,1,471,1
1,0,0,0,0,0,0,1,98864,4194304,4096,5,0,3805184,3072,1024,26112,0,2097152,8192,4096,2,6,0.250,8,8,8,8,8,8,0,1,1,1,0,0,0.996,0,7,1.000,0.025,0,-1.000,7.945,4.179,3.318,3.418,7.945,235,8,0,108,3,0,0,0,0,0,96,232,0,0,0,0,93,129,237,16,0,0,0,129,237,220,234,57,0,233,4,0,0,0,48,167,74,38,184,220,234,57,0,3,197,129,192,76,0,0,0,185,22,6,0,0,186,206,127,199,249,48,16,64,12,14,5,0.357,-1,1,43,1
1,0,0,0,0,0,0,1,725100,4194304,4096,5,1,4489216,116224,1024,558592,0,2097152,8192,4096,2,6,0.250,8,8,8,8,8,8,0,1,1,1,0,0,0.999,0,8,0.999,0.072,0,-1.000,7.956,5.086,3.104,3.541,7.956,235,8,0,214,7,0,0,0,0,0,96,232,0,0,0,0,93,129,237,16,0,0,0,129,237,228,102,68,0,233,4,0,0,0,170,82,0,122,184,228,102,68,0,3,197,129,192,76,0,0,0,185,253,5,0,0,186,184,78,114,56,48,16,64,11,13,5,0.385,-1,1,102,1
1,0,0,0,0,0,0,1,56991,4194304,4096,5,1,3784704,5120,1024,8704,0,2097152,8192,4096,2,7,0.222,9,9,9,9,9,9,0,1,1,1,0,0,0.999,1,9,0.999,0.000,0,-1.000,7.952,5.115,3.197,3.415,7.952,235,8,0,38,3,0,0,0,0,0,96,232,0,0,0,0,93,129,237,16,0,0,0,129,237,144,166,57,0,233,4,0,0,0,141,57,221,167,184,144,166,57,0,3,197,129,192,76,0,0,0,185,227,5,0,0,186,227,82,167,74,48,16,64,14,16,5,0.312,-1,1,8,1
0,0,0,0,0,0,0,0,0,4194304,4096,4,0,4259840,398336,1024,103936,0,2097152,8192,4096,2,5,0.286,7,7,7,7,7,7,0,1,1,1,0,0,1.000,1,6,1.000,0.000,0,-1.000,7.946,3.165,3.261,3.481,7.946,235,8,0,46,6,0,0,0,0,0,96,232,0,0,0,0,93,129,237,16,0,0,0,129,237,252,234,64,0,233,4,0,0,0,160,3,212,125,184,252,234,64,0,3,197,129,192,76,0,0,0,185,11,6,0,0,186,190,6,211,52,48,16,64,8,10,5,0.500,-1,1,8,1
0,0,0,0,0,0,0,0,0,4194304,4096,4,0,3784704,3072,1024,15872,0,2097152,8192,4096,2,5,0.286,7,7,7,7,7,7,0,1,1,1,0,0,0.997,2,7,0.997,0.000,0,-1.000,7.949,5.036,2.905,3.380,7.949,235,8,0,60,3,0,0,0,0,0,96,232,0,0,0,0,93,129,237,16,0,0,0,129,237,144,159,57,0,233,4,0,0,0,170,39,195,89,184,144,159,57,0,3,197,129,192,76,0,0,0,185,254,5,0,0,186,184,27,193,140,48,16,64,7,9,5,0.556,-1,1,36,1
0,0,0,0,0,0,0,0,101938,4194304,4096,4,0,3842048,50688,1024,27136,0,2097152,8192,4096,2,5,0.286,7,7,7,7,7,7,0,1,1,1,0,0,0.999,0,7,0.999,0.072,0,-1.000,7.947,3.600,3.201,3.440,7.947,235,8,0,172,3,0,0,0,0,0,96,232,0,0,0,0,93,129,237,16,0,0,0,129,237,240,136,58,0,233,4,0,0,0,165,232,204,160,184,240,136,58,0,3,197,129,192,76,0,0,0,185,15,6,0,0,186,59,44,227,1,48,16,64,13,15,5,0.333,-1,1,140,1
1,0,0,0,0,0,0,1,118864,4194304,4096,5,1,3858432,18432,1024,48128,0,2097152,8192,4096,2,6,0.250,8,8,8,8,8,8,0,1,1,1,0,0,0.997,0,8,0.997,0.031,0,-1.000,7.947,5.864,3.586,3.407,7.947,235,8,0,176,3,0,0,0,0,0,96,232,0,0,0,0,93,129,237,16,0,0,0,129,237,212,190,58,0,233,4,0,0,0,11,103,87,163,184,212,190,58,0,3,197,129,192,76,0,0,0,185,8,6,0,0,186,49,116,103,59,48,16,64,12,14,5,0.357,-1,1,122,1
0,0,0,0,0,0,0,0,269152,4194304,4096,4,0,4100096,36864,4096,315392,0,2097152,8192,4096,2,5,0.286,7,7,7,7,7,7,0,1,1,1,0,0,1.000,0,5,1.000,0.073,0,-1.000,7.949,3.406,3.325,3.279,7.949,235,8,0,48,4,0,0,0,0,0,96,232,0,0,0,0,93,129,237,16,0,0,0,129,237,88,121,62,0,233,4,0,0,0,169,166,208,37,184,88,121,62,0,3,197,129,192,76,0,0,0,185,20,6,0,0,186,159,90,133,220,48,16,64,9,11,5,0.455,-1,1,54,1
0,0,0,0,0,0,0,0,73496,4194304,4096,4,0,3825664,10752,1024,40960,1536,4194304,8192,4096,2,10,0.167,11,12,11,11,12,11,0,1,1,1,0,0,0.997,3,12,0.997,0.000,0,-1.000,7.945,4.905,2.070,3.422,7.945,235,8,0,130,3,0,0,0,0,0,96,232,0,0,0,0,93,129,237,16,0,0,0,129,237,132,60,58,0,233,4,0,0,0,195,94,131,229,184,132,60,58,0,3,197,129,192,76,0,0,0,185,235,5,0,0,186,41,101,255,171,48,16,64,16,18,5,0.278,-1,1,30,1
0,0,0,0,0,0,0,0,46275,4194304,4096,4,0,3809280,34816,1024,43520,3584,4194304,8192,4096,1,8,0.111,8,9,8,8,9,8,0,1,1,1,0,0,0.996,2,9,0.996,0.000,0,-1.000,7.949,-1.000,2.189,3.389,7.949,235,8,0,92,3,0,0,0,0,0,96,232,0,0,0,0,93,129,237,16,0,0,0,129,237,152,252,57,0,233,4,0,0,0,71,32,88,198,184,152,252,57,0,3,197,129,192,76,0,0,0,185,238,5,0,0,186,13,235,22,136,48,16,64,11,13,5,0.385,-1,1,-1,1
0,0,0,0,0,0,0,0,92300,4194304,4096,4,0,3813376,13824,1024,29184,1536,4194304,8192,4096,2,10,0.167,11,12,11,11,12,11,0,1,1,1,0,0,0.997,3,12,0.997,0.000,0,-1.000,7.951,4.883,2.085,3.388,7.951,235,8,0,70,3,0,0,0,0,0,96,232,0,0,0,0,93,129,237,16,0,0,0,129,237,188,12,58,0,233,4,0,0,0,48,193,129,117,184,188,12,58,0,3,197,129,192,76,0,0,0,185,249,5,0,0,186,206,9,57,148,48,16,64,14,16,5,0.312,-1,1,30,1
1,0,0,0,0,0,0,1,359229,1255145472,4096,6,1,4096000,142848,1024,158720,0,2097152,2072576,4096,2,5,0.286,7,7,7,7,7,7,0,1,1,1,0,0,1.000,1,6,1.000,0.000,0,-1.000,7.944,4.001,3.326,3.374,7.944,235,8,0,210,4,0,0,0,0,0,96,232,0,0,0,0,93,129,237,16,0,0,0,129,237,232,105,62,0,233,4,0,0,0,207,129,247,212,184,232,105,62,0,3,197,129,192,76,0,0,0,185,243,5,0,0,186,85,177,140,247,48,16,64,10,12,5,0.417,-1,1,68,1
1,0,0,0,0,0,0,1,3027784,4194304,4096,5,1,6914048,2148864,1024,899072,0,2097152,8192,4096,2,6,0.250,8,8,8,8,8,8,0,1,1,1,0,0,1.000,0,8,1.000,0.072,0,-1.000,7.951,4.637,3.532,3.912,7.951,235,8,0,206,22,0,0,0,0,0,96,232,0,0,0,0,93,129,237,16,0,0,0,129,237,240,102,105,0,233,4,0,0,0,231,182,189,117,184,240,102,105,0,3,197,129,192,76,0,0,0,185,9,6,0,0,186,173,160,171,117,48,16,64,23,25,5,0.200,-1,1,158,1
0,0,0,0,0,0,0,0,0,4194304,4096,4,0,3874816,61440,1024,50176,0,2097152,8192,4096,2,5,0.286,7,7,7,7,7,7,0,1,1,1,0,0,0.998,0,6,1.000,0.062,0,-1.000,7.946,3.604,3.255,3.453,7.946,235,8,0,240,3,0,0,0,0,0,96,232,0,0,0,0,93,129,237,16,0,0,0,129,237,188,4,59,0,233,4,0,0,0,232,206,196,231,184,188,4,59,0,3,197,129,192,76,0,0,0,185,244,5,0,0,186,198,32,130,0,48,16,64,10,12,5,0.417,-1,1,159,1
0,0,0,0,0,0,0,0,173083,4194304,4096,4,0,3891200,24576,4096,122880,0,2097152,8192,4096,1,4,0.200,5,5,5,5,5,5,0,1,1,1,0,0,1.000,0,3,1.000,0.073,0,-1.000,7.942,-1.000,3.405,3.370,7.942,235,8,0,192,3,0,0,0,0,0,96,232,0,0,0,0,93,129,237,16,0,0,0,129,237,40,72,59,0,233,4,0,0,0,31,51,87,47,184,40,72,59,0,3,197,129,192,76,0,0,0,185,237,5,0,0,186,37,130,41,243,48,16,64,8,10,5,0.500,-1,1,-1,1
0,0,0,0,0,0,0,1,504430,4194304,4096,5,0,4313088,206848,1024,253440,0,2097152,8192,4096,2,5,0.286,7,7,7,7,7,7,0,1,1,1,0,0,0.999,0,6,1.000,0.021,0,-1.000,7.947,3.928,3.237,3.467,7.947,235,8,0,64,6,0,0,0,0,0,96,232,0,0,0,0,93,129,237,16,0,0,0,129,237,112,184,65,0,233,4,0,0,0,160,72,169,122,184,112,184,65,0,3,197,129,192,76,0,0,0,185,250,5,0,0,186,190,195,110,113,48,16,64,11,13,5,0.385,-1,1,180,1
0,0,0,0,0,0,0,0,135896,4194304,4096,4,0,3874816,62464,1024,36352,0,2097152,8192,4096,2,5,0.286,7,7,7,7,7,7,0,1,1,1,0,0,0.997,0,7,0.997,0.062,0,-1.000,7.948,4.125,3.345,3.437,7.948,235,8,0,226,3,0,0,0,0,0,96,232,0,0,0,0,93,129,237,16,0,0,0,129,237,36,254,58,0,233,4,0,0,0,176,114,107,159,184,36,254,58,0,3,197,129,192,76,0,0,0,185,249,5,0,0,186,78,95,71,55,48,16,64,10,12,5,0.417,-1,1,125,1
0,0,0,0,0,0,0,0,140793,4194304,4096,4,0,3862528,47104,1024,40960,0,2097152,8192,4096,2,5,0.286,7,7,7,7,7,7,0,1,1,1,0,0,0.998,0,6,1.000,0.062,0,-1.000,7.947,5.140,3.299,3.435,7.947,235,8,0,208,3,0,0,0,0,0,96,232,0,0,0,0,93,129,237,16,0,0,0,129,237,152,212,58,0,233,4,0,0,0,26,245,50,178,184,152,212,58,0,3,197,129,192,76,0,0,0,185,9,6,0,0,186,168,171,245,116,48,16,64,11,13,5,0.385,-1,1,142,1
1,0,0,0,0,0,0,1,154549,4194304,4096,5,0,3887104,66048,1024,43008,0,2097152,8192,4096,2,6,0.250,8,8,8,8,8,8,0,1,1,1,0,0,0.997,0,8,0.997,0.072,0,-1.000,7.953,3.409,3.148,3.435,7.953,235,8,0,236,3,0,0,0,0,0,96,232,0,0,0,0,93,129,237,16,0,0,0,129,237,56,45,59,0,233,4,0,0,0,64,204,90,45,184,56,45,59,0,3,197,129,192,76,0,0,0,185,216,5,0,0,186,94,158,117,15,48,16,64,8,10,5,0.500,-1,1,74,1
0,0,0,0,0,0,0,0,0,4194304,4096,4,0,3846144,48128,1024,26112,0,2097152,8192,4096,2,5,0.286,7,7,7,7,7,7,0,1,1,1,0,0,0.998,0,7,0.998,0.062,0,-1.000,7.942,3.521,3.127,3.425,7.942,235,8,0,166,3,0,0,0,0,0,96,232,0,0,0,0,93,129,237,16,0,0,0,129,237,228,147,58,0,233,4,0,0,0,56,93,223,65,184,228,147,58,0,3,197,129,192,76,0,0,0,185,1,6,0,0,186,150,134,230,88,48,16,64,11,13,5,0.385,-1,1,144,1
0,0,0,0,0,0,0,0,280941,4194304,4096,4,0,3993600,77824,4096,159744,0,2097152,8192,4096,2,5,0.286,7,7,7,7,7,7,0,1,1,1,0,0,1.000,0,5,1.000,0.073,0,-1.000,7.946,3.041,3.471,3.383,7.946,235,8,0,96,4,0,0,0,0,0,96,232,0,0,0,0,93,129,237,16,0,0,0,129,237,164,210,60,0,233,4,0,0,0,154,197,51,63,184,164,210,60,0,3,197,129,192,76,0,0,0,185,16,6,0,0,186,40,8,30,157,48,16,64,10,12,5,0.417,-1,1,112,1
0,0,0,0,0,0,0,0,0,4194304,4096,4,0,4755456,646656,1024,259584,0,2097152,32768,4096,2,9,0.182,9,11,9,9,11,9,0,1,1,1,0,0,0.999,3,11,0.999,0.000,0,-1.000,7.947,5.021,2.052,3.680,7.947,235,8,0,26,10,0,0,0,0,0,96,232,0,0,0,0,93,129,237,16,0,0,0,129,237,100,116,72,0,233,4,0,0,0,156,150,79,123,184,100,116,72,0,3,197,129,192,76,0,0,0,185,23,6,0,0,186,90,193,71,242,48,16,64,10,12,5,0.417,-1,1,304,1
1,0,0,0,0,0,0,1,0,4194304,8192,4,0,3964928,122368,8192,37376,0,2097152,8192,8192,2,4,0.333,6,6,6,6,6,6,0,1,1,1,0,0,0.994,1,6,0.994,0.000,0,-1.000,7.947,6.644,2.360,3.510,7.947,235,8,0,48,5,0,0,0,0,0,96,232,0,0,0,0,93,129,237,16,0,0,0,129,237,144,84,60,0,233,4,0,0,0,17,59,75,146,184,144,84,60,0,3,197,129,192,76,0,0,0,185,11,6,0,0,186,199,24,182,72,48,16,64,8,10,5,0.500,-1,1,38,1
1,0,0,0,0,0,0,1,133674,4194304,4096,5,0,3985408,48128,1024,171520,0,65536,65536,4096,2,6,0.250,8,8,8,8,8,8,0,1,1,1,0,0,0.999,1,8,0.999,0.000,0,-1.000,7.948,3.394,3.004,3.330,7.948,235,8,0,170,3,0,0,0,0,0,96,232,0,0,0,0,93,129,237,16,0,0,0,129,237,244,181,60,0,233,4,0,0,0,108,194,158,98,184,244,181,60,0,3,197,129,192,76,0,0,0,185,253,5,0,0,186,170,136,235,112,48,16,64,10,12,5,0.417,-1,1,30,1
0,0,0,0,0,0,0,1,318572,4194304,4096,5,0,4067328,237568,1024,55296,0,2097152,8192,4096,2,5,0.286,7,7,7,7,7,7,0,1,1,1,0,0,0.998,0,7,0.998,0.072,0,-1.000,7.953,3.726,3.194,3.478,7.953,235,8,0,30,5,0,0,0,0,0,96,232,0,0,0,0,93,129,237,16,0,0,0,129,237,140,244,61,0,233,4,0,0,0,212,237,217,115,184,140,244,61,0,3,197,129,192,76,0,0,0,185,240,5,0,0,186,210,5,131,158,48,16,64,13,15,5,0.333,-1,1,102,1
1,0,0,0,0,0,0,1,776609,4194304,4096,5,1,4612096,424960,1024,303616,0,2097152,8192,4096,2,6,0.250,8,8,8,8,8,8,0,1,1,1,0,0,0.998,0,8,0.998,0.028,0,-1.000,7.948,4.558,3.837,3.496,7.948,235,8,0,42,8,0,0,0,0,0,96,232,0,0,0,0,93,129,237,16,0,0,0,129,237,192,67,70,0,233,4,0,0,0,243,25,114,43,184,192,67,70,0,3,197,129,192,76,0,0,0,185,245,5,0,0,186,217,44,127,103,48,16,64,15,17,5,0.294,-1,1,624,1
1,0,0,0,0,0,0,1,272847,16777216,4096,6,1,4038656,39936,1024,179712,0,524288,16384,4096,2,5,0.286,7,7,7,7,7,7,0,1,1,1,0,0,1.000,0,6,1.000,0.072,0,-1.000,7.942,4.447,3.265,3.417,7.942,235,8,0,28,5,0,0,0,0,0,96,232,0,0,0,0,93,129,237,16,0,0,0,129,237,156,138,61,0,233,4,0,0,0,220,120,183,194,184,156,138,61,0,3,197,129,192,76,0,0,0,185,217,5,0,0,186,154,217,6,106,48,16,64,15,17,5,0.294,-1,1,161,1
0,0,0,0,0,0,0,1,102949,4194304,4096,5,0,3825664,61440,1024,9216,0,2097152,16384,4096,2,4,0.333,6,6,6,6,6,6,0,1,1,1,0,0,0.999,1,6,0.999,0.000,0,-1.000,7.949,4.159,3.670,3.422,7.949,235,8,0,136,3,0,0,0,0,0,96,232,0,0,0,0,93,129,237,16,0,0,0,129,237,208,70,58,0,233,4,0,0,0,47,79,1,158,184,208,70,58,0,3,197,129,192,76,0,0,0,185,250,5,0,0,186,181,191,120,168,48,16,64,12,14,5,0.357,-1,1,14,1
0,0,0,0,0,0,0,0,102643,4194304,4096,4,0,3842048,9216,1024,57344,1536,4194304,8192,4096,2,10,0.167,11,12,11,11,12,11,0,1,1,1,0,0,0.998,3,12,0.998,0.000,0,-1.000,7.940,4.877,2.088,3.427,7.940,235,8,0,170,3,0,0,0,0,0,96,232,0,0,0,0,93,129,237,16,0,0,0,129,237,140,129,58,0,233,4,0,0,0,150,133,117,182,184,140,129,58,0,3,197,129,192,76,0,0,0,185,15,6,0,0,186,196,39,245,246,48,16,64,15,17,5,0.294,-1,1,30,1
0,0,0,0,0,0,0,0,189185,4194304,4096,4,0,3948544,73216,1024,48640,0,2097152,8192,4096,2,5,0.286,7,7,7,7,7,7,0,1,1,1,0,0,0.999,0,7,0.999,0.023,0,-1.000,7.950,5.027,3.221,3.411,7.950,235,8,0,8,4,0,0,0,0,0,96,232,0,0,0,0,93,129,237,16,0,0,0,129,237,136,37,60,0,233,4,0,0,0,223,10,232,196,184,136,37,60,0,3,197,129,192,76,0,0,0,185,1,6,0,0,186,229,147,196,78,48,16,64,11,13,5,0.385,-1,1,134,1
0,0,0,0,0,0,0,0,25623,4194304,8192,4,0,3784704,7168,8192,2048,0,2097152,8192,8192,2,4,0.333,6,6,6,6,6,6,0,1,1,1,0,0,0.995,1,6,0.995,0.000,0,-1.000,7.948,4.003,2.282,3.370,7.948,235,8,0,60,3,0,0,0,0,0,96,232,0,0,0,0,93,129,237,16,0,0,0,129,237,176,152,57,0,233,4,0,0,0,130,202,247,214,184,176,152,57,0,3,197,129,192,76,0,0,0,185,235,5,0,0,186,208,194,142,31,48,16,64,8,10,5,0.500,-1,1,14,1
1,0,0,0,0,0,0,1,684753,4194304,4096,5,1,4407296,174080,1024,462336,0,2097152,8192,4096,2,6,0.250,8,8,8,8,8,8,0,1,1,1,0,0,0.999,0,7,1.000,0.072,0,-1.000,7.945,3.775,3.508,3.603,7.945,235,8,0,128,7,0,0,0,0,0,96,232,0,0,0,0,93,129,237,16,0,0,0,129,237,56,39,67,0,233,4,0,0,0,41,64,36,0,184,56,39,67,0,3,197,129,192,76,0,0,0,185,244,5,0,0,186,31,88,43,206,48,16,64,10,12,5,0.417,-1,1,96,1
0,0,0,0,0,0,0,0,55853,4194304,4096,4,0,3813376,16384,1024,31744,1536,4194304,8192,4096,2,10,0.167,11,12,11,11,12,11,0,1,1,1,0,0,0.998,3,12,0.998,0.000,0,-1.000,7.943,4.879,2.061,3.393,7.943,235,8,0,78,3,0,0,0,0,0,96,232,0,0,0,0,93,129,237,16,0,0,0,129,237,128,16,58,0,233,4,0,0,0,191,73,228,164,184,128,16,58,0,3,197,129,192,76,0,0,0,185,253,5,0,0,186,197,183,153,230,48,16,64,17,19,5,0.263,-1,1,30,1
0,0,0,0,0,0,0,0,104208,4194304,4096,4,0,3837952,33280,1024,33280,0,2097152,131072,4096,2,6,0.250,8,8,8,8,8,8,0,1,1,1,0,0,0.996,0,8,0.996,0.062,0,-1.000,7.949,3.564,2.379,3.390,7.949,235,8,0,148,3,0,0,0,0,0,96,232,0,0,0,0,93,129,237,16,0,0,0,129,237,160,107,58,0,233,4,0,0,0,174,13,223,7,184,160,107,58,0,3,197,129,192,76,0,0,0,185,229,5,0,0,186,28,50,255,248,48,16,64,9,11,5,0.455,-1,1,81,1
1,0,0,0,0,0,0,1,177326,4194304,4096,5,1,3891200,60928,1024,68608,0,2097152,8192,4096,2,6,0.250,8,8,8,8,8,8,0,1,1,1,0,0,1.000,0,7,1.000,0.072,0,-1.000,7.940,4.274,3.258,3.455,7.940,235,8,0,230,3,0,0,0,0,0,96,232,0,0,0,0,93,129,237,16,0,0,0,129,237,112,74,59,0,233,4,0,0,0,181,72,61,100,184,112,74,59,0,3,197,129,192,76,0,0,0,185,243,5,0,0,186,203,13,47,205,48,16,64,8,10,5,0.500,-1,1,22,1
1,0,0,0,0,0,0,1,86533,4194304,4096,5,0,3805184,3072,1024,26112,0,2097152,8192,4096,2,6,0.250,8,8,8,8,8,8,0,1,1,1,0,0,0.997,0,7,1.000,0.025,0,-1.000,7.942,3.958,3.280,3.410,7.942,235,8,0,108,3,0,0,0,0,0,96,232,0,0,0,0,93,129,237,16,0,0,0,129,237,236,236,57,0,233,4,0,0,0,229,178,4,227,184,236,236,57,0,3,197,129,192,76,0,0,0,185,8,6,0,0,186,123,236,47,252,48,16,64,13,15,5,0.333,-1,1,43,1
1,0,0,0,0,0,0,1,103759,4194304,4096,5,1,3833856,29696,1024,28160,0,2097152,8192,4096,2,6,0.250,8,8,8,8,8,8,0,1,1,1,0,0,0.998,0,8,0.998,0.062,0,-1.000,7.949,3.475,3.255,3.402,7.949,235,8,0,134,3,0,0,0,0,0,96,232,0,0,0,0,93,129,237,16,0,0,0,129,237,148,98,58,0,233,4,0,0,0,222,186,222,231,184,148,98,58,0,3,197,129,192,76,0,0,0,185,240,5,0,0,186,204,155,246,223,48,16,64,8,10,5,0.500,-1,1,26,1
1,0,0,0,0,0,0,0,59473,4194304,4096,4,0,3813376,14848,1024,34816,3072,4194304,8192,4096,2,9,0.182,10,11,10,10,11,10,0,1,1,1,0,0,0.999,2,11,0.999,0.000,0,-1.000,7.952,3.069,2.125,3.374,7.952,235,8,0,76,3,0,0,0,0,0,96,232,0,0,0,0,93,129,237,16,0,0,0,129,237,184,22,58,0,233,4,0,0,0,100,231,146,138,184,184,22,58,0,3,197,129,192,76,0,0,0,185,244,5,0,0,186,226,228,97,115,48,16,64,10,12,5,0.417,-1,1,51,1
0,0,0,0,0,0,0,0,0,4194304,4096,4,0,3829760,45056,4096,32768,0,2097152,8192,4096,2,5,0.286,7,7,7,7,7,7,0,1,1,1,0,0,1.000,0,4,1.000,0.073,0,-1.000,7.943,2.115,3.263,3.383,7.943,235,8,0,176,3,0,0,0,0,0,96,232,0,0,0,0,93,129,237,16,0,0,0,129,237,116,77,58,0,233,4,0,0,0,7,49,140,243,184,116,77,58,0,3,197,129,192,76,0,0,0,185,231,5,0,0,186,205,141,138,176,48,16,64,10,12,5,0.417,-1,1,53,1
0,0,0,0,0,0,0,0,80768,4194304,4096,4,0,3801088,20480,4096,24576,0,2097152,8192,4096,2,5,0.286,7,7,7,7,7,7,0,1,1,1,0,0,1.000,0,4,1.000,0.073,0,-1.000,7.949,5.364,3.273,3.402,7.949,235,8,0,160,3,0,0,0,0,0,96,232,0,0,0,0,93,129,237,16,0,0,0,129,237,180,231,57,0,233,4,0,0,0,94,38,169,121,184,180,231,57,0,3,197,129,192,76,0,0,0,185,234,5,0,0,186,76,27,7,39,48,16,64,11,13,5,0.385,-1,1,31,1
1,0,0,0,0,0,0,1,0,4194304,8192,4,0,3817472,20480,8192,9728,0,2097152,8192,8192,2,4,0.333,6,6,6,6,6,6,0,1,1,1,0,0,0.994,1,6,0.994,0.000,0,-1.000,7.952,5.018,2.258,3.367,7.952,235,8,0,112,3,0,0,0,0,0,96,232,0,0,0,0,93,129,237,16,0,0,0,129,237,144,20,58,0,233,4,0,0,0,34,28,32,187,184,144,20,58,0,3,197,129,192,76,0,0,0,185,20,6,0,0,186,112,187,95,104,48,16,64,8,10,5,0.500,-1,1,30,1
0,0,0,0,0,0,0,0,101204,4194304,4096,4,0,3817472,16896,1024,34304,1536,4194304,8192,4096,2,10,0.167,11,12,11,11,12,11,0,1,1,1,0,0,0.998,3,12,0.998,0.000,0,-1.000,7.950,4.888,2.083,3.396,7.950,235,8,0,72,3,0,0,0,0,0,96,232,0,0,0,0,93,129,237,16,0,0,0,129,237,32,35,58,0,233,4,0,0,0,170,178,233,130,184,32,35,58,0,3,197,129,192,76,0,0,0,185,5,6,0,0,186,184,174,60,110,48,16,64,18,20,5,0.250,-1,1,30,1
0,0,0,0,0,0,0,0,125289,4194304,4096,4,0,3878912,55808,1024,44032,0,2097152,8192,4096,2,5,0.286,7,7,7,7,7,7,0,1,1,1,0,0,0.998,0,7,0.998,0.062,0,-1.000,7.941,4.919,3.282,3.436,7.941,235,8,0,236,3,0,0,0,0,0,96,232,0,0,0,0,93,129,237,16,0,0,0,129,237,200,17,59,0,233,4,0,0,0,168,242,27,244,184,200,17,59,0,3,197,129,192,76,0,0,0,185,1,6,0,0,186,134,158,90,237,48,16,64,10,12,5,0.417,-1,1,160,1
1,0,0,0,0,0,0,1,834864,16777216,4096,6,1,4636672,339456,1024,435712,0,524288,16384,4096,2,5,0.286,7,7,7,7,7,7,0,1,1,1,0,0,0.998,0,6,1.000,0.072,0,-1.000,7.955,6.105,3.175,3.500,7.955,235,8,0,90,8,0,0,0,0,0,96,232,0,0,0,0,93,129,237,16,0,0,0,129,237,172,162,70,0,233,4,0,0,0,220,91,179,135,184,172,162,70,0,3,197,129,192,76,0,0,0,185,5,6,0,0,186,154,4,24,145,48,16,64,16,18,5,0.278,-1,1,311,1
0,0,0,0,0,0,0,0,91040,4194304,4096,4,0,3801088,8192,1024,21504,1536,4194304,8192,4096,2,10,0.167,11,12,11,11,12,11,0,1,1,1,0,0,0.999,3,12,0.999,0.000,0,-1.000,7.952,4.890,2.055,3.394,7.952,235,8,0,60,3,0,0,0,0,0,96,232,0,0,0,0,93,129,237,16,0,0,0,129,237,212,229,57,0,233,4,0,0,0,222,244,196,41,184,212,229,57,0,3,197,129,192,76,0,0,0,185,229,5,0,0,186,204,69,130,42,48,16,64,13,15,5,0.333,-1,1,30,1
1,0,0,0,0,0,0,1,279762,4194304,4096,5,1,4067328,71680,1024,161792,0,2097152,8192,4096,2,6,0.250,8,8,8,8,8,8,0,1,1,1,0,0,1.000,0,7,1.000,0.072,0,-1.000,7.946,6.914,3.400,3.499,7.946,235,8,0,50,5,0,0,0,0,0,96,232,0,0,0,0,93,129,237,16,0,0,0,129,237,64,250,61,0,233,4,0,0,0,14,215,244,128,184,64,250,61,0,3,197,129,192,76,0,0,0,185,17,6,0,0,186,124,220,118,38,48,16,64,10,12,5,0.417,-1,1,69,1
1,0,0,0,0,0,0,1,235329,16777216,4096,6,1,4050944,43008,1024,140288,0,524288,139264,4096,2,5,0.286,7,7,7,7,7,7,0,1,1,1,0,0,0.998,0,7,0.998,0.042,0,-1.000,7.946,7.227,3.231,3.467,7.946,235,8,0,58,5,0,0,0,0,0,96,232,0,0,0,0,93,129,237,16,0,0,0,129,237,48,180,61,0,233,4,0,0,0,113,139,31,200,184,48,180,61,0,3,197,129,192,76,0,0,0,185,245,5,0,0,186,39,242,224,236,48,16,64,14,16,5,0.312,-1,1,85,1
1,0,0,0,0,0,0,1,95879,4194304,4096,5,0,3817472,16896,1024,26624,0,2097152,8192,4096,2,6,0.250,8,8,8,8,8,8,0,1,1,1,0,0,0.998,0,8,0.998,0.062,0,-1.000,7.926,5.592,3.292,3.420,7.926,235,8,0,94,3,0,0,0,0,0,96,232,0,0,0,0,93,129,237,16,0,0,0,129,237,28,36,58,0,233,4,0,0,0,105,0,135,69,184,28,36,58,0,3,197,129,192,76,0,0,0,185,239,5,0,0,186,95,30,26,220,48,16,64,14,16,5,0.312,-1,1,31,1
1,0,0,0,0,0,0,1,126863,16777216,4096,6,1,3969024,9728,1024,102912,0,524288,16384,4096,2,5,0.286,7,7,7,7,7,7,0,1,1,1,0,0,0.999,1,7,0.999,0.000,0,-1.000,7.943,6.622,3.236,3.410,7.943,235,8,0,168,4,0,0,0,0,0,96,232,0,0,0,0,93,129,237,16,0,0,0,129,237,200,119,60,0,233,4,0,0,0,35,43,177,18,184,200,119,60,0,3,197,129,192,76,0,0,0,185,254,5,0,0,186,137,90,71,95,48,16,64,10,12,5,0.417,-1,1,86,1
0,0,0,0,0,0,0,0,185413,4194304,4096,4,0,3903488,24576,4096,126976,0,2097152,8192,4096,2,5,0.286,7,7,7,7,7,7,0,1,1,1,0,0,1.000,0,3,1.000,0.073,0,-1.000,7.929,0.739,3.193,3.367,7.929,235,8,0,224,3,0,0,0,0,0,96,232,0,0,0,0,93,129,237,16,0,0,0,129,237,48,114,59,0,233,4,0,0,0,71,237,228,254,184,48,114,59,0,3,197,129,192,76,0,0,0,185,248,5,0,0,186,13,240,222,238,48,16,64,9,11,5,0.455,-1,1,24,1
0,0,0,0,0,0,0,0,0,4194304,4096,4,0,3993600,23040,1024,120832,1024,2097152,8192,4096,2,6,0.250,7,8,7,7,8,7,0,1,1,1,0,0,0.999,1,8,0.999,0.000,0,-1.000,7.939,5.445,2.865,3.293,7.939,235,8,0,186,3,0,0,0,0,0,96,232,0,0,0,0,93,129,237,16,0,0,0,129,237,48,215,60,0,233,4,0,0,0,71,40,191,42,184,48,215,60,0,3,197,129,192,76,0,0,0,185,22,6,0,0,186,13,179,102,151,48,16,64,9,11,5,0.455,-1,1,86,1
1,0,0,0,0,0,0,1,157809,4194304,4096,5,1,3923968,64512,1024,95744,0,2097152,8192,4096,2,6,0.250,8,8,8,8,8,8,0,1,1,1,0,0,0.997,1,8,0.997,0.000,0,-1.000,7.931,3.118,3.367,3.428,7.931,235,8,0,240,3,0,0,0,0,0,96,232,0,0,0,0,93,129,237,16,0,0,0,129,237,0,190,59,0,233,4,0,0,0,180,220,3,117,184,0,190,59,0,3,197,129,192,76,0,0,0,185,11,6,0,0,186,178,89,78,7,48,16,64,9,11,5,0.455,-1,1,30,1
1,0,0,0,0,0,0,1,1451015,16777216,4096,6,1,5373952,998912,1024,402432,0,524288,162400,4096,2,5,0.286,7,7,7,7,7,7,0,1,1,1,0,0,1.000,0,7,1.000,0.072,0,-1.000,7.950,6.464,3.536,3.605,7.950,235,8,0,102,12,0,0,0,0,0,96,232,0,0,0,0,93,129,237,16,0,0,0,129,237,240,231,81,0,233,4,0,0,0,180,192,154,236,184,240,231,81,0,3,197,129,192,76,0,0,0,185,5,6,0,0,186,178,157,170,60,48,16,64,16,18,6,0.333,-1,1,196,1
1,0,0,0,0,0,0,1,0,4194304,8192,4,0,3809280,27648,8192,6144,0,2097152,8192,8192,2,4,0.333,6,6,6,6,6,6,0,1,1,1,0,0,0.995,1,6,0.995,0.000,0,-1.000,7.949,5.277,2.256,3.385,7.949,235,8,0,126,3,0,0,0,0,0,96,232,0,0,0,0,93,129,237,16,0,0,0,129,237,116,246,57,0,233,4,0,0,0,105,76,25,210,184,116,246,57,0,3,197,129,192,76,0,0,0,185,220,5,0,0,186,95,138,67,110,48,16,64,8,10,5,0.500,-1,1,26,1
1,0,0,0,0,0,0,1,86014,16777216,4096,6,1,3801088,5120,1024,20480,0,524288,16384,4096,2,5,0.286,7,7,7,7,7,7,0,1,1,1,0,0,1.000,1,6,1.000,0.000,0,-1.000,7.952,5.267,3.243,3.378,7.952,235,8,0,94,3,0,0,0,0,0,96,232,0,0,0,0,93,129,237,16,0,0,0,129,237,16,235,57,0,233,4,0,0,0,36,152,140,204,184,16,235,57,0,3,197,129,192,76,0,0,0,185,223,5,0,0,186,162,39,34,164,48,16,64,10,12,5,0.417,-1,1,64,1
0,0,0,0,0,0,0,0,0,4194304,4096,4,0,3772416,13824,1024,5632,0,2097152,8192,4096,2,4,0.333,6,6,6,6,6,6,0,1,1,1,0,0,1.000,1,5,1.000,0.000,0,-1.000,7.951,2.218,3.213,3.385,7.951,235,8,0,46,3,0,0,0,0,0,96,232,0,0,0,0,93,129,237,16,0,0,0,129,237,52,122,57,0,233,4,0,0,0,201,98,108,0,184,52,122,57,0,3,197,129,192,76,0,0,0,185,227,5,0,0,186,191,185,191,67,48,16,64,9,11,5,0.455,-1,1,19,1
0,0,0,0,0,0,0,0,82031,4194304,4096,4,0,3854336,46080,1024,32768,0,2097152,8192,4096,2,5,0.286,7,7,7,7,7,7,0,1,1,1,0,0,0.996,0,6,1.000,0.062,0,-1.000,7.935,3.796,3.289,3.403,7.935,235,8,0,182,3,0,0,0,0,0,96,232,0,0,0,0,93,129,237,16,0,0,0,129,237,248,171,58,0,233,4,0,0,0,142,201,92,148,184,248,171,58,0,3,197,129,192,76,0,0,0,185,242,5,0,0,186,252,138,1,246,48,16,64,12,14,5,0.357,-1,1,142,1
1,0,0,0,0,0,0,1,47805,4194304,4096,5,0,3805184,3072,1024,26112,0,2097152,8192,4096,2,6,0.250,8,8,8,8,8,8,0,1,1,1,0,0,0.999,0,7,1.000,0.025,0,-1.000,7.949,4.493,3.312,3.423,7.949,235,8,0,108,3,0,0,0,0,0,96,232,0,0,0,0,93,129,237,16,0,0,0,129,237,84,245,57,0,233,4,0,0,0,188,223,62,233,184,84,245,57,0,3,197,129,192,76,0,0,0,185,7,6,0,0,186,122,229,178,107,48,16,64,12,14,5,0.357,-1,1,43,1
1,0,0,0,0,0,0,1,47242,4194304,4096,5,0,3805184,3072,1024,26112,0,2097152,8192,4096,2,6,0.250,8,8,8,8,8,8,0,1,1,1,0,0,0.998,0,7,1.000,0.025,0,-1.000,7.944,4.061,3.284,3.412,7.944,235,8,0,108,3,0,0,0,0,0,96,232,0,0,0,0,93,129,237,16,0,0,0,129,237,72,244,57,0,233,4,0,0,0,38,209,82,145,184,72,244,57,0,3,197,129,192,76,0,0,0,185,238,5,0,0,186,212,8,48,250,48,16,64,12,14,5,0.357,-1,1,43,1
0,0,0,0,0,0,0,0,0,4194304,4096,4,0,3842048,65536,4096,28672,0,2097152,8192,4096,2,5,0.286,7,7,7,7,7,7,0,1,1,1,0,0,1.000,1,5,1.000,0.000,0,-1.000,7.949,0.989,3.255,3.402,7.949,235,8,0,208,3,0,0,0,0,0,96,232,0,0,0,0,93,129,237,16,0,0,0,129,237,236,136,58,0,233,4,0,0,0,166,27,140,84,184,236,136,58,0,3,197,129,192,76,0,0,0,185,244,5,0,0,186,84,79,236,98,48,16,64,9,11,5,0.455,-1,1,8,1
1,0,0,0,0,0,0,1,85681,4194304,4096,5,0,3805184,3072,1024,26112,0,2097152,8192,4096,2,6,0.250,8,8,8,8,8,8,0,1,1,1,0,0,0.997,0,7,1.000,0.025,0,-1.000,7.942,4.121,3.297,3.409,7.942,235,8,0,108,3,0,0,0,0,0,96,232,0,0,0,0,93,129,237,16,0,0,0,129,237,56,237,57,0,233,4,0,0,0,157,3,46,215,184,56,237,57,0,3,197,129,192,76,0,0,0,185,232,5,0,0,186,115,142,109,129,48,16,64,12,14,5,0.357,-1,1,43,1
0,0,0,0,0,0,0,0,124765,4194304,4096,4,0,3842048,32768,1024,56320,1536,4194304,8192,4096,2,10,0.167,11,12,11,11,12,11,0,1,1,1,0,0,0.997,3,12,0.997,0.000,0,-1.000,7.944,4.878,2.127,3.406,7.944,235,8,0,96,3,0,0,0,0,0,96,232,0,0,0,0,93,129,237,16,0,0,0,129,237,112,126,58,0,233,4,0,0,0,250,72,135,151,184,112,126,58,0,3,197,129,192,76,0,0,0,185,11,6,0,0,186,136,220,172,158,48,16,64,19,21,5,0.238,-1,1,30,1
0,0,0,0,0,0,0,0,83505,4194304,4096,4,0,3846144,19456,1024,62464,1536,4194304,8192,4096,2,10,0.167,11,12,11,11,12,11,0,1,1,1,0,0,0.998,3,12,0.998,0.000,0,-1.000,7.951,4.887,2.120,3.382,7.951,235,8,0,86,3,0,0,0,0,0,96,232,0,0,0,0,93,129,237,16,0,0,0,129,237,68,147,58,0,233,4,0,0,0,165,16,44,91,184,68,147,58,0,3,197,129,192,76,0,0,0,185,249,5,0,0,186,59,20,110,219,48,16,64,19,21,5,0.238,-1,1,30,1
0,0,0,0,0,0,0,0,52127,4194304,4096,4,0,3813376,11264,1024,25600,1536,4194304,8192,4096,2,10,0.167,11,12,11,11,12,11,0,1,1,1,0,0,0.996,3,12,0.996,0.000,0,-1.000,7.946,4.890,2.063,3.394,7.946,235,8,0,64,3,0,0,0,0,0,96,232,0,0,0,0,93,129,237,16,0,0,0,129,237,144,11,58,0,233,4,0,0,0,13,39,65,11,184,144,11,58,0,3,197,129,192,76,0,0,0,185,252,5,0,0,186,99,132,5,80,48,16,64,16,18,5,0.278,-1,1,30,1
0,0,0,0,0,0,0,0,68625,4194304,4096,4,0,3817472,13312,1024,29184,1536,4194304,8192,4096,2,10,0.167,11,12,11,11,12,11,0,1,1,1,0,0,0.996,3,12,0.996,0.000,0,-1.000,7.947,4.885,2.076,3.391,7.947,235,8,0,66,3,0,0,0,0,0,96,232,0,0,0,0,93,129,237,16,0,0,0,129,237,244,27,58,0,233,4,0,0,0,254,138,104,206,184,244,27,58,0,3,197,129,192,76,0,0,0,185,224,5,0,0,186,236,238,144,136,48,16,64,18,20,5,0.250,-1,1,30,1
0,0,0,0,0,0,0,0,0,4194304,4096,4,0,3874816,56320,1024,45568,0,2097152,8192,4096,2,5,0.286,7,7,7,7,7,7,0,1,1,1,0,0,0.998,0,6,1.000,0.072,0,-1.000,7.954,3.665,3.243,3.421,7.954,235,8,0,222,3,0,0,0,0,0,96,232,0,0,0,0,93,129,237,16,0,0,0,129,237,124,1,59,0,233,4,0,0,0,9,72,112,242,184,124,1,59,0,3,197,129,192,76,0,0,0,185,245,5,0,0,186,255,28,51,244,48,16,64,11,13,5,0.385,-1,1,156,1
0,0,0,0,0,0,0,0,133973,4194304,4096,4,0,3878912,65536,1024,43008,0,2097152,8192,4096,2,5,0.286,7,7,7,7,7,7,0,1,1,1,0,0,0.999,0,6,1.000,0.072,0,-1.000,7.949,3.898,3.147,3.442,7.949,235,8,0,230,3,0,0,0,0,0,96,232,0,0,0,0,93,129,237,16,0,0,0,129,237,152,24,59,0,233,4,0,0,0,115,239,23,221,184,152,24,59,0,3,197,129,192,76,0,0,0,185,2,6,0,0,186,89,6,141,229,48,16,64,11,13,5,0.385,-1,1,160,1
0,0,0,0,0,0,0,0,0,4194304,4096,4,0,3821568,18432,1024,42496,0,2097152,8192,4096,2,5,0.286,7,7,7,7,7,7,0,1,1,1,0,0,0.998,0,6,1.000,0.014,0,-1.000,7.945,5.799,3.363,3.371,7.945,235,8,0,74,3,0,0,0,0,0,96,232,0,0,0,0,93,129,237,16,0,0,0,129,237,84,49,58,0,233,4,0,0,0,134,41,24,183,184,84,49,58,0,3,197,129,192,76,0,0,0,185,17,6,0,0,186,52,170,36,222,48,16,64,11,13,5,0.385,-1,1,31,1
0,0,0,0,0,0,0,0,0,4194304,4096,4,0,4481024,530432,1024,124416,0,2097152,32768,4096,2,9,0.182,9,11,9,9,11,9,0,1,1,1,0,0,0.997,2,11,0.997,0.000,0,-1.000,7.951,3.828,2.101,3.546,7.951,235,8,0,136,7,0,0,0,0,0,96,232,0,0,0,0,93,129,237,16,0,0,0,129,237,236,62,68,0,233,4,0,0,0,167,166,222,203,184,236,62,68,0,3,197,129,192,76,0,0,0,185,248,5,0,0,186,109,10,25,155,48,16,64,10,12,5,0.417,-1,1,217,1
0,0,0,0,0,0,0,0,119154,4194304,4096,4,0,3854336,49152,4096,45056,0,2097152,8192,4096,2,5,0.286,7,7,7,7,7,7,0,1,1,1,0,0,1.000,0,5,1.000,0.073,0,-1.000,7.941,2.954,3.157,3.432,7.941,235,8,0,240,3,0,0,0,0,0,96,232,0,0,0,0,93,129,237,16,0,0,0,129,237,160,171,58,0,233,4,0,0,0,174,187,206,84,184,160,171,58,0,3,197,129,192,76,0,0,0,185,2,6,0,0,186,28,48,151,149,48,16,64,11,13,5,0.385,-1,1,41,1
0,0,0,0,0,0,0,1,0,4194304,4096,5,0,3821568,51712,1024,19968,0,2097152,8192,4096,1,4,0.200,5,5,5,5,5,5,0,1,1,1,0,0,0.999,0,5,0.999,0.072,0,-1.000,7.940,-1.000,3.378,3.405,7.940,235,8,0,140,3,0,0,0,0,0,96,232,0,0,0,0,93,129,237,16,0,0,0,129,237,104,55,58,0,233,4,0,0,0,121,9,44,227,184,104,55,58,0,3,197,129,192,76,0,0,0,185,237,5,0,0,186,239,128,242,221,48,16,64,7,9,5,0.556,-1,1,-1,1
1,0,0,0,0,0,0,1,57223,16777216,4096,6,1,3776512,11776,1024,4096,0,524288,16384,4096,2,5,0.286,7,7,7,7,7,7,0,1,1,1,0,0,0.998,1,7,0.998,0.000,0,-1.000,7.943,4.382,3.206,3.382,7.943,235,8,0,38,3,0,0,0,0,0,96,232,0,0,0,0,93,129,237,16,0,0,0,129,237,172,131,57,0,233,4,0,0,0,12,151,209,192,184,172,131,57,0,3,197,129,192,76,0,0,0,185,10,6,0,0,186,74,76,59,248,48,16,64,10,12,5,0.417,-1,1,20,1
0,0,0,0,0,0,0,0,70524,4194304,4096,4,0,3817472,15360,1024,31232,1536,4194304,8192,4096,2,10,0.167,11,12,11,11,12,11,0,1,1,1,0,0,0.997,3,12,0.997,0.000,0,-1.000,7.955,4.883,2.073,3.399,7.955,235,8,0,70,3,0,0,0,0,0,96,232,0,0,0,0,93,129,237,16,0,0,0,129,237,48,31,58,0,233,4,0,0,0,15,190,172,232,184,48,31,58,0,3,197,129,192,76,0,0,0,185,226,5,0,0,186,149,147,233,250,48,16,64,17,19,5,0.263,-1,1,30,1
0,0,0,0,0,0,0,0,44059,4194304,4096,4,0,3796992,8192,1024,20480,1536,4194304,8192,4096,2,10,0.167,11,12,11,11,12,11,0,1,1,1,0,0,1.000,3,11,1.000,0.000,0,-1.000,7.946,4.886,2.056,3.388,7.946,235,8,0,58,3,0,0,0,0,0,96,232,0,0,0,0,93,129,237,16,0,0,0,129,237,116,216,57,0,233,4,0,0,0,154,244,107,133,184,116,216,57,0,3,197,129,192,76,0,0,0,185,247,5,0,0,186,40,159,242,202,48,16,64,12,14,5,0.357,-1,1,30,1
0,0,0,0,0,0,0,0,48174,4194304,4096,4,0,3772416,8192,4096,12288,0,2097152,8192,4096,2,5,0.286,7,7,7,7,7,7,0,1,1,1,0,0,1.000,0,2,1.000,0.073,0,-1.000,7.942,1.947,3.135,3.396,7.942,235,8,0,112,3,0,0,0,0,0,96,232,0,0,0,0,93,129,237,16,0,0,0,129,237,132,115,57,0,233,4,0,0,0,54,6,123,140,184,132,115,57,0,3,197,129,192,76,0,0,0,185,247,5,0,0,186,100,183,183,248,48,16,64,10,12,5,0.417,-1,1,29,1
1,0,0,0,0,0,0,1,1174185,4194304,4096,6,0,5038080,822784,1024,321536,0,2097152,8192,4096,2,6,0.250,8,8,8,8,8,8,0,1,1,1,0,0,1.000,0,6,1.000,0.028,0,-1.000,7.949,2.761,3.882,3.534,7.949,235,8,0,12,11,0,0,0,0,0,96,232,0,0,0,0,93,129,237,16,0,0,0,129,237,240,201,76,0,233,4,0,0,0,38,119,215,165,184,240,201,76,0,3,197,129,192,76,0,0,0,185,231,5,0,0,186,212,62,20,51,48,16,64,14,16,5,0.312,-1,1,106,1
0,0,0,0,0,0,0,0,53467,4194304,4096,4,0,3809280,10240,1024,24576,1536,4194304,8192,4096,2,10,0.167,11,12,11,11,12,11,0,1,1,1,0,0,0.999,3,12,0.999,0.000,0,-1.000,7.950,4.893,2.057,3.392,7.950,235,8,0,62,3,0,0,0,0,0,96,232,0,0,0,0,93,129,237,16,0,0,0,129,237,12,5,58,0,233,4,0,0,0,139,91,70,178,184,12,5,58,0,3,197,129,192,76,0,0,0,185,253,5,0,0,186,177,84,113,125,48,16,64,17,19,5,0.263,-1,1,30,1
1,0,0,0,0,0,0,1,0,4194304,8192,4,0,3809280,28160,8192,6144,0,2097152,8192,8192,2,4,0.333,6,6,6,6,6,6,0,1,1,1,0,0,0.994,1,6,0.994,0.000,0,-1.000,7.950,4.672,2.252,3.378,7.950,235,8,0,112,3,0,0,0,0,0,96,232,0,0,0,0,93,129,237,16,0,0,0,129,237,184,244,57,0,233,4,0,0,0,159,50,35,20,184,184,244,57,0,3,197,129,192,76,0,0,0,185,15,6,0,0,186,165,117,129,248,48,16,64,8,10,5,0.500,-1,1,26,1
0,0,0,0,0,0,0,0,85370,4194304,4096,4,0,3801088,9728,1024,22016,1536,4194304,8192,4096,2,10,0.167,11,12,11,11,12,11,0,1,1,1,0,0,1.000,3,11,1.000,0.000,0,-1.000,7.953,4.882,2.069,3.385,7.953,235,8,0,62,3,0,0,0,0,0,96,232,0,0,0,0,93,129,237,16,0,0,0,129,237,96,232,57,0,233,4,0,0,0,108,210,243,205,184,96,232,57,0,3,197,129,192,76,0,0,0,185,252,5,0,0,186,170,24,186,134,48,16,64,12,14,5,0.357,-1,1,30,1
0,0,0,0,0,0,0,1,639394,4194304,4096,5,0,5394432,206336,1024,1424384,0,2097152,8192,4096,2,5,0.286,7,7,7,7,7,7,0,1,1,1,0,0,0.998,0,7,0.998,0.002,0,-1.000,7.950,4.841,3.276,2.976,7.950,235,8,0,44,7,0,0,0,0,0,96,232,0,0,0,0,93,129,237,16,0,0,0,129,237,104,52,82,0,233,4,0,0,0,50,147,175,230,184,104,52,82,0,3,197,129,192,76,0,0,0,185,237,5,0,0,186,0,220,76,77,48,16,64,10,12,5,0.417,-1,1,68,1
0,0,0,0,0,0,0,0,38708,4194304,4096,4,0,3805184,9216,1024,21504,1536,4194304,8192,4096,2,10,0.167,11,12,11,11,12,11,0,1,1,1,0,0,0.997,3,12,0.997,0.000,0,-1.000,7.949,4.872,2.066,3.388,7.949,235,8,0,60,3,0,0,0,0,0,96,232,0,0,0,0,93,129,237,16,0,0,0,129,237,108,239,57,0,233,4,0,0,0,3,184,47,50,184,108,239,57,0,3,197,129,192,76,0,0,0,185,17,6,0,0,186,105,28,6,77,48,16,64,12,14,5,0.357,-1,1,30,1
1,0,0,0,0,0,0,1,2470825,4194304,4096,5,1,8130560,301056,1024,4031488,0,2097152,8192,4096,2,6,0.250,8,8,8,8,8,8,0,1,1,1,0,0,0.998,1,8,0.998,0.000,0,-1.000,7.954,4.823,3.477,2.644,7.954,235,8,0,244,13,0,0,0,0,0,96,232,0,0,0,0,93,129,237,16,0,0,0,129,237,24,241,123,0,233,4,0,0,0,8,10,48,203,184,24,241,123,0,3,197,129,192,76,0,0,0,185,23,6,0,0,186,230,230,215,202,48,16,64,13,15,5,0.333,-1,1,271,1
0,0,0,0,0,0,0,0,59437,4194304,4096,4,0,3829760,22528,1024,39424,1536,4194304,8192,4096,2,10,0.167,11,12,11,11,12,11,0,1,1,1,0,0,0.997,3,12,0.997,0.000,0,-1.000,7.945,4.892,2.088,3.397,7.945,235,8,0,86,3,0,0,0,0,0,96,232,0,0,0,0,93,129,237,16,0,0,0,129,237,12,77,58,0,233,4,0,0,0,116,112,98,250,184,12,77,58,0,3,197,129,192,76,0,0,0,185,235,5,0,0,186,114,199,96,31,48,16,64,16,18,5,0.278,-1,1,30,1
0,0,0,0,0,0,0,1,529413,4194304,4096,5,0,4259840,323584,1024,148480,0,2097152,8192,4096,2,5,0.286,7,7,7,7,7,7,0,1,1,1,0,0,1.000,0,6,1.000,0.072,0,-1.000,7.946,4.016,3.298,3.449,7.946,235,8,0,0,6,0,0,0,0,0,96,232,0,0,0,0,93,129,237,16,0,0,0,129,237,236,233,64,0,233,4,0,0,0,193,96,26,120,184,236,233,64,0,3,197,129,192,76,0,0,0,185,233,5,0,0,186,247,70,68,182,48,16,64,14,16,5,0.312,-1,1,282,1
0,0,0,0,0,0,0,0,94232,4194304,4096,4,0,3805184,14848,1024,28672,1536,4194304,8192,4096,2,10,0.167,11,12,11,11,12,11,0,1,1,1,0,0,1.000,3,11,1.000,0.000,0,-1.000,7.945,4.911,2.053,3.392,7.945,235,8,0,74,3,0,0,0,0,0,96,232,0,0,0,0,93,129,237,16,0,0,0,129,237,4,250,57,0,233,4,0,0,0,209,191,68,234,184,4,250,57,0,3,197,129,192,76,0,0,0,185,253,5,0,0,186,135,15,146,60,48,16,64,12,14,5,0.357,-1,1,30,1
0,0,0,0,0,0,0,0,90806,4194304,4096,4,0,3854336,24576,4096,77824,0,2097152,8192,4096,2,5,0.286,7,7,7,7,7,7,0,1,1,1,0,0,1.000,0,4,1.000,0.073,0,-1.000,7.945,2.962,3.182,3.405,7.945,235,8,0,208,3,0,0,0,0,0,96,232,0,0,0,0,93,129,237,16,0,0,0,129,237,188,173,58,0,233,4,0,0,0,42,64,60,208,184,188,173,58,0,3,197,129,192,76,0,0,0,185,25,6,0,0,186,56,128,232,180,48,16,64,10,12,5,0.417,-1,1,49,1
0,0,0,0,0,0,0,0,56328,4194304,4096,4,0,3809280,19456,1024,32768,5632,4194304,8192,4096,1,10,0.091,10,11,10,10,11,10,0,1,1,1,0,0,0.999,2,11,0.999,0.000,0,-1.000,7.944,-1.000,2.096,3.372,7.944,235,8,0,66,3,0,0,0,0,0,96,232,0,0,0,0,93,129,237,16,0,0,0,129,237,112,7,58,0,233,4,0,0,0,77,150,135,72,184,112,7,58,0,3,197,129,192,76,0,0,0,185,13,6,0,0,186,163,97,136,49,48,16,64,9,11,5,0.455,-1,1,-1,1
